league,match_date,round_number,home_team,away_team,home_score,away_score,team,venue,ball_possession,total_shots,shots_on_target,shots_off_target,shots_inside_box,shots_outside_box,blocked_shots,expected_goals,big_chances,big_chances_scored,big_chances_missed,passes,accurate_passes,pass_accuracy_pct,long_balls_total,long_balls_value,long_balls_pct,crosses_total,crosses_value,crosses_pct,dribbles_total,dribbles_value,dribbles_pct,duels,ground_duels_total,ground_duels_value,ground_duels_pct,aerial_duels_total,aerial_duels_value,aerial_duels_pct,total_tackles,tackles,tackles_won,fouls,yellow_cards,offsides,corner_kicks,throw_ins,goal_kicks,free_kicks,clearances,interceptions,recoveries,dispossessed,hit_woodwork,through_balls,total_saves,goalkeeper_saves,big_saves,high_claims,goals_prevented,errors_lead_to_a_goal,errors_lead_to_a_shot,final_third_phase_total,final_third_phase_value,final_third_phase_pct,final_third_entries,touches_in_penalty_area,fouled_in_final_third,attack,attack_pct,ball_safe,ball_safe_pct,dangerous_attack,dangerous_attack_pct,xg_actual
brasileirao_serie_a_2026,2026-08-23,24,Coritiba,Corinthians,2,1,Coritiba,home,36,12,3,7,6,6,2,0.37,,,,314,250,79.6,54,25,46,12,2,17,19,9,47,55,71,38,54,24,14,58,20,20,80,8,2,5,4,17,11,9,55,7,45,3,0,,2,2,,1,-0.23,,0,84,58,69,34,16,1,72,18,70,58,39,24,0.37
brasileirao_serie_a_2026,2026-08-23,24,Coritiba,Corinthians,2,1,Corinthians,away,64,16,3,6,7,9,7,0.6,,,,549,493,89.8,44,33,75,47,3,6,24,12,50,45,71,33,46,23,10,43,13,13,62,9,2,1,14,30,9,8,14,5,38,8,0,,1,1,,0,-1.39,,2,145,115,79,64,28,1,98,21,84,44,68,35,0.6
brasileirao_serie_a_2026,2026-08-23,24,Santos,Mirassol,1,1,Santos,home,64,21,7,7,9,12,7,1.22,1,,1,576,499,86.6,34,17,50,28,4,14,14,7,50,48,88,46,52,19,5,26,26,26,88,9,2,,10,21,3,13,2,24,55,10,0,,2,2,,1,-0.61,,,189,152,80,65,22,7,127,32,85,28,84,40,1.22
brasileirao_serie_a_2026,2026-08-23,24,Santos,Mirassol,1,1,Mirassol,away,36,5,3,2,3,2,0,0.23,0,,0,332,246,74.1,60,20,33,4,2,50,31,16,52,52,88,42,48,19,14,74,17,17,71,13,3,,2,24,10,9,36,18,53,11,0,,6,6,,0,0.02,,,61,31,51,47,7,0,92,24,109,64,27,12,0.23
brasileirao_serie_a_2026,2026-08-23,24,Chapecoense,São Paulo,1,0,Chapecoense,home,23,13,4,2,9,4,7,0.6,1,1,0,235,167,71.1,61,25,41,15,5,33,6,5,83,46,58,27,47,32,14,44,15,15,80,17,3,0,7,16,13,7,42,12,44,6,0,,4,4,1,5,0.89,,0,53,29,55,29,17,0,65,21,74,57,28,22,0.57
brasileirao_serie_a_2026,2026-08-23,24,Chapecoense,São Paulo,1,0,São Paulo,away,77,21,4,10,12,9,7,1.13,2,0,2,789,707,89.6,41,27,66,36,9,25,13,8,62,54,58,31,53,31,17,55,7,7,71,7,1,2,3,34,6,17,19,5,44,10,1,,3,3,1,0,0.64,,1,269,228,85,91,45,3,133,39,110,36,77,25,1.13
brasileirao_serie_a_2026,2026-08-23,24,Vitória,Bahia,0,2,Vitória,home,47,14,2,8,6,8,4,0.46,0,0,0,296,210,70.9,53,18,34,22,9,41,10,2,20,40,77,32,42,31,11,35,20,20,85,13,4,1,7,18,12,10,27,6,41,10,1,,6,6,,,0.45,,,112,62,55,46,23,1,94,27,75,42,43,31,0.46
brasileirao_serie_a_2026,2026-08-23,24,Vitória,Bahia,0,2,Bahia,away,53,28,9,12,17,11,7,4.28,7,2,5,340,278,81.8,47,22,47,20,8,40,28,14,50,60,77,45,58,31,20,65,18,18,72,10,3,1,7,12,12,13,44,8,49,6,1,,2,2,,,0.05,,,117,87,74,50,29,5,81,26,76,38,41,36,4.04
brasileirao_serie_a_2026,2026-08-23,24,Red Bull Bragantino,Grêmio,1,0,Red Bull Bragantino,home,54,27,4,12,15,12,11,2.76,4,,4,460,412,89.6,41,28,68,37,6,16,20,14,70,60,62,37,60,23,14,61,14,14,57,9,2,1,8,23,8,12,25,9,44,9,0,,1,1,1,,0.08,,0,186,154,83,68,35,3,103,26,68,36,88,38,2.76
brasileirao_serie_a_2026,2026-08-23,24,Red Bull Bragantino,Grêmio,1,0,Grêmio,away,46,14,1,8,8,6,5,0.53,0,,0,408,341,83.6,65,24,37,18,4,22,8,1,13,40,62,25,40,23,9,39,15,15,73,12,3,1,5,10,17,9,36,6,41,7,0,,2,2,2,,0.07,,1,98,60,61,53,15,3,65,16,90,57,35,27,0.53
brasileirao_serie_a_2026,2026-08-23,24,Palmeiras,Vasco da Gama,4,1,Palmeiras,home,57,13,5,4,7,6,4,1.74,3,2,1,551,481,87.3,45,17,38,16,2,13,16,8,50,52,84,46,55,26,11,42,18,18,83,8,1,1,5,24,9,20,11,7,43,15,1,0,3,3,1,,0.95,,,108,75,69,49,17,4,70,26,66,39,38,35,1.65
brasileirao_serie_a_2026,2026-08-23,24,Palmeiras,Vasco da Gama,4,1,Vasco da Gama,away,43,12,4,5,8,4,3,2.15,3,1,2,407,349,85.7,32,10,31,13,1,8,21,8,38,48,84,38,45,26,15,58,23,23,61,21,3,2,3,19,8,8,37,9,46,5,0,1,1,1,0,,-1.38,,,102,73,72,50,14,2,63,25,58,46,34,29,1.62
brasileirao_serie_a_2026,2026-08-22,24,Cruzeiro,Flamengo,2,1,Cruzeiro,home,48,24,6,11,11,13,7,1.05,0,0,0,497,439,88.3,24,10,42,24,8,33,22,14,64,50,71,37,52,17,7,41,16,16,63,13,3,1,3,25,9,7,14,12,51,6,0,0,2,2,0,0,-0.65,,1,160,130,81,69,28,2,112,26,77,37,72,37,1.09
brasileirao_serie_a_2026,2026-08-22,24,Cruzeiro,Flamengo,2,1,Flamengo,away,52,14,3,6,9,5,5,1.24,2,1,1,562,505,89.9,45,29,64,11,3,27,14,8,57,50,71,34,48,17,10,59,14,14,71,7,1,0,3,8,14,13,26,10,50,10,0,2,4,4,1,1,-0.2,,0,143,116,81,51,27,1,106,27,100,51,56,22,1.24
brasileirao_serie_a_2026,2026-08-22,24,Internacional,Atlético Mineiro,0,0,Internacional,home,52,23,3,9,14,9,11,1.2,0,,0,445,371,83.4,42,17,40,24,10,42,11,4,36,43,74,35,47,30,10,33,18,18,50,18,5,2,6,26,3,15,21,6,45,7,0,,4,4,4,,0.53,,1,129,84,65,67,29,6,126,34,89,29,59,37,1.13
brasileirao_serie_a_2026,2026-08-22,24,Internacional,Atlético Mineiro,0,0,Atlético Mineiro,away,48,11,5,4,8,3,2,0.84,1,,1,413,333,80.6,62,27,44,14,4,29,16,10,63,57,74,39,53,30,20,67,14,14,57,15,3,1,5,21,10,18,45,8,37,12,0,,3,3,0,,0.14,,0,69,45,65,34,15,0,95,25,109,54,28,21,0.83
brasileirao_serie_a_2026,2026-08-22,24,Fluminense,Remo,2,1,Fluminense,home,73,20,9,7,12,8,4,1.24,2,2,,713,664,93.1,22,17,77,28,7,25,16,9,56,62,52,31,60,29,19,66,12,12,50,10,1,5,11,11,7,10,15,13,42,3,0,0,0,0,0,,-0.25,,,191,165,86,72,26,4,100,28,77,38,61,34,1.24
brasileirao_serie_a_2026,2026-08-22,24,Fluminense,Remo,2,1,Remo,away,27,7,1,3,4,3,3,0.34,1,1,,268,204,76.1,38,13,34,8,1,13,10,3,30,38,52,21,40,29,10,34,10,10,60,10,1,1,2,15,9,10,32,12,38,5,0,1,7,7,3,,-0.63,,,68,39,57,33,10,0,60,30,75,56,19,14,0.37
brasileirao_serie_a_2026,2026-08-17,23,Internacional,Remo,1,1,Internacional,home,39,11,3,6,7,4,2,1.39,4,1,3,336,239,71.1,69,19,28,14,2,14,11,6,55,48,71,35,49,25,11,44,19,19,63,13,1,2,4,29,10,12,26,6,42,9,0,2,2,2,0,0,-0.68,,0,139,87,63,57,24,2,,,,,,,1.39
brasileirao_serie_a_2026,2026-08-17,23,Internacional,Remo,1,1,Remo,away,61,12,3,7,6,6,2,0.9,1,0,1,524,450,85.9,45,16,36,17,3,18,17,10,59,52,71,36,51,25,14,56,14,14,64,12,4,2,5,22,13,13,24,17,38,12,0,0,2,2,1,1,-0.15,,2,112,77,69,63,12,3,,,,,,,0.9
brasileirao_serie_a_2026,2026-08-16,23,Corinthians,Cruzeiro,1,2,Corinthians,home,53,20,6,5,11,9,9,1.36,1,0,1,457,394,86.2,36,16,44,24,9,38,10,8,80,59,75,45,60,20,11,55,23,23,57,16,1,0,3,22,6,14,23,9,48,8,1,1,4,4,1,2,-0.04,0,,115,88,77,52,23,2,109,29,80,41,58,30,1.36
brasileirao_serie_a_2026,2026-08-16,23,Corinthians,Cruzeiro,1,2,Cruzeiro,away,47,15,6,3,10,5,6,1.28,1,1,0,414,339,81.9,57,24,42,15,3,20,16,4,25,41,75,30,40,20,9,45,10,10,80,14,4,3,8,32,6,16,23,10,50,11,1,0,5,5,1,0,0.47,1,,101,69,68,52,21,1,91,29,87,41,51,30,1.28
brasileirao_serie_a_2026,2026-08-16,23,Vitória,Botafogo,1,0,Vitória,home,46,22,4,12,16,6,6,2.22,4,1,3,344,279,81.1,48,22,46,20,3,15,22,13,59,50,97,51,53,29,12,41,21,21,76,19,2,5,8,18,3,17,30,5,68,8,0,,3,3,1,1,1.33,,0,117,81,69,55,35,3,88,18,105,45,64,37,2.27
brasileirao_serie_a_2026,2026-08-16,23,Vitória,Botafogo,1,0,Botafogo,away,54,17,3,4,7,10,10,1.3,2,0,2,401,327,81.5,43,19,44,20,6,30,20,10,50,50,97,46,47,29,17,59,17,17,59,18,3,0,4,17,9,19,34,10,57,11,1,,2,2,0,0,0.1,,3,124,88,71,61,15,3,98,26,99,44,69,30,1.13
brasileirao_serie_a_2026,2026-08-16,23,Mirassol,Flamengo,1,5,Mirassol,home,44,16,5,8,9,7,3,1.15,2,1,1,399,349,87.5,24,11,46,22,7,32,14,6,43,38,65,22,34,14,8,57,12,12,58,12,3,4,4,26,4,4,13,6,34,18,1,0,3,3,0,,-0.66,1,0,128,99,77,41,14,2,49,20,47,44,34,36,1.13
brasileirao_serie_a_2026,2026-08-16,23,Mirassol,Flamengo,1,5,Flamengo,away,56,15,8,2,12,3,5,2.4,6,5,1,540,469,86.9,45,27,60,10,3,30,13,5,38,62,65,43,66,14,6,43,26,26,77,4,0,1,3,13,9,12,25,12,34,4,0,1,3,3,1,,-0.26,0,1,117,92,79,38,34,0,63,21,61,53,35,26,2.41
brasileirao_serie_a_2026,2026-08-16,23,Vasco da Gama,Santos,0,3,Vasco da Gama,home,57,19,3,12,15,4,4,1.04,0,0,0,408,336,82.4,42,20,48,28,6,21,26,10,38,44,74,29,39,34,19,56,9,9,67,14,2,0,4,27,6,11,18,12,53,15,1,1,2,2,0,1,-1.14,1,0,141,106,75,69,30,3,104,35,89,42,65,23,1.04
brasileirao_serie_a_2026,2026-08-16,23,Vasco da Gama,Santos,0,3,Santos,away,43,11,5,5,6,5,1,1.91,5,3,2,325,245,75.4,46,22,48,10,2,20,5,1,20,56,74,45,61,34,15,44,30,30,57,11,0,1,2,29,10,14,40,11,43,5,1,0,4,4,1,0,0.35,0,1,88,53,60,39,8,4,65,22,78,50,30,28,1.92
brasileirao_serie_a_2026,2026-08-16,23,Atlético Mineiro,Grêmio,3,0,Atlético Mineiro,home,51,15,5,6,15,0,4,2.52,5,3,2,480,435,90.6,44,28,64,31,9,29,8,3,38,51,56,28,50,18,10,56,14,14,50,14,3,0,8,22,5,11,17,7,35,6,1,,1,1,0,0,0.06,,,121,101,83,51,30,2,89,22,77,41,53,37,2.52
brasileirao_serie_a_2026,2026-08-16,23,Atlético Mineiro,Grêmio,3,0,Grêmio,away,49,9,1,4,6,3,4,0.41,0,0,0,465,422,90.8,41,19,46,18,3,17,9,3,33,49,56,28,50,18,8,44,11,11,64,11,3,2,6,15,5,14,28,9,32,8,0,,2,2,1,1,-0.61,,,68,43,63,47,8,4,85,20,70,49,38,31,0.41
brasileirao_serie_a_2026,2026-08-16,23,Chapecoense,Bahia,3,3,Chapecoense,home,34,12,3,4,9,3,5,1.25,2,2,,284,229,80.6,51,23,45,19,6,32,8,4,50,47,74,33,45,17,10,59,20,20,45,16,1,2,3,20,14,9,20,7,37,7,0,,3,3,1,0,-1.47,,,72,48,67,35,25,1,53,21,59,49,30,30,1.25
brasileirao_serie_a_2026,2026-08-16,23,Chapecoense,Bahia,3,3,Bahia,away,66,19,4,11,12,7,4,2.43,1,1,,564,515,91.3,35,17,49,26,7,27,30,15,50,53,74,41,55,17,7,41,11,11,73,9,2,0,5,11,11,15,17,8,41,5,0,,0,0,0,1,-1.83,,,139,112,81,55,26,4,80,29,64,37,43,34,2.43
brasileirao_serie_a_2026,2026-08-16,23,São Paulo,Coritiba,1,1,São Paulo,home,66,19,6,6,11,8,7,1.12,1,0,1,601,522,86.9,35,15,43,33,7,21,16,7,44,46,64,27,42,36,19,53,11,11,73,15,2,0,6,35,6,10,21,9,47,11,1,,0,0,,0,-0.61,,,199,156,78,73,34,4,111,27,81,41,74,32,1.12
brasileirao_serie_a_2026,2026-08-16,23,São Paulo,Coritiba,1,1,Coritiba,away,34,8,1,6,5,3,1,0.41,1,1,0,312,234,75.0,50,18,36,12,3,25,4,3,75,54,64,37,58,36,17,47,20,20,70,10,1,2,3,25,8,15,44,9,42,10,0,,5,5,,1,0.49,,,64,38,59,34,10,2,73,25,90,57,28,18,0.26
brasileirao_serie_a_2026,2026-08-15,23,Athletico,Red Bull Bragantino,1,1,Athletico,home,50,20,7,11,17,3,2,2.63,7,1,6,459,398,86.7,53,27,51,28,8,29,19,9,47,42,57,28,49,28,8,29,12,12,58,7,0,2,8,26,7,8,32,14,48,6,1,2,4,4,0,1,1.13,,0,124,88,71,71,36,1,,,,,,,2.64
brasileirao_serie_a_2026,2026-08-15,23,Athletico,Red Bull Bragantino,1,1,Red Bull Bragantino,away,50,16,5,9,11,5,2,1.25,3,1,2,460,383,83.3,69,36,52,18,6,33,10,6,60,58,57,29,51,28,20,71,16,16,63,8,1,0,5,24,11,7,39,11,45,8,1,2,6,6,1,0,1.31,,1,126,85,67,45,18,1,,,,,,,1.25
brasileirao_serie_a_2026,2026-08-15,23,Fluminense,Palmeiras,3,2,Fluminense,home,60,17,6,8,13,4,3,2.72,5,3,2,486,430,88.5,32,20,63,19,4,21,19,10,53,52,90,47,52,24,12,50,21,21,71,16,4,0,5,11,5,17,27,5,47,9,1,0,5,5,1,,-0.1,,1,147,121,82,46,27,4,91,31,62,35,61,34,2.8
brasileirao_serie_a_2026,2026-08-15,23,Fluminense,Palmeiras,3,2,Palmeiras,away,40,16,7,6,10,6,3,1.68,2,1,1,317,260,82.0,49,28,57,18,6,33,27,11,41,48,90,43,48,24,12,50,18,18,67,17,3,1,5,13,9,16,27,13,38,5,0,1,3,3,1,,-0.57,,0,118,88,75,44,27,6,71,25,63,31,43,44,1.68
brasileirao_serie_a_2026,2026-08-09,22,Flamengo,Vitória,2,0,Flamengo,home,63,20,6,5,12,8,9,1.14,1,,1,667,596,89.4,34,18,53,16,4,25,18,14,78,49,66,34,52,27,12,44,12,12,58,13,1,,8,12,4,8,11,10,51,12,1,2,1,1,,,0.01,,0,254,210,83,73,38,3,76,27,52,32,59,41,1.13
brasileirao_serie_a_2026,2026-08-09,22,Flamengo,Vitória,2,0,Vitória,away,37,7,1,4,3,4,2,0.18,0,,0,399,328,82.2,60,33,55,7,1,14,10,5,50,51,66,32,48,27,15,56,16,16,69,8,1,,1,21,10,13,38,8,47,7,0,0,4,4,,,-0.65,,1,67,44,66,39,4,1,69,27,70,56,25,17,0.18
brasileirao_serie_a_2026,2026-08-09,22,Santos,Athletico,0,2,Santos,home,62,22,2,10,13,9,10,1.64,3,0,3,567,490,86.4,24,12,50,34,9,26,10,6,60,51,61,31,51,13,7,54,14,14,64,12,1,2,10,17,3,11,15,10,49,9,0,1,2,2,,0,0.0,,,168,135,80,59,28,3,,,,,,,1.33
brasileirao_serie_a_2026,2026-08-09,22,Santos,Athletico,0,2,Athletico,away,38,8,4,1,5,3,3,1.16,2,1,1,360,283,78.6,63,25,40,11,1,0,16,5,31,49,61,30,49,13,6,46,13,13,62,11,1,2,2,8,13,12,34,16,49,3,0,1,2,2,,1,0.15,,,88,57,65,56,11,1,,,,,,,1.15
brasileirao_serie_a_2026,2026-08-09,22,Red Bull Bragantino,Corinthians,0,2,Red Bull Bragantino,home,48,10,2,6,3,7,2,0.49,0,0,0,362,290,80.1,60,33,55,26,3,12,14,7,50,57,68,37,54,22,14,64,17,17,71,12,1,4,3,26,6,14,24,6,45,9,0,,2,2,,,-0.12,1,1,114,77,68,62,17,2,97,21,84,46,62,33,0.37
brasileirao_serie_a_2026,2026-08-09,22,Red Bull Bragantino,Corinthians,0,2,Corinthians,away,52,9,4,4,8,1,1,1.32,3,1,2,397,313,78.8,57,24,42,17,5,29,17,6,35,43,68,31,46,22,8,36,16,16,63,14,3,2,2,26,9,12,30,9,44,6,0,,2,2,,,0.21,0,0,121,80,66,60,16,0,95,19,96,56,53,25,1.27
brasileirao_serie_a_2026,2026-08-09,22,Palmeiras,Internacional,0,0,Palmeiras,home,63,22,3,10,13,9,9,1.09,1,,1,549,460,83.8,44,19,43,37,11,30,8,4,50,58,64,36,56,43,26,60,16,16,63,12,1,2,5,23,5,16,12,15,50,5,0,1,2,2,,1,0.15,,,194,153,79,74,29,2,97,28,76,39,63,33,1.19
brasileirao_serie_a_2026,2026-08-09,22,Palmeiras,Internacional,0,0,Internacional,away,37,9,2,4,4,5,3,0.33,0,,0,341,254,74.5,72,30,42,7,2,29,18,8,44,42,64,28,44,43,17,40,9,9,56,16,3,2,2,20,15,12,36,14,44,6,0,0,2,2,,0,0.36,,,105,68,65,58,6,1,104,29,93,60,35,11,0.24
brasileirao_serie_a_2026,2026-08-09,22,Bahia,Vasco da Gama,0,0,Bahia,home,52,11,2,4,8,3,5,0.68,,,,396,322,81.3,53,25,47,17,4,24,19,7,37,49,74,33,45,28,17,61,16,16,69,13,1,3,4,20,7,10,28,20,47,12,0,,3,3,,,0.12,,,99,77,78,37,19,3,84,18,79,50,57,32,0.53
brasileirao_serie_a_2026,2026-08-09,22,Bahia,Vasco da Gama,0,0,Vasco da Gama,away,48,14,3,4,10,4,7,0.64,,,,363,300,82.6,33,18,55,23,6,26,10,4,40,51,74,41,55,28,11,39,24,24,42,10,2,4,6,27,8,13,20,9,39,10,0,,2,2,,,0.24,,,142,100,70,63,28,3,100,33,75,35,67,32,0.65
brasileirao_serie_a_2026,2026-08-09,22,Cruzeiro,Mirassol,3,1,Cruzeiro,home,50,11,3,6,8,3,2,0.9,3,2,1,374,312,83.4,49,29,59,23,5,22,15,5,33,53,73,37,51,23,14,61,16,16,75,14,3,0,4,26,5,18,25,8,36,7,0,1,3,3,,0,0.45,,,103,72,70,52,21,1,73,30,61,42,41,28,0.68
brasileirao_serie_a_2026,2026-08-09,22,Cruzeiro,Mirassol,3,1,Mirassol,away,50,13,4,4,8,5,5,1.55,2,1,1,379,321,84.7,39,19,49,13,3,23,15,6,40,47,73,36,49,23,9,39,17,17,47,18,2,2,1,22,7,13,27,6,41,7,0,0,0,0,,1,-1.23,,,95,74,78,39,17,2,71,26,59,40,34,34,1.31
brasileirao_serie_a_2026,2026-08-09,22,Botafogo,Fluminense,1,1,Botafogo,home,41,22,7,8,11,11,7,1.39,2,0,2,329,279,84.8,28,12,43,20,6,30,25,11,44,44,90,41,46,29,11,38,12,12,58,16,4,0,7,20,5,18,31,7,49,13,0,1,3,3,0,0,-0.25,,0,127,95,75,44,25,4,74,19,63,37,59,44,1.23
brasileirao_serie_a_2026,2026-08-09,22,Botafogo,Fluminense,1,1,Fluminense,away,59,14,4,5,11,3,5,1.0,2,1,1,474,408,86.1,36,12,33,24,9,38,13,7,54,56,90,49,54,29,18,62,27,27,59,18,3,1,7,16,10,16,33,5,43,6,0,0,6,6,1,1,-0.16,,2,123,97,79,49,30,1,86,19,82,51,52,30,0.94
brasileirao_serie_a_2026,2026-08-08,22,Coritiba,Chapecoense,2,1,Coritiba,home,36,15,4,5,10,5,6,1.35,4,2,2,275,214,77.8,50,21,42,20,6,30,7,4,57,50,53,22,42,29,19,66,9,9,89,14,1,1,5,18,8,11,41,10,31,6,1,,2,2,,1,-0.74,,,81,60,74,40,23,0,70,24,66,47,34,29,1.27
brasileirao_serie_a_2026,2026-08-08,22,Coritiba,Chapecoense,2,1,Chapecoense,away,64,12,3,5,4,8,4,0.5,2,1,1,505,428,84.8,62,31,50,28,4,14,12,8,67,50,53,31,58,29,10,34,9,9,78,11,1,1,6,22,9,14,13,3,31,5,0,,2,2,,0,-0.59,,,114,79,69,79,14,1,101,34,80,43,35,23,0.38
brasileirao_serie_a_2026,2026-08-08,22,Remo,Atlético Mineiro,2,2,Remo,home,42,12,4,4,8,4,4,0.7,1,0,,390,331,84.9,42,17,40,20,4,20,8,3,38,42,56,24,43,25,10,40,9,9,67,13,2,2,5,21,6,13,21,11,42,5,0,1,0,0,0,0,-0.55,,0,97,78,80,56,20,2,62,34,55,42,27,24,0.67
brasileirao_serie_a_2026,2026-08-08,22,Remo,Atlético Mineiro,2,2,Atlético Mineiro,away,58,10,2,4,7,3,4,1.12,1,1,,562,494,87.9,49,19,39,15,7,47,13,10,77,58,56,32,57,25,15,60,10,10,100,13,2,1,2,20,6,13,20,6,41,6,0,0,2,2,1,1,-1.25,,1,111,75,68,66,22,0,80,37,66,43,35,20,1.07
brasileirao_serie_a_2026,2026-08-08,22,Grêmio,São Paulo,2,1,Grêmio,home,48,12,5,3,8,4,4,1.45,3,1,2,427,365,85.5,64,37,58,15,4,27,12,7,58,54,59,34,58,25,11,44,9,9,78,12,4,2,7,10,6,19,21,6,37,4,0,,4,4,2,0,0.3,1,0,105,76,72,55,23,2,82,22,78,48,34,30,1.76
brasileirao_serie_a_2026,2026-08-08,22,Grêmio,São Paulo,2,1,São Paulo,away,52,19,4,9,13,6,6,1.94,4,1,4,468,398,85.0,37,14,38,19,9,47,9,4,44,46,59,25,42,25,14,56,9,9,56,19,3,2,7,12,5,12,22,4,39,4,1,,3,3,2,1,0.11,0,2,127,99,78,43,23,1,78,28,73,44,42,28,1.69
brasileirao_serie_a_2026,2026-07-31,21,Coritiba,Cruzeiro,0,1,Coritiba,home,50,19,2,9,7,12,8,1.25,1,0,1,408,338,82.8,52,22,42,24,5,21,10,4,40,51,62,29,47,30,18,60,8,8,50,13,1,1,4,20,9,18,41,10,40,5,0,,3,3,1,0,0.31,,,129,92,71,71,21,0,89,27,92,55,44,18,1.0
brasileirao_serie_a_2026,2026-07-31,21,Coritiba,Cruzeiro,0,1,Cruzeiro,away,50,20,4,8,11,9,8,2.24,3,1,2,413,341,82.6,62,35,56,29,6,21,10,9,90,49,62,33,53,30,12,40,11,11,73,18,1,0,2,18,10,13,31,6,43,7,0,,2,2,0,1,0.11,,,118,86,73,63,25,2,86,20,82,52,47,28,2.32
brasileirao_serie_a_2026,2026-07-30,21,Corinthians,Athletico,0,0,Corinthians,home,52,7,4,2,4,3,1,1.34,3,,3,429,373,86.9,38,21,55,13,2,15,9,3,33,51,67,32,48,14,9,64,14,14,57,16,3,1,6,23,2,16,33,16,34,7,0,1,1,1,0,,0.12,,,86,54,63,54,6,1,,,,,,,1.35
brasileirao_serie_a_2026,2026-07-30,21,Corinthians,Athletico,0,0,Athletico,away,48,4,1,3,3,1,0,0.58,1,,1,403,331,82.1,40,15,38,10,2,20,13,6,46,49,67,35,52,14,5,36,13,13,62,16,4,2,2,24,5,16,18,5,38,7,1,1,4,4,2,,1.15,,,72,38,53,32,8,1,,,,,,,0.67
brasileirao_serie_a_2026,2026-07-30,21,Vitória,Palmeiras,0,4,Vitória,home,32,10,3,4,7,3,3,0.48,0,,0,229,164,71.6,59,27,46,13,5,38,8,6,75,58,60,38,63,29,14,48,18,18,61,10,3,0,6,11,8,15,20,8,38,6,0,,2,2,0,0,-2.36,,,76,40,53,39,13,3,58,16,68,55,25,29,0.49
brasileirao_serie_a_2026,2026-07-30,21,Vitória,Palmeiras,0,4,Palmeiras,away,68,16,5,8,7,9,3,1.39,3,,3,509,466,91.6,23,13,57,12,2,17,14,4,29,42,60,22,37,29,15,52,8,8,75,15,2,2,1,12,1,10,20,1,46,8,1,,3,3,3,2,0.4,,,252,228,90,68,22,4,82,20,58,29,56,51,1.43
brasileirao_serie_a_2026,2026-07-30,21,Fluminense,Bahia,0,0,Fluminense,home,59,25,11,11,14,11,3,2.23,3,,3,537,466,86.8,41,31,76,24,11,46,14,8,57,59,57,34,60,22,13,59,18,18,50,7,1,0,8,22,10,9,16,4,44,5,0,,0,0,,,0.0,,1,173,139,80,51,37,2,88,22,81,43,62,35,2.32
brasileirao_serie_a_2026,2026-07-30,21,Fluminense,Bahia,0,0,Bahia,away,41,10,0,6,4,6,4,0.34,0,,0,383,325,84.9,46,27,59,9,0,0,17,5,29,41,57,23,40,22,9,41,11,11,91,9,1,3,1,14,11,7,24,14,56,6,0,,10,10,,,2.41,,0,103,72,70,48,16,4,58,21,75,49,44,30,0.43
brasileirao_serie_a_2026,2026-07-29,21,Mirassol,Remo,2,1,Mirassol,home,54,8,4,3,5,3,1,1.35,4,1,3,478,409,85.6,44,21,48,16,6,38,25,9,36,43,69,25,36,27,16,59,11,11,73,15,2,3,6,29,10,5,32,19,44,3,0,,1,1,,,-0.61,,,116,74,64,65,18,1,113,23,93,48,57,29,1.47
brasileirao_serie_a_2026,2026-07-29,21,Mirassol,Remo,2,1,Remo,away,46,13,2,9,7,6,2,0.9,1,0,1,392,312,79.6,45,16,36,19,4,21,15,11,73,57,69,44,64,27,11,41,19,19,79,5,2,1,3,30,6,15,22,9,49,7,0,,3,3,,,-0.72,,,92,58,63,46,18,0,112,34,96,49,45,17,0.8
brasileirao_serie_a_2026,2026-07-29,21,Internacional,Flamengo,1,1,Internacional,home,27,16,5,7,12,4,4,1.24,2,0,2,258,197,76.4,43,14,33,13,4,31,6,3,50,61,64,43,67,21,9,43,26,26,54,11,1,2,2,19,6,14,33,12,38,5,0,0,4,4,0,1,0.92,0,0,89,61,69,40,19,3,67,28,72,47,38,25,1.41
brasileirao_serie_a_2026,2026-07-29,21,Internacional,Flamengo,1,1,Flamengo,away,73,14,5,4,10,4,5,1.34,2,1,1,706,645,91.4,41,31,76,28,7,25,14,3,21,39,64,21,33,21,12,57,8,8,63,14,3,0,3,18,6,11,13,8,40,15,0,1,4,4,1,0,-0.14,1,1,218,174,80,98,21,2,136,40,85,33,79,27,1.45
brasileirao_serie_a_2026,2026-07-26,20,Remo,Vitória,2,0,Remo,home,35,15,9,5,5,10,1,0.73,1,1,0,278,214,77.0,47,19,40,21,4,19,15,7,47,46,63,27,43,30,16,53,13,13,69,16,3,1,4,17,9,8,46,8,47,9,1,1,5,5,1,,1.45,0,1,86,63,73,47,11,3,80,28,95,48,34,24,0.79
brasileirao_serie_a_2026,2026-07-26,20,Remo,Vitória,2,0,Vitória,away,65,14,6,7,9,5,1,1.31,2,0,2,508,434,85.4,70,42,60,39,9,23,8,5,63,54,63,36,57,30,14,47,17,17,59,8,1,1,9,29,9,16,23,6,48,10,0,2,7,7,2,,-0.33,1,1,134,92,69,73,28,2,105,29,95,49,57,22,1.17
brasileirao_serie_a_2026,2026-07-26,20,Palmeiras,Atlético Mineiro,1,2,Palmeiras,home,69,21,6,10,13,8,5,1.7,2,0,2,669,593,88.6,29,9,31,33,7,21,7,5,71,48,48,27,56,23,7,30,12,12,75,7,0,,10,22,7,11,19,7,39,3,0,,2,2,,,0.46,1,,299,249,83,90,31,4,86,36,49,22,58,42,2.0
brasileirao_serie_a_2026,2026-07-26,20,Palmeiras,Atlético Mineiro,1,2,Atlético Mineiro,away,31,9,4,4,6,3,1,1.93,4,2,2,307,218,71.0,67,20,30,11,2,18,16,9,56,52,48,21,44,23,16,70,5,5,20,11,3,,5,12,15,7,44,9,46,5,0,,5,5,,,0.63,0,,82,44,54,49,17,2,54,18,59,56,21,26,2.04
brasileirao_serie_a_2026,2026-07-26,20,Red Bull Bragantino,Coritiba,0,0,Red Bull Bragantino,home,56,20,3,11,10,10,6,0.86,,,,406,330,81.3,73,42,58,25,6,24,13,9,69,47,60,25,42,26,15,58,13,13,77,16,4,1,8,20,6,3,20,5,52,5,0,,3,3,,2,0.32,,,135,101,75,49,16,1,113,28,87,43,58,29,0.9
brasileirao_serie_a_2026,2026-07-26,20,Red Bull Bragantino,Coritiba,0,0,Coritiba,away,44,5,3,2,2,3,0,0.4,,,,325,247,76.0,63,19,30,9,1,11,17,10,59,53,60,35,58,26,11,42,9,9,67,3,2,1,1,29,13,16,30,15,39,6,1,,3,3,,0,0.51,,,88,46,52,59,4,2,109,27,94,62,40,11,0.29
brasileirao_serie_a_2026,2026-07-26,20,Grêmio,Fluminense,1,1,Grêmio,home,51,12,5,2,7,5,5,1.28,2,0,2,466,406,87.1,42,24,57,31,5,16,10,6,60,54,41,23,56,13,6,46,8,8,38,12,2,1,9,13,7,9,14,13,39,2,1,1,2,2,0,2,-0.11,,1,133,102,77,64,18,2,94,31,79,39,49,30,1.21
brasileirao_serie_a_2026,2026-07-26,20,Grêmio,Fluminense,1,1,Fluminense,away,49,7,3,3,5,2,1,1.07,1,1,0,476,416,87.4,37,18,49,9,0,0,7,2,29,46,41,18,44,13,7,54,6,6,67,9,4,2,2,14,5,11,27,7,37,3,0,1,4,4,1,2,0.9,,1,135,109,81,56,9,3,82,25,75,49,41,26,1.07
brasileirao_serie_a_2026,2026-07-26,20,Flamengo,São Paulo,1,1,Flamengo,home,54,18,6,12,16,2,1,2.01,5,1,4,510,432,84.7,34,13,38,19,9,47,9,2,22,56,71,37,52,34,22,65,19,19,74,15,1,2,5,30,5,19,22,7,39,12,2,1,0,0,,,-0.63,,,117,90,77,55,27,3,73,26,69,42,43,32,1.98
brasileirao_serie_a_2026,2026-07-26,20,Flamengo,São Paulo,1,1,São Paulo,away,46,4,1,2,3,1,1,0.5,1,1,0,439,353,80.4,45,17,38,11,2,18,9,1,11,44,71,34,48,34,12,35,19,19,74,19,3,2,2,27,9,15,20,12,41,11,0,0,5,5,,,0.58,,,113,76,67,57,12,1,79,26,68,54,36,20,0.57
brasileirao_serie_a_2026,2026-07-26,20,Cruzeiro,Botafogo,0,1,Cruzeiro,home,62,16,6,4,12,4,6,1.5,3,,3,446,381,85.4,40,17,43,25,6,24,16,5,31,49,77,36,47,17,10,59,13,13,62,14,4,2,9,21,9,18,15,9,56,5,0,,3,3,1,,0.18,,,126,86,68,64,34,3,106,33,92,40,56,27,1.56
brasileirao_serie_a_2026,2026-07-26,20,Cruzeiro,Botafogo,0,1,Botafogo,away,38,8,4,2,5,3,2,0.46,1,,1,279,208,74.6,44,12,27,9,2,22,19,11,58,51,77,41,53,17,7,41,16,16,63,18,5,0,1,22,10,14,27,5,54,5,0,,6,6,0,,1.79,,,85,53,62,50,15,2,76,32,87,55,35,13,0.4
brasileirao_serie_a_2026,2026-07-26,20,Bahia,Corinthians,1,1,Bahia,home,60,13,2,8,9,4,3,0.47,,,,474,414,87.3,45,15,33,23,5,22,25,11,44,46,82,41,50,23,7,30,14,14,57,17,2,2,7,20,3,18,16,5,37,6,0,1,1,1,,0,-0.81,,,115,79,69,48,19,3,113,20,100,45,59,35,0.66
brasileirao_serie_a_2026,2026-07-26,20,Bahia,Corinthians,1,1,Corinthians,away,40,5,2,1,2,3,2,0.17,,,,323,258,79.9,35,13,37,4,1,25,9,5,56,54,82,41,50,23,16,70,20,20,45,18,5,1,2,15,12,17,33,2,33,10,0,0,1,1,,1,-0.91,,,77,47,61,41,7,0,90,38,93,52,29,10,0.17
brasileirao_serie_a_2026,2026-07-25,20,Vasco da Gama,Mirassol,1,1,Vasco da Gama,home,58,20,4,6,16,4,10,1.73,2,0,2,477,383,80.3,56,26,46,37,4,11,20,12,60,50,74,35,47,39,21,54,18,18,56,12,1,1,9,15,9,7,26,15,61,5,0,,2,2,0,0,0.21,1,,182,127,70,56,44,1,93,29,67,34,54,37,1.83
brasileirao_serie_a_2026,2026-07-25,20,Vasco da Gama,Mirassol,1,1,Mirassol,away,42,10,3,4,7,3,3,1.21,2,1,1,353,280,79.3,42,15,36,18,4,22,24,14,58,50,74,39,53,39,18,46,13,13,77,7,1,0,5,35,8,12,49,13,52,8,0,,3,3,1,4,1.49,0,,61,37,61,32,16,3,70,21,80,55,35,24,0.84
brasileirao_serie_a_2026,2026-07-25,20,Santos,Chapecoense,2,2,Santos,home,64,21,7,7,11,10,7,1.83,1,1,0,599,534,89.1,29,19,66,35,9,26,16,6,38,54,68,35,51,21,13,62,16,16,50,11,3,1,12,19,3,12,20,6,47,9,1,,2,2,0,,-1.0,,1,238,196,82,91,57,4,90,33,54,23,58,44,1.74
brasileirao_serie_a_2026,2026-07-25,20,Santos,Chapecoense,2,2,Chapecoense,away,36,5,3,1,2,3,1,0.97,2,1,1,338,268,79.3,46,14,30,8,0,0,14,3,21,46,68,33,49,21,8,38,19,19,47,13,4,1,1,12,15,11,42,17,43,5,0,,5,5,2,,-0.07,,0,64,40,63,38,5,2,54,24,64,54,18,22,0.86
brasileirao_serie_a_2026,2026-07-25,20,Athletico,Internacional,2,0,Athletico,home,46,14,3,10,11,3,1,2.8,8,2,6,358,286,79.9,60,31,52,15,6,40,13,5,38,53,61,31,51,33,19,58,19,19,58,13,,2,3,16,10,8,27,4,50,4,1,0,3,3,,0,0.28,0,1,81,55,68,46,17,1,,,,,,,2.92
brasileirao_serie_a_2026,2026-07-25,20,Athletico,Internacional,2,0,Internacional,away,54,13,3,5,9,4,5,1.34,2,0,2,422,327,77.5,73,29,40,13,3,23,14,6,43,47,61,30,49,33,14,42,12,12,67,8,,5,7,27,12,13,17,7,45,11,1,2,1,1,,1,0.06,2,1,94,56,60,59,21,1,,,,,,,1.15
brasileirao_serie_a_2026,2026-07-23,4,Botafogo,Vitória,0,0,Botafogo,home,57,19,6,7,7,12,6,1.34,4,,4,370,304,82.2,43,25,58,35,7,20,27,17,63,55,88,49,56,42,23,55,18,18,67,16,1,,9,18,7,14,26,9,55,10,1,1,1,1,0,,0.1,,0,125,93,74,39,34,2,73,21,61,34,52,45,1.38
brasileirao_serie_a_2026,2026-07-23,4,Botafogo,Vitória,0,0,Vitória,away,43,5,1,2,4,1,2,0.45,1,,1,299,228,76.3,55,27,49,8,5,63,11,4,36,45,88,39,44,42,19,45,20,20,70,14,1,,3,23,11,16,44,8,44,11,0,1,6,6,2,,0.96,,1,65,31,48,43,13,2,74,21,82,60,30,19,0.39
brasileirao_serie_a_2026,2026-07-23,19,Corinthians,Remo,3,0,Corinthians,home,56,15,7,5,10,5,3,1.66,3,2,1,514,450,87.5,45,26,58,14,4,29,17,11,65,56,59,30,51,19,14,74,10,10,70,13,1,4,3,23,7,9,24,8,39,8,1,,0,0,,0,0.0,,,105,79,75,42,18,1,76,15,82,54,50,31,1.67
brasileirao_serie_a_2026,2026-07-23,19,Corinthians,Remo,3,0,Remo,away,44,3,0,2,2,1,1,0.18,0,0,0,397,325,81.9,52,23,44,17,2,12,6,4,67,44,59,29,49,19,5,26,14,14,43,9,1,2,4,16,10,13,13,7,32,8,0,,4,4,,1,-1.41,,,77,43,56,47,9,0,70,18,75,66,36,16,0.17
brasileirao_serie_a_2026,2026-07-23,19,São Paulo,Athletico,1,2,São Paulo,home,70,18,3,7,6,12,8,0.9,1,0,1,630,570,90.5,51,39,76,27,7,26,20,11,55,63,73,48,66,13,6,46,22,22,59,7,0,,7,23,7,15,10,7,34,5,0,,1,1,,1,-0.42,1,,201,171,85,72,25,4,,,,,,,0.94
brasileirao_serie_a_2026,2026-07-23,19,São Paulo,Athletico,1,2,Athletico,away,30,11,3,6,8,3,2,2.05,2,1,1,263,213,81.0,39,20,51,11,5,45,15,4,27,37,73,25,34,13,7,54,14,14,64,15,1,,3,17,10,7,26,9,31,11,2,,2,2,,0,-0.42,0,,82,57,70,44,16,1,,,,,,,1.79
brasileirao_serie_a_2026,2026-07-23,19,Internacional,Cruzeiro,1,2,Internacional,home,47,21,3,11,11,10,7,2.14,3,1,2,341,263,77.1,42,16,38,32,7,22,10,3,30,39,72,26,36,23,11,48,10,10,80,18,1,3,5,19,6,14,16,10,48,14,0,0,3,3,,,0.02,,1,123,85,69,58,31,5,87,30,61,31,49,39,1.74
brasileirao_serie_a_2026,2026-07-23,19,Internacional,Cruzeiro,1,2,Cruzeiro,away,53,13,6,4,9,4,3,1.67,3,1,2,404,322,79.7,49,24,49,12,5,42,13,7,54,61,72,46,64,23,12,52,21,21,57,14,6,5,7,18,12,18,30,8,45,4,0,2,1,1,,,-0.2,,3,113,81,72,46,19,3,80,21,81,46,46,33,1.79
brasileirao_serie_a_2026,2026-07-23,19,Chapecoense,Flamengo,0,4,Chapecoense,home,37,13,3,8,6,7,2,0.94,1,0,1,385,324,84.2,42,23,55,14,4,29,13,6,46,55,56,31,55,22,12,55,17,17,71,9,1,,5,24,5,8,20,8,49,5,0,1,3,3,1,,-2.51,1,1,95,68,72,39,16,2,94,27,79,47,34,26,0.98
brasileirao_serie_a_2026,2026-07-23,19,Chapecoense,Flamengo,0,4,Flamengo,away,63,10,6,3,7,3,1,1.32,5,3,2,683,619,90.6,43,25,58,13,2,15,13,4,31,45,56,25,45,22,10,45,12,12,83,8,0,,3,23,8,9,23,6,43,8,0,3,3,3,2,,0.93,0,2,141,116,82,46,24,2,103,20,98,55,48,25,0.86
brasileirao_serie_a_2026,2026-07-22,19,Coritiba,Palmeiras,1,3,Coritiba,home,52,17,6,8,6,11,3,0.71,0,0,,440,385,87.5,47,28,60,37,6,16,16,7,44,53,71,39,55,29,14,48,18,18,72,10,1,0,8,23,6,16,20,4,43,4,0,,3,3,0,0,-1.05,,1,134,108,81,65,16,6,78,20,59,37,49,43,0.65
brasileirao_serie_a_2026,2026-07-22,19,Coritiba,Palmeiras,1,3,Palmeiras,away,48,14,6,5,6,8,3,0.9,2,2,,436,382,87.6,42,20,48,11,2,18,17,9,53,47,71,32,45,29,15,52,13,13,62,16,3,1,4,16,11,10,31,6,44,10,1,,5,5,4,3,0.01,,0,105,85,81,35,19,1,61,18,68,52,29,30,0.71
brasileirao_serie_a_2026,2026-07-21,19,Atlético Mineiro,Bahia,1,1,Atlético Mineiro,home,50,16,4,8,13,3,4,1.23,2,1,1,399,334,83.7,50,22,44,26,8,31,12,7,58,43,60,27,45,27,10,37,9,9,78,4,0,2,6,29,15,12,24,8,35,16,1,0,3,3,1,0,0.06,1,0,117,88,75,52,26,3,73,18,82,49,53,33,1.33
brasileirao_serie_a_2026,2026-07-21,19,Atlético Mineiro,Bahia,1,1,Bahia,away,50,21,4,12,10,11,5,1.13,3,1,2,406,351,86.5,25,8,32,16,4,25,11,8,73,57,60,33,55,27,17,63,21,21,52,12,2,1,4,17,10,4,26,9,32,6,2,1,3,3,1,1,-0.08,0,1,127,103,81,56,23,1,65,22,64,48,50,30,1.37
brasileirao_serie_a_2026,2026-07-17,19,Mirassol,Grêmio,2,1,Mirassol,home,45,14,3,8,10,4,3,1.43,3,2,1,347,278,80.1,40,17,43,27,7,26,24,14,58,47,92,43,47,27,13,48,20,20,55,14,1,0,5,23,4,9,25,10,56,11,0,3,3,3,0,2,-0.05,,1,118,84,71,60,27,2,84,31,66,37,40,32,1.38
brasileirao_serie_a_2026,2026-07-17,19,Mirassol,Grêmio,2,1,Grêmio,away,55,9,4,3,5,4,2,0.68,1,1,0,452,374,82.7,76,37,49,13,4,31,24,14,58,53,92,49,53,27,14,52,21,21,52,9,3,1,4,20,16,14,33,5,43,10,0,0,1,1,1,0,-0.78,,1,76,42,55,45,18,2,87,16,109,66,33,18,0.52
brasileirao_serie_a_2026,2026-07-17,19,Fluminense,Red Bull Bragantino,1,1,Fluminense,home,67,24,4,12,13,11,8,1.71,3,1,2,577,512,88.7,47,27,57,35,5,14,20,13,65,51,58,31,53,28,13,46,10,10,40,6,2,3,11,23,3,9,16,10,55,9,1,,1,1,,0,0.01,,0,225,181,80,96,44,1,94,33,62,20,60,47,1.53
brasileirao_serie_a_2026,2026-07-17,19,Fluminense,Red Bull Bragantino,1,1,Red Bull Bragantino,away,33,6,2,2,4,2,2,0.89,1,1,0,294,222,75.5,72,37,51,12,2,17,11,6,55,49,58,27,47,28,15,54,16,16,88,9,4,2,4,14,15,6,58,7,48,5,0,,3,3,,1,0.14,,1,104,75,72,59,11,1,70,28,63,49,36,23,0.89
brasileirao_serie_a_2026,2026-07-17,4,Bahia,Chapecoense,2,0,Bahia,home,65,16,6,5,7,9,5,1.42,3,2,1,510,464,91.0,35,17,49,33,6,18,19,10,53,48,77,40,52,25,9,36,13,13,62,17,2,0,10,17,3,16,13,8,33,7,0,,2,2,1,2,0.37,,,138,113,82,49,30,5,70,30,55,34,43,36,1.83
brasileirao_serie_a_2026,2026-07-17,4,Bahia,Chapecoense,2,0,Chapecoense,away,35,10,2,5,6,4,3,0.4,1,0,1,264,221,83.7,32,16,50,19,6,32,9,4,44,52,77,37,48,25,16,64,16,16,63,17,0,2,6,9,6,17,39,8,33,8,0,,4,4,0,0,-0.05,,,69,49,71,37,13,3,47,27,39,47,28,26,0.41
brasileirao_serie_a_2026,2026-07-16,19,Vitória,Vasco da Gama,1,0,Vitória,home,49,14,5,5,8,6,4,0.57,1,1,,376,297,79.0,51,19,37,22,3,14,15,5,33,49,78,42,54,37,14,38,25,25,64,12,,1,3,24,8,15,30,10,50,7,0,,3,3,0,0,0.18,0,2,80,52,65,37,19,2,73,30,69,51,30,19,0.52
brasileirao_serie_a_2026,2026-07-16,19,Vitória,Vasco da Gama,1,0,Vasco da Gama,away,51,13,3,6,7,6,4,0.63,2,0,,389,324,83.3,40,12,30,15,3,20,28,10,36,51,78,36,46,37,23,62,17,17,76,15,,1,2,18,6,12,42,7,55,7,0,,4,4,1,3,0.84,1,1,117,86,74,65,19,0,80,30,74,52,37,18,0.77
brasileirao_serie_a_2026,2026-07-16,19,Botafogo,Santos,2,1,Botafogo,home,48,17,6,5,11,6,6,2.97,4,2,2,375,301,80.3,53,16,30,22,3,14,19,7,37,46,82,41,50,38,14,37,22,22,68,10,4,,5,24,9,13,30,17,44,15,0,1,8,8,0,,0.24,0,0,94,56,60,51,21,1,89,24,71,44,43,32,2.86
brasileirao_serie_a_2026,2026-07-16,19,Botafogo,Santos,2,1,Santos,away,52,22,9,6,16,6,7,2.63,4,0,4,416,331,79.6,41,22,54,14,3,21,18,7,39,54,82,41,50,38,24,63,27,27,70,13,2,,6,19,10,10,41,8,49,11,3,1,4,4,2,,0.05,2,1,118,88,75,39,25,3,72,24,70,40,35,36,2.52
brasileirao_serie_a_2026,2026-05-31,18,Remo,São Paulo,1,0,Remo,home,39,9,2,4,5,4,3,0.79,1,,1,301,253,84.1,40,19,48,23,3,13,7,4,57,61,51,35,69,28,13,46,17,17,82,7,1,2,6,10,9,14,28,10,42,2,1,0,4,4,2,0,0.85,,0,80,52,65,42,7,4,96,28,76,42,55,30,0.76
brasileirao_serie_a_2026,2026-05-31,18,Remo,São Paulo,1,0,São Paulo,away,61,9,4,4,6,3,1,1.09,2,,2,474,414,87.3,41,21,51,21,5,24,14,5,36,39,51,16,31,28,15,54,5,5,100,14,2,0,7,24,7,7,24,2,39,8,0,2,1,1,0,3,-0.75,,1,94,70,74,36,21,2,85,16,95,58,49,26,1.04
brasileirao_serie_a_2026,2026-05-31,18,Cruzeiro,Fluminense,1,1,Cruzeiro,home,61,19,3,10,7,12,6,1.11,3,0,3,586,520,88.7,24,14,58,22,5,23,20,11,55,52,72,35,49,17,11,65,12,12,67,12,2,0,5,17,8,15,12,11,44,7,0,1,4,4,1,0,1.05,,,241,189,78,86,38,5,103,29,61,27,73,44,1.23
brasileirao_serie_a_2026,2026-05-31,18,Cruzeiro,Fluminense,1,1,Fluminense,away,39,10,5,3,8,2,2,0.77,2,1,1,373,310,83.1,49,24,49,8,2,25,12,10,83,48,72,37,51,17,6,35,16,16,63,15,2,2,4,15,14,12,26,12,43,10,0,0,2,2,1,2,-0.64,,,69,50,72,31,16,2,64,20,73,59,28,21,0.69
brasileirao_serie_a_2026,2026-05-31,18,Vasco da Gama,Atlético Mineiro,0,1,Vasco da Gama,home,60,26,8,8,9,17,10,1.29,3,,3,485,421,86.8,28,13,46,33,6,18,16,10,63,55,89,49,55,33,18,55,23,23,78,20,1,1,3,19,2,17,17,5,62,10,1,1,3,3,0,0,-0.3,,,151,115,76,63,24,5,127,34,100,31,71,35,1.27
brasileirao_serie_a_2026,2026-05-31,18,Vasco da Gama,Atlético Mineiro,0,1,Atlético Mineiro,away,40,10,4,3,6,4,3,0.54,1,,1,334,257,76.9,61,26,43,11,3,27,19,6,32,45,89,40,45,33,15,45,16,16,38,17,1,2,4,15,10,20,40,7,62,10,0,0,8,8,1,1,1.39,,,79,50,63,31,19,6,91,24,107,55,39,21,0.49
brasileirao_serie_a_2026,2026-05-31,18,Palmeiras,Chapecoense,1,0,Palmeiras,home,48,13,4,5,9,4,4,0.77,2,1,1,493,427,86.6,33,12,36,11,2,18,18,10,56,48,71,39,55,20,5,25,20,20,70,9,1,,3,14,12,9,21,2,45,5,0,,3,3,,3,0.5,,0,142,107,75,61,19,2,91,22,71,56,49,22,0.65
brasileirao_serie_a_2026,2026-05-31,18,Palmeiras,Chapecoense,1,0,Chapecoense,away,52,15,3,6,6,9,6,1.21,1,0,1,515,465,90.3,51,37,73,26,5,19,21,10,48,52,71,32,45,20,15,75,13,13,85,9,1,,2,15,10,8,16,13,45,9,1,,3,3,,0,-0.09,,1,132,111,84,64,14,2,77,24,71,44,48,32,1.2
brasileirao_serie_a_2026,2026-05-31,18,Red Bull Bragantino,Internacional,3,1,Red Bull Bragantino,home,52,18,7,8,10,8,3,1.88,5,2,3,343,275,80.2,70,44,63,28,8,29,22,12,55,50,83,39,47,40,23,57,11,11,36,19,2,3,6,11,5,16,22,11,53,8,1,0,1,1,0,1,-0.87,,1,130,94,72,62,24,6,97,25,74,32,64,43,1.73
brasileirao_serie_a_2026,2026-05-31,18,Red Bull Bragantino,Internacional,3,1,Internacional,away,48,8,2,3,4,4,3,0.88,1,0,1,322,249,77.3,57,21,37,23,1,4,11,7,64,50,83,44,53,40,17,43,18,18,33,17,4,1,1,21,13,19,28,5,35,7,0,1,5,5,1,3,0.33,,0,119,83,70,61,12,9,98,31,77,41,53,28,0.93
brasileirao_serie_a_2026,2026-05-30,18,Santos,Vitória,3,1,Santos,home,44,5,4,1,3,2,0,0.62,2,1,1,334,242,72.5,41,11,27,2,1,0,8,2,25,41,76,32,42,29,11,38,23,23,57,17,3,0,1,23,11,8,29,12,44,6,0,,8,8,1,,1.89,,1,106,64,60,55,6,0,80,26,92,53,39,21,0.95
brasileirao_serie_a_2026,2026-05-30,18,Santos,Vitória,3,1,Vitória,away,56,22,9,10,12,10,3,0.98,4,1,3,412,330,80.1,49,26,53,25,9,36,29,15,52,59,76,44,58,29,18,62,12,12,67,8,4,2,5,23,2,17,13,12,51,9,1,,1,1,0,,-1.75,,0,134,90,67,65,26,5,104,32,86,34,74,34,1.27
brasileirao_serie_a_2026,2026-05-30,18,Grêmio,Corinthians,1,3,Grêmio,home,41,10,3,3,7,3,4,1.5,3,1,2,295,232,78.6,46,20,43,7,3,43,17,6,35,43,92,41,45,19,7,37,17,17,71,23,3,2,4,11,11,20,21,11,34,9,0,0,6,6,3,1,-0.48,1,2,50,29,58,27,19,0,65,23,75,58,27,19,1.95
brasileirao_serie_a_2026,2026-05-30,18,Grêmio,Corinthians,1,3,Corinthians,away,59,24,9,8,12,12,7,1.89,2,1,1,432,378,87.5,27,16,59,15,6,40,14,8,57,57,92,51,55,19,12,63,20,20,35,20,2,1,8,15,3,23,14,11,37,11,0,1,1,1,0,0,0.06,0,2,134,102,76,54,24,6,89,20,60,31,52,49,1.62
brasileirao_serie_a_2026,2026-05-30,18,Bahia,Botafogo,2,1,Bahia,home,69,24,9,9,20,4,6,2.43,3,1,2,498,432,86.7,31,17,55,48,12,25,24,12,50,54,81,42,52,26,16,62,14,14,71,14,4,2,10,26,6,16,20,6,50,7,1,,4,4,,0,0.79,0,2,181,149,82,72,46,3,118,25,80,30,95,45,2.46
brasileirao_serie_a_2026,2026-05-30,18,Bahia,Botafogo,2,1,Botafogo,away,31,13,6,4,6,7,3,1.05,3,0,3,239,167,69.9,60,18,30,6,2,0,12,8,67,46,81,39,48,26,10,38,19,19,68,16,5,1,4,14,12,14,49,10,51,10,0,,8,8,,1,0.94,1,1,68,38,56,43,13,1,76,19,99,54,43,27,1.04
brasileirao_serie_a_2026,2026-05-30,18,Flamengo,Coritiba,3,0,Flamengo,home,62,21,9,9,8,13,3,1.46,2,2,0,641,588,91.7,29,20,69,21,5,24,14,7,50,48,43,21,49,15,7,47,12,12,42,10,3,,6,16,8,2,18,8,42,3,0,,2,2,0,,0.38,0,0,230,200,87,73,37,1,108,30,72,35,68,35,1.63
brasileirao_serie_a_2026,2026-05-30,18,Flamengo,Coritiba,3,0,Coritiba,away,38,10,2,7,9,1,1,0.83,1,0,1,394,334,84.8,43,16,37,15,4,27,2,2,100,52,43,22,51,15,8,53,9,9,44,2,0,,4,9,11,10,31,5,41,12,0,,6,6,1,,-0.55,1,3,84,64,76,29,12,3,70,19,73,58,36,23,0.83
brasileirao_serie_a_2026,2026-05-30,18,Athletico,Mirassol,1,0,Athletico,home,50,13,2,4,10,3,7,1.15,1,1,0,396,331,83.6,54,29,54,17,6,35,12,8,67,58,67,38,57,23,14,61,21,21,62,11,2,2,6,20,13,11,17,9,42,11,1,,2,2,,0,0.48,,1,118,91,77,51,23,5,,,,,,,1.24
brasileirao_serie_a_2026,2026-05-30,18,Athletico,Mirassol,1,0,Mirassol,away,50,10,2,7,4,6,1,0.56,2,0,2,402,345,85.8,40,21,53,16,2,13,13,5,38,42,67,29,43,23,9,39,15,15,67,11,3,1,4,21,6,11,26,8,45,13,0,,1,1,,3,-0.37,,0,112,85,76,53,12,0,,,,,,,0.53
brasileirao_serie_a_2026,2026-05-25,17,Coritiba,Bahia,3,2,Coritiba,home,44,13,7,3,6,7,3,1.07,2,2,0,336,271,80.7,43,11,26,16,3,19,14,6,43,51,62,32,52,27,13,48,11,11,36,11,0,1,3,11,10,17,31,6,42,6,0,,0,0,0,,-1.46,,1,105,66,63,50,13,5,85,30,73,42,49,28,0.96
brasileirao_serie_a_2026,2026-05-25,17,Coritiba,Bahia,3,2,Bahia,away,56,14,1,9,8,6,4,1.25,1,0,1,428,351,82.0,41,13,32,18,5,28,12,7,58,49,62,30,48,27,14,52,14,14,50,17,3,0,6,25,8,11,21,7,44,6,1,,4,4,1,,-0.37,,0,121,86,71,53,25,2,78,22,82,54,43,24,1.38
brasileirao_serie_a_2026,2026-05-24,17,Vasco da Gama,Red Bull Bragantino,0,3,Vasco da Gama,home,60,14,6,4,9,5,4,1.22,2,0,2,392,325,82.9,39,14,36,23,5,22,22,10,45,47,81,41,51,35,14,40,18,18,56,13,1,1,6,20,6,14,28,12,44,9,0,1,7,7,,1,-0.53,1,0,94,71,76,54,19,6,88,24,82,46,52,30,1.26
brasileirao_serie_a_2026,2026-05-24,17,Vasco da Gama,Red Bull Bragantino,0,3,Red Bull Bragantino,away,40,21,9,7,15,6,5,3.78,5,2,3,263,188,71.5,55,25,45,19,8,42,19,10,53,53,81,40,49,35,21,60,21,21,38,14,4,0,6,24,4,12,29,11,47,9,1,0,6,6,,1,0.76,0,2,87,58,67,44,39,2,69,16,75,46,51,38,3.29
brasileirao_serie_a_2026,2026-05-24,17,Corinthians,Atlético Mineiro,1,0,Corinthians,home,58,10,4,4,3,7,2,0.65,1,,1,516,460,89.1,38,19,50,17,4,24,15,7,47,45,65,31,48,12,4,33,10,10,60,15,1,3,3,22,8,14,14,6,42,4,0,2,1,1,,0,0.37,,,168,132,79,79,16,3,70,34,51,39,42,27,0.56
brasileirao_serie_a_2026,2026-05-24,17,Corinthians,Atlético Mineiro,1,0,Atlético Mineiro,away,42,11,1,5,8,3,5,1.85,3,,3,373,319,85.5,47,20,43,16,6,38,14,9,64,55,65,34,52,12,8,67,12,12,42,14,2,2,0,11,8,15,19,8,44,5,0,1,3,3,,1,-0.37,,,66,43,65,37,11,3,55,24,64,60,30,16,1.8
brasileirao_serie_a_2026,2026-05-24,17,Remo,Athletico,1,2,Remo,home,44,3,2,1,2,1,0,0.36,1,1,0,337,274,81.3,44,13,30,14,1,7,11,6,55,51,58,30,52,22,11,50,13,13,77,9,1,2,3,16,6,14,27,11,40,12,0,0,8,8,4,2,0.78,,,73,42,58,47,7,1,,,,,,,0.34
brasileirao_serie_a_2026,2026-05-24,17,Remo,Athletico,1,2,Athletico,away,56,16,9,4,10,6,3,1.92,4,2,2,431,367,85.2,48,23,48,26,6,23,7,3,43,49,58,28,48,22,11,50,17,17,65,14,4,4,10,17,9,9,16,9,39,9,0,2,1,1,0,1,0.23,,,136,101,74,73,25,1,,,,,,,1.97
brasileirao_serie_a_2026,2026-05-24,17,Cruzeiro,Chapecoense,2,1,Cruzeiro,home,66,18,7,8,11,7,3,2.96,3,2,1,472,425,90.0,45,22,49,24,4,17,20,7,35,46,68,33,49,19,7,37,11,11,73,13,1,0,9,14,9,14,16,7,42,5,0,1,3,3,0,2,0.09,,,146,126,86,52,33,3,86,22,75,34,59,44,2.75
brasileirao_serie_a_2026,2026-05-24,17,Cruzeiro,Chapecoense,2,1,Chapecoense,away,34,8,4,4,4,4,0,0.57,2,1,1,243,195,80.2,39,20,51,16,4,25,11,4,36,54,68,35,51,19,12,63,18,18,72,15,3,2,2,22,12,13,31,9,36,4,0,0,5,5,2,0,0.81,,,51,34,67,30,10,5,53,17,56,46,32,37,0.67
brasileirao_serie_a_2026,2026-05-24,17,Flamengo,Palmeiras,0,3,Flamengo,home,48,22,3,9,12,10,10,1.12,1,0,1,465,406,87.3,34,27,79,29,7,24,19,10,53,53,78,43,55,14,6,43,14,14,36,9,6,0,8,19,3,19,9,9,43,8,0,0,3,3,1,,-1.71,,0,196,155,79,86,25,2,110,38,77,35,68,27,1.07
brasileirao_serie_a_2026,2026-05-24,17,Flamengo,Palmeiras,0,3,Palmeiras,away,52,12,6,3,10,2,3,0.9,2,2,0,538,487,90.5,27,19,70,10,1,10,16,9,56,47,78,35,45,14,8,57,17,17,65,19,6,2,4,11,13,9,32,9,40,7,0,1,3,3,2,,0.24,,1,69,52,75,26,16,1,79,16,93,55,33,29,0.89
brasileirao_serie_a_2026,2026-05-23,17,Mirassol,Fluminense,1,0,Mirassol,home,33,13,8,3,7,6,2,0.56,,,,267,208,77.9,42,15,36,13,5,38,14,8,57,51,64,35,55,24,10,42,13,13,85,12,3,3,4,17,9,14,18,8,42,8,0,,1,1,0,,0.02,,0,78,47,60,46,15,3,78,28,59,45,47,27,0.51
brasileirao_serie_a_2026,2026-05-23,17,Mirassol,Fluminense,1,0,Fluminense,away,67,10,1,6,4,6,3,0.49,,,,555,501,90.3,39,18,46,21,4,19,15,6,40,49,64,29,45,24,14,58,14,14,71,14,3,0,5,20,9,12,14,7,34,4,0,,7,7,2,,0.26,,1,95,75,79,57,13,2,99,22,89,51,43,27,0.6
brasileirao_serie_a_2026,2026-05-23,17,Grêmio,Santos,3,2,Grêmio,home,50,14,5,7,8,6,2,1.63,5,2,3,435,373,85.7,50,25,50,24,6,25,13,7,54,55,66,35,53,29,17,59,15,15,53,12,1,2,8,12,4,13,19,13,44,7,0,3,1,1,1,,-0.27,1,1,87,65,75,48,18,2,97,29,77,37,46,34,1.92
brasileirao_serie_a_2026,2026-05-23,17,Grêmio,Santos,3,2,Santos,away,50,13,3,6,9,4,4,1.28,1,1,0,445,374,84.0,35,14,40,16,5,31,12,6,50,45,66,31,47,29,12,41,13,13,62,13,3,2,5,14,7,12,27,6,45,9,1,1,2,2,0,,-1.07,0,0,108,80,74,34,32,1,72,26,65,44,32,30,1.27
brasileirao_serie_a_2026,2026-05-23,17,Vitória,Internacional,2,0,Vitória,home,44,7,3,1,6,1,3,0.84,2,1,1,311,238,76.5,51,13,25,12,4,33,10,4,40,45,57,25,44,25,12,48,5,5,20,15,2,0,4,19,14,18,44,12,34,6,0,2,2,2,1,1,0.5,,1,56,33,59,35,12,2,44,16,60,62,26,22,0.76
brasileirao_serie_a_2026,2026-05-23,17,Vitória,Internacional,2,0,Internacional,away,56,20,2,11,11,9,7,1.84,3,0,3,374,291,77.8,54,29,54,38,7,18,6,5,83,55,57,32,56,25,13,52,12,12,67,18,3,1,6,27,0,15,21,8,45,4,0,0,1,1,0,1,-1.24,,0,167,118,71,83,26,2,80,29,52,27,60,44,2.02
brasileirao_serie_a_2026,2026-05-23,17,São Paulo,Botafogo,1,1,São Paulo,home,54,14,4,6,11,3,4,1.7,3,1,2,366,298,81.4,51,24,47,17,2,12,13,6,46,44,74,34,46,37,15,41,10,10,50,20,4,0,4,24,12,19,23,7,46,10,0,,5,5,1,1,0.68,0,,101,70,69,47,18,4,81,23,80,53,43,24,1.66
brasileirao_serie_a_2026,2026-05-23,17,São Paulo,Botafogo,1,1,Botafogo,away,46,14,6,7,9,5,1,0.95,1,0,1,310,237,76.5,36,11,31,16,8,50,10,5,50,56,74,40,54,37,22,59,17,17,65,19,4,3,3,11,9,20,21,4,48,5,0,,3,3,0,0,0.28,1,,108,66,61,63,29,2,75,29,82,41,42,30,0.77
brasileirao_serie_a_2026,2026-05-17,16,Athletico,Flamengo,1,1,Athletico,home,36,18,5,7,14,4,6,1.17,3,0,3,289,224,77.5,53,28,53,16,6,38,7,2,29,43,44,19,43,14,6,43,6,6,67,9,2,,9,16,12,12,27,8,36,7,2,,3,3,0,3,-0.24,0,0,67,37,55,42,24,1,,,,,,,1.23
brasileirao_serie_a_2026,2026-05-17,16,Athletico,Flamengo,1,1,Flamengo,away,64,12,3,5,9,3,4,1.08,3,1,2,535,461,86.2,49,23,47,22,6,27,8,4,50,57,44,25,57,14,8,57,12,12,50,12,3,,7,12,8,9,19,8,40,2,1,,4,4,1,2,0.28,1,1,156,116,74,74,25,2,,,,,,,1.42
brasileirao_serie_a_2026,2026-05-17,16,Red Bull Bragantino,Vitória,2,0,Red Bull Bragantino,home,49,23,5,9,13,10,9,2.95,4,2,2,333,254,76.3,57,28,49,25,6,24,22,9,41,45,83,36,43,31,15,48,19,19,37,21,4,3,7,21,5,9,26,6,55,5,1,,2,2,0,,0.17,,1,148,110,74,57,33,3,81,26,71,35,63,39,3.09
brasileirao_serie_a_2026,2026-05-17,16,Red Bull Bragantino,Vitória,2,0,Vitória,away,51,8,2,3,3,5,3,0.29,0,0,0,347,266,76.7,49,15,31,19,2,11,19,10,53,55,83,47,57,31,16,52,18,18,56,11,2,0,6,14,13,21,27,3,45,10,0,,3,3,1,,0.64,,1,78,44,56,46,11,0,77,30,107,55,38,15,0.27
brasileirao_serie_a_2026,2026-05-17,16,Chapecoense,Remo,2,3,Chapecoense,home,52,18,8,8,13,5,2,2.37,3,1,2,440,380,86.4,39,25,64,20,8,40,14,9,64,47,45,21,47,27,13,48,6,6,83,10,2,4,3,20,4,6,30,12,43,6,0,1,2,2,2,,-1.25,0,1,86,61,71,51,28,0,77,27,73,48,39,25,1.91
brasileirao_serie_a_2026,2026-05-17,16,Chapecoense,Remo,2,3,Remo,away,48,11,4,6,8,3,1,1.13,3,2,1,403,320,79.4,62,22,35,28,6,21,8,3,38,53,45,24,53,27,14,52,11,11,36,6,1,1,9,29,10,10,20,8,39,1,0,0,6,6,2,,-0.29,1,1,125,89,71,77,14,2,86,27,84,42,40,31,1.09
brasileirao_serie_a_2026,2026-05-17,16,Botafogo,Corinthians,3,1,Botafogo,home,35,13,5,6,6,7,2,0.95,2,1,1,254,172,67.7,67,21,31,11,1,9,13,5,38,44,69,28,41,36,18,50,15,15,67,22,6,0,3,19,13,8,29,10,47,5,1,0,0,0,0,1,-0.5,1,,77,38,49,47,17,2,69,27,64,40,28,33,0.82
brasileirao_serie_a_2026,2026-05-17,16,Botafogo,Corinthians,3,1,Corinthians,away,65,19,1,12,10,9,6,0.82,2,1,1,464,400,86.2,38,19,50,25,7,28,11,7,64,56,69,41,59,36,18,50,13,13,23,8,1,1,2,7,6,22,28,7,55,11,1,1,2,2,1,0,-1.26,1,,120,92,77,51,21,8,66,27,61,46,31,27,1.11
brasileirao_serie_a_2026,2026-05-17,16,Bahia,Grêmio,1,1,Bahia,home,59,17,6,7,10,7,4,1.9,4,1,3,443,390,88.0,20,12,60,33,12,36,14,9,64,56,73,39,53,22,14,64,17,17,71,18,4,1,7,19,4,14,10,7,33,13,2,,0,0,0,0,-0.74,,,116,83,72,57,35,3,89,36,52,21,56,43,1.92
brasileirao_serie_a_2026,2026-05-17,16,Bahia,Grêmio,1,1,Grêmio,away,41,3,1,2,3,0,0,0.19,1,1,0,317,250,78.9,43,18,42,9,5,56,7,1,14,44,73,34,47,22,8,36,18,18,56,14,5,3,3,13,14,18,34,7,30,11,0,,5,5,1,1,1.6,,,52,24,46,29,11,3,67,30,74,52,28,18,0.16
brasileirao_serie_a_2026,2026-05-17,16,Santos,Coritiba,0,3,Santos,home,63,13,3,6,8,5,4,2.21,5,0,5,438,374,85.4,26,18,69,18,3,17,7,3,43,59,63,38,60,22,12,55,20,20,70,13,4,,3,21,2,15,20,5,38,6,1,1,2,2,0,0,0.03,1,2,125,96,77,49,18,4,64,37,49,46,36,17,2.02
brasileirao_serie_a_2026,2026-05-17,16,Santos,Coritiba,0,3,Coritiba,away,37,9,5,2,7,2,2,2.48,4,3,1,264,201,76.1,47,13,28,8,1,13,14,3,21,41,63,25,40,22,10,45,10,10,90,15,2,,3,19,9,12,32,5,36,9,0,0,3,3,1,1,0.65,0,0,67,38,57,51,13,5,44,29,52,52,19,19,2.13
brasileirao_serie_a_2026,2026-05-17,16,Palmeiras,Cruzeiro,1,1,Palmeiras,home,47,16,2,9,9,7,5,1.05,1,,1,362,310,85.6,22,14,64,16,2,13,14,2,14,44,79,33,42,20,11,55,18,18,67,19,2,3,6,18,6,14,24,10,45,9,0,,3,3,,1,-0.31,,,110,90,82,39,28,2,70,19,64,50,46,31,0.93
brasileirao_serie_a_2026,2026-05-17,16,Palmeiras,Cruzeiro,1,1,Cruzeiro,away,53,11,4,4,6,5,3,0.44,0,,0,407,352,86.5,43,25,58,16,1,6,15,6,40,56,79,46,58,20,9,45,21,21,57,14,4,1,5,20,13,19,23,7,33,9,0,,1,1,,0,0.03,,,93,66,71,54,10,3,72,20,79,58,49,22,0.46
brasileirao_serie_a_2026,2026-05-16,16,Fluminense,São Paulo,2,1,Fluminense,home,50,10,3,5,8,2,2,1.19,3,2,1,475,394,82.9,48,18,38,9,4,44,13,2,15,44,53,22,42,27,13,48,11,11,45,13,2,1,3,28,10,10,27,11,43,7,0,,6,6,2,,0.6,0,,105,67,64,57,21,2,60,31,56,45,30,24,1.48
brasileirao_serie_a_2026,2026-05-16,16,Fluminense,São Paulo,2,1,São Paulo,away,50,14,7,4,8,6,3,1.01,2,1,1,469,386,82.3,40,14,35,20,5,25,7,2,29,56,53,31,58,27,14,52,18,18,61,10,5,1,5,15,7,13,23,9,47,6,0,,1,1,1,,0.31,1,,126,89,71,45,20,4,68,38,56,37,36,25,0.92
brasileirao_serie_a_2026,2026-05-16,16,Internacional,Vasco da Gama,4,1,Internacional,home,40,12,7,5,9,3,0,1.79,4,4,,341,269,78.9,56,20,36,12,5,42,13,7,54,52,78,42,54,25,12,48,26,26,77,17,2,4,3,10,8,11,29,4,42,7,0,2,2,2,0,0,-0.73,0,0,105,61,58,51,19,1,80,29,68,40,43,31,1.11
brasileirao_serie_a_2026,2026-05-16,16,Internacional,Vasco da Gama,4,1,Vasco da Gama,away,60,14,3,7,7,7,4,0.58,0,0,,509,448,88.0,39,18,46,23,6,26,22,7,32,48,78,36,46,25,13,52,13,13,54,11,2,0,4,18,7,17,20,10,41,11,0,0,3,3,2,1,-0.93,1,1,101,77,76,48,21,4,94,35,80,42,46,23,0.41
brasileirao_serie_a_2026,2026-05-16,16,Atlético Mineiro,Mirassol,3,1,Atlético Mineiro,home,49,14,5,7,9,5,2,2.23,4,2,2,389,327,84.1,60,30,50,19,1,0,11,4,36,51,52,30,58,29,11,38,13,13,46,6,0,4,5,28,7,13,17,10,41,6,0,,1,1,,,-0.28,0,,116,87,75,43,15,4,97,19,93,45,54,36,2.54
brasileirao_serie_a_2026,2026-05-16,16,Atlético Mineiro,Mirassol,3,1,Mirassol,away,51,7,3,3,5,2,1,0.79,2,0,2,404,334,82.7,40,16,40,20,6,30,11,3,27,49,52,22,42,29,18,62,13,13,46,14,1,1,6,22,8,6,30,3,40,5,0,,2,2,,,-0.2,2,,119,82,69,51,15,1,80,28,79,45,60,27,0.87
brasileirao_serie_a_2026,2026-05-10,15,Vasco da Gama,Athletico,1,0,Vasco da Gama,home,53,16,6,6,12,4,4,2.11,2,,2,482,427,88.6,52,34,65,22,12,55,10,4,40,52,67,34,51,19,11,58,22,22,64,6,4,1,4,16,4,9,24,13,52,11,1,,3,3,1,0,0.44,,0,140,109,78,67,24,1,,,,,,,2.22
brasileirao_serie_a_2026,2026-05-10,15,Vasco da Gama,Athletico,1,0,Athletico,away,47,9,3,4,4,5,2,0.9,2,,2,426,356,83.6,36,17,47,15,4,27,22,10,45,48,67,33,49,19,8,42,17,17,59,9,1,0,3,19,7,6,17,6,53,10,1,,5,5,0,1,0.51,,1,117,81,69,60,18,1,,,,,,,1.13
brasileirao_serie_a_2026,2026-05-10,15,Grêmio,Flamengo,0,1,Grêmio,home,32,6,3,2,2,4,1,0.4,0,0,0,336,268,79.8,50,22,44,14,2,14,15,9,60,48,64,30,47,21,11,52,13,13,46,10,1,,0,15,9,10,37,16,55,9,0,0,4,4,1,,-0.02,,0,72,50,69,38,7,1,70,24,73,58,38,18,0.26
brasileirao_serie_a_2026,2026-05-10,15,Grêmio,Flamengo,0,1,Flamengo,away,68,20,5,10,13,7,5,2.27,4,1,3,729,651,89.3,32,17,53,22,4,18,16,9,56,52,64,34,53,21,10,48,15,15,47,10,3,,6,18,5,10,20,6,57,6,2,2,2,2,0,,0.07,,1,281,231,82,73,34,2,117,29,69,35,82,36,2.77
brasileirao_serie_a_2026,2026-05-10,15,Mirassol,Chapecoense,1,1,Mirassol,home,59,23,4,13,9,14,6,1.48,2,1,1,481,416,86.5,56,28,50,32,3,9,4,2,50,49,60,32,53,37,16,43,12,12,58,10,1,1,8,25,4,20,14,3,53,6,0,,4,4,,1,-0.63,,,113,81,72,62,20,3,101,32,77,36,64,32,1.13
brasileirao_serie_a_2026,2026-05-10,15,Mirassol,Chapecoense,1,1,Chapecoense,away,41,11,4,5,3,8,2,0.46,1,0,1,343,278,81.0,62,35,56,13,6,46,18,11,61,51,60,28,47,37,21,57,8,8,88,20,5,1,1,23,22,10,43,9,38,5,0,,3,3,,0,0.17,,,69,46,67,40,11,2,77,26,86,58,34,16,0.44
brasileirao_serie_a_2026,2026-05-10,15,Corinthians,São Paulo,3,2,Corinthians,home,49,15,6,5,11,4,4,1.49,2,1,1,381,313,82.2,35,18,51,26,10,38,15,10,67,45,62,31,50,14,3,21,8,8,88,12,4,1,7,26,5,13,29,15,41,10,0,2,3,3,1,,-0.14,1,1,122,96,79,47,24,5,60,20,56,36,36,44,1.37
brasileirao_serie_a_2026,2026-05-10,15,Corinthians,São Paulo,3,2,São Paulo,away,51,7,4,0,3,4,3,1.12,1,1,0,403,326,80.9,44,12,27,15,0,0,9,5,56,55,62,31,50,14,11,79,15,15,60,13,4,3,7,19,9,12,33,14,47,4,0,0,3,3,1,,-0.75,0,2,95,63,66,42,13,1,63,24,49,32,37,44,1.05
brasileirao_serie_a_2026,2026-05-10,15,Remo,Palmeiras,1,1,Remo,home,34,15,4,8,9,6,3,0.95,2,,2,232,144,62.1,61,22,36,15,4,27,4,2,50,47,42,22,52,48,20,42,15,15,87,6,1,0,5,15,14,6,41,6,38,4,1,0,4,4,1,3,-0.2,1,0,88,46,52,59,13,2,79,18,88,62,24,20,0.97
brasileirao_serie_a_2026,2026-05-10,15,Remo,Palmeiras,1,1,Palmeiras,away,66,18,5,8,11,7,5,1.32,2,,2,462,375,81.2,48,23,48,34,8,24,16,8,50,53,42,20,48,48,28,58,6,6,67,6,2,7,17,19,6,6,25,4,48,7,0,1,3,3,1,0,0.23,0,1,146,105,72,56,37,1,75,21,69,40,57,39,1.21
brasileirao_serie_a_2026,2026-05-10,15,Atlético Mineiro,Botafogo,1,1,Atlético Mineiro,home,43,17,7,5,12,5,5,1.13,4,1,3,305,228,74.8,60,19,32,17,6,35,11,6,55,47,48,25,52,30,12,40,10,10,70,9,0,3,6,11,14,12,30,10,52,7,0,1,4,4,1,3,0.83,,1,104,72,69,50,20,3,83,18,81,46,45,36,0.92
brasileirao_serie_a_2026,2026-05-10,15,Atlético Mineiro,Botafogo,1,1,Botafogo,away,57,18,5,11,10,8,2,1.74,2,1,1,405,329,81.2,48,18,38,18,4,22,11,4,36,53,48,23,48,30,18,60,12,12,50,12,2,1,4,25,8,9,21,13,47,3,1,0,6,6,2,0,0.04,,2,101,58,57,56,23,2,84,24,72,41,54,35,1.69
brasileirao_serie_a_2026,2026-05-10,15,Bahia,Cruzeiro,1,2,Bahia,home,46,8,3,3,5,3,2,1.2,2,1,1,353,285,80.7,38,17,45,21,1,5,11,4,36,51,71,38,54,20,8,40,18,18,50,14,3,0,6,19,12,15,22,8,34,10,0,0,5,5,2,1,-0.61,,1,107,68,64,46,14,2,45,25,43,31,27,44,1.2
brasileirao_serie_a_2026,2026-05-10,15,Bahia,Cruzeiro,1,2,Cruzeiro,away,54,20,7,10,14,6,3,2.17,3,1,2,412,359,87.1,38,22,58,22,9,41,12,3,25,49,71,33,46,20,12,60,17,17,53,16,4,2,8,16,6,14,32,10,41,9,0,1,2,2,2,0,0.51,,0,143,113,79,60,23,3,62,32,41,35,40,33,2.17
brasileirao_serie_a_2026,2026-05-09,15,Fluminense,Vitória,2,2,Fluminense,home,58,12,5,5,7,5,2,1.22,2,1,1,523,463,88.5,29,16,55,17,4,24,20,13,65,44,79,37,47,30,11,37,17,17,71,15,4,1,6,15,7,7,19,4,42,10,0,1,1,1,0,,-0.31,,1,169,142,84,49,23,2,88,23,68,44,52,33,1.05
brasileirao_serie_a_2026,2026-05-09,15,Fluminense,Vitória,2,2,Vitória,away,42,10,3,5,6,4,2,1.51,1,1,0,383,322,84.1,51,31,61,12,4,33,19,10,53,56,79,42,53,30,19,63,17,17,65,7,2,0,3,6,9,14,21,11,39,8,0,0,3,3,1,,0.19,,1,94,62,66,55,19,1,72,21,68,56,39,23,1.44
brasileirao_serie_a_2026,2026-05-09,15,Coritiba,Internacional,2,2,Coritiba,home,36,8,3,3,5,3,2,0.55,1,1,0,308,227,73.7,51,16,31,13,4,31,13,6,46,49,64,32,50,40,19,48,18,18,61,11,1,0,3,18,14,10,60,8,51,3,1,1,2,2,1,1,0.71,,1,74,42,57,41,13,1,73,17,101,59,31,24,0.42
brasileirao_serie_a_2026,2026-05-09,15,Coritiba,Internacional,2,2,Internacional,away,64,22,4,11,16,6,7,3.35,6,2,4,533,442,82.9,73,40,55,45,8,18,21,12,57,51,64,32,50,40,21,53,10,10,80,10,3,1,8,32,3,11,16,4,55,9,0,0,1,1,0,0,-1.22,,0,212,153,72,97,36,2,120,34,93,32,72,34,3.17
brasileirao_serie_a_2026,2026-05-03,14,Mirassol,Corinthians,2,1,Mirassol,home,39,7,5,1,3,4,1,1.02,2,2,0,348,273,78.4,50,21,42,13,1,8,11,5,45,39,61,26,43,29,9,31,8,8,38,19,5,1,1,21,8,12,22,6,44,5,0,0,2,2,1,,-0.51,,,97,60,62,52,6,3,78,22,71,48,50,30,0.99
brasileirao_serie_a_2026,2026-05-03,14,Mirassol,Corinthians,2,1,Corinthians,away,61,11,3,3,5,6,5,0.36,1,0,1,552,464,84.1,40,19,48,19,4,21,11,6,55,61,61,35,57,29,20,69,11,11,27,13,2,2,5,18,6,19,18,11,50,3,0,1,3,3,0,,-0.64,,,119,87,73,48,9,1,90,34,90,45,41,21,0.39
brasileirao_serie_a_2026,2026-05-03,14,Internacional,Fluminense,2,0,Internacional,home,33,18,9,6,7,11,3,2.37,4,2,2,315,253,80.3,34,16,47,8,1,13,17,9,53,50,82,42,51,16,7,44,15,15,53,25,4,,3,17,5,18,25,8,42,1,0,1,6,6,2,,0.98,,0,125,92,74,44,20,2,96,27,68,38,49,35,2.1
brasileirao_serie_a_2026,2026-05-03,14,Internacional,Fluminense,2,0,Fluminense,away,67,11,6,3,2,9,2,1.05,3,0,3,633,557,88.0,53,28,53,19,4,21,18,9,50,50,82,40,49,16,9,56,9,9,56,18,3,,3,17,9,25,20,5,39,6,1,0,7,7,1,,0.73,,1,121,99,82,45,13,3,96,28,91,50,41,22,0.86
brasileirao_serie_a_2026,2026-05-03,14,Chapecoense,Red Bull Bragantino,1,2,Chapecoense,home,55,19,3,10,10,9,6,1.68,2,1,1,444,357,80.4,72,35,49,24,11,46,16,9,56,55,60,30,50,23,16,70,11,11,73,8,2,1,5,22,6,10,22,10,56,6,1,0,0,0,,2,-0.99,,,120,80,67,55,23,0,94,30,65,36,50,34,1.47
brasileirao_serie_a_2026,2026-05-03,14,Chapecoense,Red Bull Bragantino,1,2,Red Bull Bragantino,away,45,7,2,4,5,2,1,0.72,1,1,0,373,283,75.9,68,23,34,14,3,21,15,9,60,45,60,30,50,23,7,30,13,13,54,10,2,1,2,22,16,8,24,13,51,5,0,1,2,2,,0,0.24,,,73,29,40,50,9,1,73,31,78,49,29,20,0.52
brasileirao_serie_a_2026,2026-05-03,14,São Paulo,Bahia,2,2,São Paulo,home,39,18,8,3,13,5,7,1.88,3,1,2,319,253,79.3,39,12,31,20,8,40,9,4,44,45,64,30,47,19,7,37,14,14,64,12,4,2,14,15,8,12,21,7,38,9,0,0,5,5,0,1,0.26,,2,100,74,74,36,32,5,64,16,66,43,42,41,2.14
brasileirao_serie_a_2026,2026-05-03,14,São Paulo,Bahia,2,2,Bahia,away,61,19,8,7,11,8,4,2.65,3,1,2,510,449,88.0,31,11,35,28,11,39,14,8,57,55,64,34,53,19,12,63,14,14,79,12,3,0,10,10,4,12,21,11,43,8,2,1,6,6,1,1,-0.19,,0,165,134,81,57,32,3,89,29,77,36,52,35,2.2
brasileirao_serie_a_2026,2026-05-03,14,Flamengo,Vasco da Gama,2,2,Flamengo,home,49,12,5,4,7,5,3,2.15,3,2,1,469,409,87.2,34,18,53,11,3,27,18,11,61,44,75,38,51,20,4,20,16,16,88,15,3,0,5,10,7,11,28,9,42,7,0,,4,4,0,2,0.0,,1,94,72,77,32,17,2,81,17,89,56,36,27,2.14
brasileirao_serie_a_2026,2026-05-03,14,Flamengo,Vasco da Gama,2,2,Vasco da Gama,away,51,20,6,9,11,9,5,1.67,2,2,0,486,431,88.7,29,13,45,29,8,28,16,8,50,56,75,37,49,20,16,80,14,14,50,12,3,3,6,16,3,15,14,11,46,8,0,,3,3,3,0,0.3,,0,146,115,79,62,27,3,108,34,74,36,63,30,1.53
brasileirao_serie_a_2026,2026-05-03,14,Cruzeiro,Atlético Mineiro,1,3,Cruzeiro,home,69,14,2,6,6,8,6,1.15,1,1,,494,433,87.7,59,40,68,34,5,15,10,4,40,57,64,36,56,22,13,59,15,15,67,15,4,,5,24,2,16,11,9,38,6,0,,1,1,1,1,-0.86,,,184,146,79,81,17,4,101,27,82,35,66,38,1.31
brasileirao_serie_a_2026,2026-05-03,14,Cruzeiro,Atlético Mineiro,1,3,Atlético Mineiro,away,31,6,4,1,6,0,1,1.52,3,3,,231,171,74.0,48,19,40,7,2,29,9,3,33,43,64,28,44,22,9,41,12,12,50,17,7,,1,19,8,14,32,12,34,9,0,,1,1,0,2,-0.14,,,56,33,59,28,14,2,80,32,76,40,31,28,1.74
brasileirao_serie_a_2026,2026-05-02,14,Athletico,Grêmio,0,0,Athletico,home,45,11,5,6,8,3,0,0.83,2,,2,369,292,79.1,55,26,47,12,3,25,19,8,42,45,75,37,49,18,5,28,16,16,56,11,2,1,7,20,9,13,14,10,46,6,0,,0,0,0,1,0.0,,,95,57,60,52,17,2,,,,,,,0.99
brasileirao_serie_a_2026,2026-05-02,14,Athletico,Grêmio,0,0,Grêmio,away,55,8,0,5,6,2,3,1.02,2,,2,437,380,87.0,41,20,49,22,5,23,18,10,56,55,75,38,51,18,13,72,17,17,71,13,2,2,3,14,6,11,20,7,49,8,0,,4,4,1,1,0.42,,,112,82,73,50,15,1,,,,,,,0.89
brasileirao_serie_a_2026,2026-05-02,14,Vitória,Coritiba,4,1,Vitória,home,61,11,7,2,6,5,2,2.08,3,3,,522,480,92.0,41,25,61,13,2,15,13,6,46,58,61,34,56,18,12,67,18,18,56,13,3,,2,11,3,10,17,10,39,5,0,,1,1,0,2,-0.01,,,120,96,80,51,13,3,75,25,65,40,40,35,2.06
brasileirao_serie_a_2026,2026-05-02,14,Vitória,Coritiba,4,1,Coritiba,away,39,5,1,2,3,2,2,0.6,1,1,,327,277,84.7,43,19,44,12,2,17,12,4,33,42,61,27,44,18,6,33,12,12,42,11,1,,4,14,4,13,13,7,27,10,0,,3,3,1,1,-1.36,,,86,58,67,43,11,1,58,24,58,59,23,17,0.63
brasileirao_serie_a_2026,2026-05-02,14,Palmeiras,Santos,1,1,Palmeiras,home,54,22,3,13,13,9,6,2.25,4,1,3,448,388,86.6,37,14,38,31,7,23,15,4,27,40,61,23,38,20,9,45,14,14,50,9,1,5,9,26,5,5,17,9,48,11,0,2,3,3,0,0,-0.56,0,,143,115,80,45,32,1,98,28,77,33,49,39,2.1
brasileirao_serie_a_2026,2026-05-02,14,Palmeiras,Santos,1,1,Santos,away,46,14,4,4,8,6,6,1.07,2,0,2,392,320,81.6,50,27,54,15,3,20,15,9,60,60,61,38,62,20,11,55,22,22,68,5,1,2,4,14,14,9,38,7,43,8,0,1,2,2,1,1,0.77,1,,145,112,77,52,18,3,84,23,82,55,30,22,1.15
brasileirao_serie_a_2026,2026-05-02,14,Botafogo,Remo,1,2,Botafogo,home,58,16,5,7,9,7,4,1.37,4,1,3,447,378,84.6,63,32,51,27,8,30,13,8,62,49,55,27,49,18,9,50,10,10,40,14,2,2,9,15,5,10,25,2,54,6,0,1,7,7,0,0,-0.54,,1,114,79,69,51,30,3,91,21,83,41,52,38,1.17
brasileirao_serie_a_2026,2026-05-02,14,Botafogo,Remo,1,2,Remo,away,42,18,9,3,8,10,6,1.94,3,2,1,327,256,78.3,45,20,44,18,3,17,14,6,43,51,55,28,51,18,9,50,11,11,55,10,2,2,6,21,14,14,39,9,42,2,1,1,4,4,2,1,-0.09,,1,113,78,69,52,20,2,85,22,81,45,45,33,1.97
brasileirao_serie_a_2026,2026-04-26,13,Fluminense,Chapecoense,2,1,Fluminense,home,71,30,12,12,22,8,6,2.9,2,1,1,740,688,93.0,37,26,70,35,10,29,14,8,57,57,64,36,56,29,17,59,16,16,69,6,1,1,7,11,3,15,12,2,48,8,0,,2,2,0,0,-0.57,,1,214,189,88,81,44,5,134,39,90,29,69,32,2.47
brasileirao_serie_a_2026,2026-04-26,13,Fluminense,Chapecoense,2,1,Chapecoense,away,29,8,3,3,2,6,2,0.39,0,0,0,305,242,79.3,52,21,40,5,2,40,21,9,43,43,64,28,44,29,12,41,14,14,86,16,4,0,1,10,12,6,37,9,45,4,0,,10,10,1,1,0.58,,0,63,36,57,41,3,1,65,20,82,67,26,13,0.41
brasileirao_serie_a_2026,2026-04-26,13,Atlético Mineiro,Flamengo,0,4,Atlético Mineiro,home,51,18,6,5,8,10,7,1.37,2,0,2,493,450,91.3,28,19,68,28,7,25,13,9,69,51,55,32,58,15,4,27,10,10,50,10,1,1,8,18,4,13,10,8,32,8,2,,2,2,0,0,-0.41,,0,144,122,85,59,24,3,70,26,49,38,49,36,0.91
brasileirao_serie_a_2026,2026-04-26,13,Atlético Mineiro,Flamengo,0,4,Flamengo,away,49,9,6,1,6,3,2,2.78,3,3,0,488,452,92.6,28,15,54,9,4,44,8,3,38,49,55,23,42,15,11,73,12,12,50,13,2,2,1,11,8,10,26,4,34,5,1,,6,6,1,1,1.19,,1,104,86,83,47,14,1,59,19,49,50,33,31,2.28
brasileirao_serie_a_2026,2026-04-26,13,Red Bull Bragantino,Palmeiras,0,1,Red Bull Bragantino,home,61,19,4,10,12,7,5,1.03,1,,1,450,379,84.2,46,23,50,41,13,32,11,6,55,50,60,29,48,20,11,55,7,7,71,12,1,1,9,21,4,17,14,10,58,10,0,,2,2,,0,-0.35,,,170,124,73,67,22,4,93,32,59,21,71,47,1.03
brasileirao_serie_a_2026,2026-04-26,13,Red Bull Bragantino,Palmeiras,0,1,Palmeiras,away,39,6,3,3,5,1,0,0.46,0,,0,300,214,71.3,65,23,35,9,3,33,10,5,50,50,60,31,52,20,9,45,15,15,67,17,2,2,4,13,17,12,34,8,47,2,0,,4,4,,2,0.96,,,72,36,50,47,9,4,64,14,70,65,24,21,0.46
brasileirao_serie_a_2026,2026-04-26,13,Athletico,Vitória,3,1,Athletico,home,61,23,11,9,15,8,3,3.63,7,3,4,369,315,85.4,32,17,53,21,6,29,13,7,54,53,68,33,49,21,14,67,12,12,58,16,6,1,4,18,5,14,25,5,35,9,1,,1,1,,,-0.76,1,1,140,108,77,72,23,6,,,,,,,3.65
brasileirao_serie_a_2026,2026-04-26,13,Athletico,Vitória,3,1,Vitória,away,39,7,2,4,4,3,1,0.72,1,0,1,244,182,74.6,46,25,54,11,2,18,11,6,55,47,68,35,51,21,7,33,15,15,67,15,4,1,4,15,12,16,30,6,36,7,0,,8,8,,,1.59,0,1,49,22,45,39,8,3,,,,,,,0.72
brasileirao_serie_a_2026,2026-04-26,13,Grêmio,Coritiba,1,0,Grêmio,home,56,22,6,4,13,9,12,1.09,1,1,0,436,379,86.9,61,39,64,19,6,32,14,7,50,45,65,30,46,24,10,42,12,12,75,20,3,5,5,13,11,11,29,5,45,3,0,0,4,4,,3,0.28,,2,136,109,80,51,30,3,84,20,68,32,57,48,1.2
brasileirao_serie_a_2026,2026-04-26,13,Grêmio,Coritiba,1,0,Coritiba,away,44,15,4,7,8,7,4,0.69,2,0,2,342,278,81.3,46,20,43,16,8,50,12,6,50,55,65,35,54,24,14,58,10,10,80,11,2,0,2,16,7,20,17,11,40,6,0,1,5,5,,1,0.34,,1,117,78,67,56,26,3,84,22,68,48,49,30,0.65
brasileirao_serie_a_2026,2026-04-26,13,Corinthians,Vasco da Gama,1,0,Corinthians,home,40,13,5,5,8,5,3,0.64,2,,2,324,251,77.5,54,20,37,14,4,29,17,10,59,52,70,38,54,28,13,46,12,12,67,12,3,,5,8,24,17,22,13,37,8,0,0,7,7,1,,0.41,,1,120,79,66,62,15,4,92,17,94,61,49,22,0.55
brasileirao_serie_a_2026,2026-04-26,13,Corinthians,Vasco da Gama,1,0,Vasco da Gama,away,60,21,7,12,6,15,2,1.02,2,,2,479,407,85.0,34,15,44,22,2,9,10,6,60,48,70,32,46,28,15,54,15,15,73,17,4,,7,18,10,12,21,8,47,8,0,1,4,4,2,,0.54,,0,188,150,80,84,13,0,110,22,91,45,88,33,1.09
brasileirao_serie_a_2026,2026-04-26,13,São Paulo,Mirassol,1,0,São Paulo,home,53,17,1,5,7,10,11,0.94,1,1,0,418,353,84.4,55,33,60,27,1,4,16,7,44,46,73,37,51,26,9,35,18,18,50,11,1,0,12,22,8,14,28,10,42,9,0,0,1,1,,1,0.04,,0,141,111,79,65,27,2,101,26,83,40,53,34,1.02
brasileirao_serie_a_2026,2026-04-26,13,São Paulo,Mirassol,1,0,Mirassol,away,47,10,1,7,6,4,2,1.21,1,0,1,383,305,79.6,67,37,55,13,2,15,11,7,64,54,73,36,49,26,17,65,18,18,56,14,2,1,4,23,11,11,34,12,43,14,0,1,0,0,,0,-0.32,,1,106,68,64,51,15,3,86,25,83,51,40,24,1.09
brasileirao_serie_a_2026,2026-04-25,13,Remo,Cruzeiro,0,1,Remo,home,47,14,1,8,6,8,5,1.0,1,,1,321,250,77.9,51,22,43,34,12,35,15,7,47,52,85,44,52,38,20,53,16,16,63,15,1,0,4,30,3,22,29,9,52,11,0,,5,5,2,,-0.08,,,119,75,63,72,14,4,88,26,87,46,53,28,0.76
brasileirao_serie_a_2026,2026-04-25,13,Remo,Cruzeiro,0,1,Cruzeiro,away,53,6,6,0,3,3,0,0.2,0,,0,393,312,79.4,56,17,30,15,1,7,16,8,50,48,85,41,48,38,18,47,19,19,47,22,3,4,1,17,10,15,48,10,51,8,0,,1,1,0,,0.03,,,117,68,58,69,16,1,97,26,93,57,48,17,0.26
brasileirao_serie_a_2026,2026-04-25,13,Botafogo,Internacional,2,2,Botafogo,home,53,16,7,6,12,4,3,1.4,1,1,,316,242,76.6,64,28,44,16,7,44,16,9,56,57,80,44,55,32,20,63,22,22,68,16,2,2,3,24,5,14,28,11,55,11,1,,2,2,0,0,-1.36,0,0,87,47,54,60,16,1,93,24,91,48,43,28,1.42
brasileirao_serie_a_2026,2026-04-25,13,Botafogo,Internacional,2,2,Internacional,away,47,8,4,2,2,6,2,0.45,0,0,,284,191,67.3,53,21,40,13,2,15,13,4,31,43,80,36,45,32,12,38,18,18,61,14,3,3,5,23,9,16,24,12,46,13,0,,5,5,1,1,0.37,1,2,83,43,52,48,10,3,81,20,85,55,36,25,0.31
brasileirao_serie_a_2026,2026-04-25,13,Bahia,Santos,2,2,Bahia,home,64,18,5,7,10,8,6,1.24,1,0,1,515,450,87.4,27,9,33,27,11,41,17,11,65,55,89,47,53,32,19,59,20,20,45,16,3,1,5,30,3,17,26,10,43,11,1,,3,3,1,1,0.08,,0,169,135,80,58,25,4,108,32,84,42,61,26,1.23
brasileirao_serie_a_2026,2026-04-25,13,Bahia,Santos,2,2,Santos,away,36,11,5,4,8,3,2,2.63,4,2,2,295,224,75.9,51,18,35,14,5,36,20,10,50,45,89,42,47,32,13,41,17,17,71,17,4,1,3,13,10,14,38,8,44,10,0,,3,3,1,0,-0.09,,2,88,51,58,54,26,4,77,16,86,51,31,33,2.13
brasileirao_serie_a_2026,2026-04-19,12,Flamengo,Bahia,2,0,Flamengo,home,52,20,8,6,12,8,6,2.18,4,1,3,561,491,87.5,39,24,62,14,5,36,21,15,71,52,65,34,52,21,11,52,11,11,27,12,2,0,6,13,6,8,23,7,52,6,2,1,5,5,,1,0.39,,0,195,150,77,66,39,1,,,,,,,1.91
brasileirao_serie_a_2026,2026-04-19,12,Flamengo,Bahia,2,0,Bahia,away,48,13,5,6,6,7,2,0.63,0,0,0,503,449,89.3,27,12,44,19,4,21,15,7,47,48,65,31,48,21,10,48,12,12,75,8,0,2,1,12,8,12,18,16,52,3,1,0,6,6,,1,0.47,,1,136,116,85,51,14,2,,,,,,,0.56
brasileirao_serie_a_2026,2026-04-19,12,Red Bull Bragantino,Remo,4,2,Red Bull Bragantino,home,51,16,7,6,13,3,3,1.56,1,1,0,426,357,83.8,47,27,57,16,5,31,12,4,33,52,56,28,50,37,20,54,13,13,54,11,1,7,1,11,8,12,23,3,52,3,0,2,1,1,0,,-1.55,1,0,114,77,68,64,28,2,,,,,,,1.55
brasileirao_serie_a_2026,2026-04-19,12,Red Bull Bragantino,Remo,4,2,Remo,away,49,7,3,3,4,3,1,0.5,1,0,1,403,324,80.4,67,35,52,16,4,25,12,7,58,48,56,28,50,37,17,46,11,11,45,12,1,3,1,18,9,11,16,7,53,8,0,0,5,5,1,,0.32,0,1,112,74,66,66,8,1,,,,,,,0.45
brasileirao_serie_a_2026,2026-04-19,12,Palmeiras,Athletico,1,0,Palmeiras,home,50,10,2,3,6,4,5,0.33,1,1,,407,334,82.1,62,22,35,18,2,11,11,5,45,51,62,31,50,17,9,53,5,5,80,9,3,1,9,22,8,22,17,10,39,13,0,1,3,3,1,1,0.49,,,120,71,59,62,18,6,,,,,,,0.41
brasileirao_serie_a_2026,2026-04-19,12,Palmeiras,Athletico,1,0,Athletico,away,50,9,3,2,4,5,4,0.42,0,0,,388,336,86.6,38,19,50,21,4,19,6,3,50,49,62,31,50,17,8,47,19,19,58,22,4,2,3,12,9,9,27,10,46,2,0,0,1,1,0,1,-0.04,,,119,96,81,56,14,1,,,,,,,0.33
brasileirao_serie_a_2026,2026-04-19,12,Santos,Fluminense,2,3,Santos,home,47,7,4,1,6,1,2,1.2,4,2,2,447,381,85.2,39,22,56,14,3,21,22,8,36,47,83,40,48,25,11,44,20,20,70,13,5,1,6,16,9,14,18,7,39,9,0,,0,0,,,-1.0,0,0,105,75,71,44,19,,,,,,,,1.3
brasileirao_serie_a_2026,2026-04-19,12,Santos,Fluminense,2,3,Fluminense,away,53,10,3,6,4,6,1,0.8,2,2,0,504,435,86.3,41,22,54,15,5,33,21,7,33,53,83,43,52,25,14,56,23,23,70,14,3,2,4,19,2,13,28,4,54,6,0,,2,2,,,0.24,1,1,124,100,81,55,14,,,,,,,,0.64
brasileirao_serie_a_2026,2026-04-19,12,Coritiba,Atlético Mineiro,2,0,Coritiba,home,23,2,2,0,2,0,0,1.01,1,1,,198,129,65.2,49,20,41,3,1,33,10,4,40,49,71,35,49,21,10,48,21,21,52,18,2,3,2,8,12,10,32,14,45,3,0,,7,7,,,1.78,0,,38,14,37,31,9,0,,,,,,,1.04
brasileirao_serie_a_2026,2026-04-19,12,Coritiba,Atlético Mineiro,2,0,Atlético Mineiro,away,77,23,7,9,11,12,7,1.29,0,0,,638,576,90.3,55,40,73,28,5,18,23,12,52,51,71,36,51,21,11,52,9,9,78,10,1,1,8,24,3,18,4,7,46,10,1,,0,0,,,-1.18,1,,196,164,84,94,31,6,,,,,,,1.15
brasileirao_serie_a_2026,2026-04-19,12,Internacional,Mirassol,1,2,Internacional,home,72,25,8,10,14,11,7,1.69,1,0,1,623,551,88.4,44,27,61,48,4,8,11,7,64,52,66,40,61,29,9,31,19,19,53,6,0,2,11,29,5,15,6,4,47,11,0,0,1,1,,0,-0.67,,1,251,204,81,76,55,4,,,,,,,1.23
brasileirao_serie_a_2026,2026-04-19,12,Internacional,Mirassol,1,2,Mirassol,away,28,10,4,2,9,1,4,1.74,3,1,2,246,174,70.7,40,16,40,6,3,50,15,8,53,48,66,26,39,29,20,69,15,15,60,15,4,2,2,12,14,6,56,8,50,12,0,1,6,6,,2,0.61,,2,49,28,57,34,14,0,,,,,,,1.65
brasileirao_serie_a_2026,2026-04-18,12,Cruzeiro,Grêmio,2,0,Cruzeiro,home,41,18,6,11,13,5,1,1.84,2,,2,314,269,85.7,35,20,57,17,4,24,13,7,54,48,75,37,49,17,7,41,19,19,42,16,4,1,4,20,10,13,25,3,43,8,1,,1,1,0,0,0.23,,,103,76,74,55,28,3,,,,,,,1.85
brasileirao_serie_a_2026,2026-04-18,12,Cruzeiro,Grêmio,2,0,Grêmio,away,59,9,1,6,4,5,2,0.52,1,,1,455,411,90.3,52,30,58,14,4,29,19,8,42,52,75,38,51,17,10,59,14,14,64,13,3,2,1,10,13,16,27,10,47,8,1,,4,4,1,2,-0.51,,,73,49,67,45,21,2,,,,,,,0.48
brasileirao_serie_a_2026,2026-04-18,12,Vitória,Corinthians,0,0,Vitória,home,54,13,1,7,7,6,5,0.65,,,,429,373,86.9,53,30,57,13,2,15,12,5,42,44,69,32,46,19,7,37,13,13,77,13,1,3,4,27,9,14,14,8,37,8,0,,0,0,0,,0.0,,0,87,57,66,55,14,2,,,,,,,0.57
brasileirao_serie_a_2026,2026-04-18,12,Vitória,Corinthians,0,0,Corinthians,away,46,7,0,4,3,4,3,0.18,,,,357,299,83.8,43,24,56,17,3,18,17,9,53,56,69,37,54,19,12,63,15,15,67,14,2,0,2,13,9,13,25,6,42,5,0,,1,1,1,,0.07,,1,107,81,76,54,15,2,,,,,,,0.17
brasileirao_serie_a_2026,2026-04-18,12,Vasco da Gama,São Paulo,2,1,Vasco da Gama,home,62,20,5,8,13,7,7,2.18,2,1,1,431,368,85.4,34,11,32,33,12,36,14,9,64,56,70,43,61,31,14,45,17,17,76,14,1,,6,21,4,19,23,14,48,7,1,,1,1,,0,0.03,1,,170,128,75,79,28,3,,,,,,,2.37
brasileirao_serie_a_2026,2026-04-18,12,Vasco da Gama,São Paulo,2,1,São Paulo,away,38,10,4,4,8,2,2,2.39,5,1,4,264,197,74.6,45,17,38,15,3,20,10,4,40,44,70,27,39,31,17,55,12,12,67,20,2,,5,20,8,14,40,13,46,11,0,,3,3,,3,-0.09,0,,75,47,63,38,25,1,,,,,,,2.43
brasileirao_serie_a_2026,2026-04-18,12,Chapecoense,Botafogo,1,4,Chapecoense,home,49,9,3,3,1,8,3,0.26,0,0,0,493,421,85.4,65,38,58,25,5,20,14,7,50,52,49,25,51,24,13,54,11,11,82,6,,1,4,20,10,7,13,5,45,5,0,0,4,4,2,0,-1.24,1,1,115,80,70,66,9,,,,,,,,0.26
brasileirao_serie_a_2026,2026-04-18,12,Chapecoense,Botafogo,1,4,Botafogo,away,51,13,8,5,7,6,0,1.03,4,2,2,522,464,88.9,57,32,56,17,6,35,11,6,55,48,49,24,49,24,11,46,12,12,50,7,,1,4,18,6,6,21,3,57,6,0,2,3,3,0,1,-0.42,0,0,97,79,81,43,19,,,,,,,,1.11
brasileirao_serie_a_2026,2026-04-12,11,Cruzeiro,Red Bull Bragantino,2,1,Cruzeiro,home,49,16,7,9,12,4,0,2.03,6,,6,335,263,78.5,48,20,42,10,1,10,16,4,25,46,81,40,49,34,13,38,15,15,60,16,0,0,2,23,10,21,27,11,37,7,0,3,3,3,,,-0.76,,0,82,51,62,53,21,4,,,,,,,2.03
brasileirao_serie_a_2026,2026-04-12,11,Cruzeiro,Red Bull Bragantino,2,1,Red Bull Bragantino,away,51,16,4,7,10,6,5,0.53,0,,0,340,264,77.6,70,43,61,19,7,37,15,6,40,54,81,41,51,34,21,62,19,19,63,21,2,2,7,24,7,16,31,6,41,6,0,1,5,5,,,0.38,,3,93,57,61,55,20,2,,,,,,,0.59
brasileirao_serie_a_2026,2026-04-12,11,Corinthians,Palmeiras,0,0,Corinthians,home,32,6,4,2,4,2,0,0.55,1,,1,215,154,71.6,43,13,30,7,4,57,14,7,50,48,81,37,46,26,14,54,17,17,59,17,2,,2,19,9,16,38,4,34,8,0,,5,5,2,0,0.38,,,71,40,56,44,12,0,,,,,,,0.55
brasileirao_serie_a_2026,2026-04-12,11,Corinthians,Palmeiras,0,0,Palmeiras,away,68,16,4,3,5,11,9,0.94,0,,0,443,378,85.3,47,27,57,22,3,14,24,12,50,52,81,44,54,26,12,46,15,15,73,16,1,,7,27,2,17,11,5,38,5,0,,4,4,0,1,0.47,,,153,118,77,84,19,6,,,,,,,0.67
brasileirao_serie_a_2026,2026-04-12,11,Fluminense,Flamengo,1,2,Fluminense,home,60,19,6,6,11,8,7,1.26,2,1,1,613,548,89.4,29,14,48,20,4,20,17,7,41,38,72,26,36,13,6,46,9,9,67,14,3,2,8,24,4,11,17,9,41,18,0,0,6,6,1,0,0.31,1,1,188,153,81,61,26,2,,,,,,,1.14
brasileirao_serie_a_2026,2026-04-12,11,Fluminense,Flamengo,1,2,Flamengo,away,40,17,9,5,11,6,3,2.81,4,1,3,407,350,86.0,41,22,54,8,2,25,13,6,46,62,72,46,64,13,7,54,28,28,50,11,3,1,2,7,7,14,34,7,41,2,1,1,5,5,3,1,0.29,1,0,110,85,77,49,24,2,,,,,,,2.37
brasileirao_serie_a_2026,2026-04-12,11,Botafogo,Coritiba,2,2,Botafogo,home,61,21,8,10,12,9,3,2.46,4,1,3,479,413,86.2,57,31,54,39,10,26,15,8,53,40,58,22,38,33,14,42,9,9,78,14,2,0,7,24,10,7,22,12,48,12,0,1,3,3,0,0,-0.63,1,2,173,134,77,83,35,2,,,,,,,1.81
brasileirao_serie_a_2026,2026-04-12,11,Botafogo,Coritiba,2,2,Coritiba,away,39,14,5,8,8,6,1,1.32,3,2,1,308,237,76.9,55,21,38,13,4,31,11,4,36,60,58,36,62,33,19,58,19,19,79,7,4,1,4,11,16,14,44,7,49,2,0,0,6,6,1,3,-0.04,0,1,91,63,69,38,15,2,,,,,,,1.04
brasileirao_serie_a_2026,2026-04-12,11,Athletico,Chapecoense,2,0,Athletico,home,58,14,6,6,8,6,2,1.31,3,2,1,420,357,85.0,61,29,48,32,6,19,21,14,67,53,86,46,53,14,7,50,17,17,59,15,2,2,5,31,9,17,17,4,39,8,0,1,1,1,0,,0.08,,1,116,91,78,55,21,6,,,,,,,1.27
brasileirao_serie_a_2026,2026-04-12,11,Athletico,Chapecoense,2,0,Chapecoense,away,42,8,1,3,2,6,4,0.17,0,0,0,315,266,84.4,46,26,57,9,1,0,16,10,63,47,86,40,47,14,7,50,15,15,60,17,5,3,0,15,8,15,34,9,42,11,0,0,4,4,2,,-0.18,,0,76,52,68,44,6,2,,,,,,,0.18
brasileirao_serie_a_2026,2026-04-11,11,Internacional,Grêmio,0,0,Internacional,home,54,11,3,6,5,6,2,0.94,2,,2,338,257,76.0,53,19,36,29,3,10,8,4,50,49,78,46,59,36,10,28,23,23,65,19,4,0,8,20,7,20,19,10,46,6,0,,1,1,,0,0.09,,1,112,71,63,66,16,5,,,,,,,0.89
brasileirao_serie_a_2026,2026-04-11,11,Internacional,Grêmio,0,0,Grêmio,away,46,4,1,3,2,2,0,0.42,2,,2,297,221,74.4,61,25,41,14,2,14,22,5,23,51,78,32,41,36,26,72,10,10,60,20,3,3,2,23,7,19,37,6,43,6,0,,3,3,,2,0.74,,1,67,40,60,49,7,2,,,,,,,0.23
brasileirao_serie_a_2026,2026-04-11,11,Santos,Atlético Mineiro,1,0,Santos,home,45,18,2,7,11,7,9,1.28,2,1,1,395,335,84.8,37,16,43,16,3,19,12,3,25,54,83,46,55,20,10,50,27,27,59,8,3,2,5,22,6,17,22,10,52,6,0,1,3,3,,,0.54,,0,171,137,80,66,37,1,,,,,,,1.32
brasileirao_serie_a_2026,2026-04-11,11,Santos,Atlético Mineiro,1,0,Atlético Mineiro,away,55,11,3,4,5,6,4,0.78,1,0,1,495,421,85.1,53,24,45,19,1,5,27,16,59,46,83,37,45,20,10,50,15,15,47,17,1,0,7,18,15,8,23,7,42,16,0,0,1,1,,,-0.14,,1,136,103,76,58,14,1,,,,,,,0.73
brasileirao_serie_a_2026,2026-04-11,11,Mirassol,Bahia,1,2,Mirassol,home,42,16,6,6,8,8,4,1.46,3,0,3,366,309,84.4,30,18,60,21,3,14,15,9,60,46,76,32,42,18,11,61,12,12,33,20,5,0,8,16,6,14,16,16,43,10,0,2,6,6,0,,0.93,,,107,77,72,44,21,3,,,,,,,1.16
brasileirao_serie_a_2026,2026-04-11,11,Mirassol,Bahia,1,2,Bahia,away,58,14,8,1,8,6,5,1.78,2,2,0,526,459,87.3,52,27,52,17,3,18,16,9,56,54,76,44,58,18,7,39,16,16,69,14,1,2,4,14,11,19,18,11,44,5,1,2,6,6,2,,0.36,,,122,97,80,48,19,5,,,,,,,1.95
brasileirao_serie_a_2026,2026-04-11,11,Vitória,São Paulo,2,0,Vitória,home,41,15,6,6,8,7,3,1.35,2,2,1,359,299,83.3,52,21,40,6,1,17,14,8,57,55,58,32,55,19,10,53,13,13,46,11,2,2,1,14,10,11,22,9,40,4,1,,5,5,1,1,1.09,,2,67,47,70,36,13,4,,,,,,,1.03
brasileirao_serie_a_2026,2026-04-11,11,Vitória,São Paulo,2,0,São Paulo,away,59,16,5,7,10,6,4,0.67,2,0,2,506,444,87.7,51,32,63,20,4,20,15,6,40,45,58,26,45,19,9,47,10,10,50,11,3,1,6,16,8,11,15,4,39,4,0,,4,4,1,0,-0.38,,0,153,130,85,51,19,2,,,,,,,0.67
brasileirao_serie_a_2026,2026-04-11,11,Remo,Vasco da Gama,1,1,Remo,home,43,12,2,5,8,4,5,0.71,2,1,1,337,249,73.9,51,27,53,13,3,23,16,6,38,54,74,36,49,35,23,66,20,20,45,12,0,1,3,19,10,10,31,12,46,5,0,0,2,2,,1,-0.1,,,109,67,61,56,21,4,,,,,,,0.71
brasileirao_serie_a_2026,2026-04-11,11,Remo,Vasco da Gama,1,1,Vasco da Gama,away,57,19,3,9,11,8,7,1.33,1,0,1,449,363,80.8,46,18,39,18,3,17,17,12,71,46,74,38,51,35,12,34,15,15,40,10,2,4,6,24,9,12,21,10,48,15,1,1,1,1,,1,0.25,,,140,104,74,55,28,2,,,,,,,1.25
brasileirao_serie_a_2026,2026-04-05,10,Grêmio,Remo,0,0,Grêmio,home,63,20,3,12,6,14,5,0.84,0,,0,507,452,89.2,34,24,71,40,8,20,16,5,31,49,61,30,49,33,16,48,16,16,44,8,2,2,8,22,8,9,27,5,52,6,1,0,4,4,,0,1.78,,,156,126,81,80,18,2,,,,,,,0.7
brasileirao_serie_a_2026,2026-04-05,10,Grêmio,Remo,0,0,Remo,away,37,11,4,6,5,6,1,2.09,2,,2,302,224,74.2,45,17,38,13,5,38,13,6,46,51,61,31,51,33,17,52,17,17,65,9,3,0,3,23,13,7,46,5,49,9,0,1,3,3,,2,0.36,,,108,68,63,48,19,1,,,,,,,2.01
brasileirao_serie_a_2026,2026-04-05,10,Mirassol,Red Bull Bragantino,0,1,Mirassol,home,54,15,2,8,11,4,5,0.68,1,0,1,360,299,83.1,40,22,55,32,4,13,10,3,30,44,55,21,38,32,17,53,11,11,64,7,2,3,12,22,7,10,17,6,38,7,1,1,4,4,,,0.69,,4,106,77,73,55,23,3,,,,,,,0.59
brasileirao_serie_a_2026,2026-04-05,10,Mirassol,Red Bull Bragantino,0,1,Red Bull Bragantino,away,46,16,5,5,9,7,6,1.91,4,1,3,317,243,76.7,52,22,42,12,4,33,20,14,70,56,55,34,62,32,15,47,14,14,71,10,3,2,6,22,9,7,33,6,41,5,0,0,2,2,,,0.05,,1,101,62,61,56,22,2,,,,,,,1.85
brasileirao_serie_a_2026,2026-04-05,10,Corinthians,Internacional,0,1,Corinthians,home,65,11,2,5,5,6,4,1.35,2,,2,462,378,81.8,81,51,63,23,5,22,16,9,56,59,66,40,61,24,13,54,14,14,57,16,2,2,7,29,3,19,24,9,34,4,0,,2,2,,,-0.48,,0,122,79,65,64,16,3,,,,,,,0.87
brasileirao_serie_a_2026,2026-04-05,10,Corinthians,Internacional,0,1,Internacional,away,35,8,3,0,4,4,5,0.37,0,,0,249,182,73.1,48,14,29,16,2,13,4,1,25,41,66,26,39,24,11,46,11,11,73,19,3,4,4,28,7,16,40,12,37,10,0,,2,2,,,0.12,,1,70,41,59,43,11,3,,,,,,,0.37
brasileirao_serie_a_2026,2026-04-05,10,Bahia,Palmeiras,1,2,Bahia,home,59,19,6,10,12,7,3,1.21,1,,1,490,426,86.9,36,17,47,27,6,22,12,7,58,56,75,40,53,24,15,63,16,16,44,18,2,3,7,20,1,17,18,10,50,7,0,1,4,4,0,2,-0.84,,,149,109,73,51,30,5,,,,,,,1.33
brasileirao_serie_a_2026,2026-04-05,10,Bahia,Palmeiras,1,2,Palmeiras,away,41,8,5,0,4,4,3,0.29,1,,1,347,280,80.7,44,20,45,14,2,14,17,7,41,44,75,35,47,24,9,38,12,12,58,17,4,3,5,12,8,18,35,6,43,6,0,1,4,4,1,0,-0.46,,,85,61,72,39,11,3,,,,,,,0.27
brasileirao_serie_a_2026,2026-04-05,10,Flamengo,Santos,3,1,Flamengo,home,63,19,4,7,11,8,8,2.29,5,2,3,613,539,87.9,35,23,66,18,8,44,19,12,63,64,51,32,63,32,21,66,8,8,63,2,0,2,2,19,6,11,27,3,38,7,1,0,1,1,,,-0.19,,,185,145,78,80,26,3,,,,,,,2.07
brasileirao_serie_a_2026,2026-04-05,10,Flamengo,Santos,3,1,Santos,away,37,17,2,5,7,10,10,0.77,0,0,0,357,280,78.4,48,23,48,13,2,15,5,3,60,36,51,19,37,32,11,34,14,14,64,12,2,0,7,17,9,2,19,13,39,6,0,2,1,1,,,-0.55,,,99,68,69,43,15,0,,,,,,,0.71
brasileirao_serie_a_2026,2026-04-05,10,Atlético Mineiro,Athletico,2,1,Atlético Mineiro,home,49,15,5,3,7,8,7,1.29,,,,479,427,89.1,51,26,51,9,2,22,23,15,65,57,71,40,56,13,8,62,12,12,58,9,0,3,2,15,14,13,18,9,49,10,0,,2,2,,1,-0.17,0,,106,79,75,61,19,1,,,,,,,1.27
brasileirao_serie_a_2026,2026-04-05,10,Atlético Mineiro,Athletico,2,1,Athletico,away,51,11,3,3,4,7,5,0.43,,,,477,421,88.3,56,30,54,24,4,17,11,4,36,43,71,31,44,13,5,38,18,18,44,13,1,0,8,18,6,9,13,6,52,5,0,,3,3,,0,-1.01,1,,122,88,72,63,11,2,,,,,,,0.43
brasileirao_serie_a_2026,2026-04-05,10,Chapecoense,Vitória,1,1,Chapecoense,home,58,25,6,11,17,8,8,2.15,3,1,2,353,282,79.9,40,19,48,38,10,26,14,10,71,53,60,32,53,53,28,53,9,9,67,16,2,,9,21,8,14,27,12,42,6,0,1,8,8,,1,0.33,,1,107,77,72,47,31,4,,,,,,,2.07
brasileirao_serie_a_2026,2026-04-05,10,Chapecoense,Vitória,1,1,Vitória,away,42,15,9,2,6,9,4,1.45,3,1,2,277,204,73.6,55,22,40,14,4,29,5,3,60,47,60,28,47,53,25,47,10,10,50,14,3,,1,12,15,15,45,6,38,7,0,0,5,5,,0,-0.52,,0,66,32,48,47,18,2,,,,,,,1.46
brasileirao_serie_a_2026,2026-04-05,10,Vasco da Gama,Botafogo,1,2,Vasco da Gama,home,63,17,5,6,12,5,6,2.41,4,1,3,511,458,89.6,37,19,51,24,6,25,27,7,26,48,76,35,46,26,14,54,12,12,58,11,2,,3,19,8,16,14,10,55,5,0,0,8,8,2,0,-0.21,,,148,118,80,64,29,3,,,,,,,2.16
brasileirao_serie_a_2026,2026-04-05,10,Vasco da Gama,Botafogo,1,2,Botafogo,away,37,18,9,6,12,6,3,1.19,2,1,1,303,239,78.9,44,14,32,14,4,29,9,6,67,52,76,41,54,26,12,46,25,25,64,16,4,,2,14,10,11,27,7,51,9,0,1,4,4,1,2,0.85,,,77,52,68,29,24,4,,,,,,,1.13
brasileirao_serie_a_2026,2026-04-04,10,Coritiba,Fluminense,1,1,Coritiba,home,33,10,4,4,6,4,2,0.68,1,1,0,266,210,78.9,30,14,47,11,3,27,10,5,50,54,67,36,54,23,13,57,18,18,72,8,1,0,3,14,4,14,28,8,29,8,0,,3,3,1,2,0.5,,1,86,60,70,37,22,1,,,,,,,0.68
brasileirao_serie_a_2026,2026-04-04,10,Coritiba,Fluminense,1,1,Fluminense,away,67,15,4,5,8,7,6,1.37,3,1,2,551,501,90.9,45,28,62,26,5,19,23,11,48,46,67,31,46,23,10,43,13,13,69,14,0,2,10,16,7,8,23,2,27,6,1,,3,3,0,0,-0.02,,0,123,106,86,50,31,3,,,,,,,1.39
brasileirao_serie_a_2026,2026-04-04,10,São Paulo,Cruzeiro,4,1,São Paulo,home,36,11,5,3,10,1,3,2.01,3,3,0,270,212,78.5,44,15,34,15,5,33,12,6,50,54,89,45,51,28,18,64,26,26,65,21,2,1,6,18,3,13,47,5,39,8,1,1,6,6,3,,0.64,,1,89,64,72,44,33,4,,,,,,,2.01
brasileirao_serie_a_2026,2026-04-04,10,São Paulo,Cruzeiro,4,1,Cruzeiro,away,64,14,7,5,7,7,2,1.52,2,1,1,478,421,88.1,39,21,54,20,4,20,16,9,56,46,89,44,49,28,10,36,14,14,71,14,0,0,4,25,6,21,18,5,34,19,0,0,1,1,0,,-1.29,,0,127,91,72,73,25,6,,,,,,,1.45
brasileirao_serie_a_2026,2026-04-03,9,Red Bull Bragantino,Flamengo,3,0,Red Bull Bragantino,home,56,18,6,7,10,8,5,1.72,3,1,2,468,419,89.5,48,29,60,16,7,44,10,4,40,47,55,29,53,18,5,28,14,14,43,12,4,4,7,14,4,12,17,9,46,4,0,,1,1,0,1,0.08,,,107,84,79,52,23,1,,,,,,,1.85
brasileirao_serie_a_2026,2026-04-03,9,Red Bull Bragantino,Flamengo,3,0,Flamengo,away,44,7,1,2,4,3,4,0.27,1,0,1,371,306,82.5,31,15,48,9,3,33,10,5,50,53,55,26,47,18,13,72,10,10,70,12,1,1,5,21,7,12,14,6,36,9,0,,3,3,1,1,-1.0,,,93,56,60,47,12,5,,,,,,,0.28
brasileirao_serie_a_2026,2026-04-03,9,Palmeiras,Grêmio,2,1,Palmeiras,home,60,16,4,6,7,9,6,0.64,,,,485,420,86.6,34,18,53,25,4,16,22,14,64,53,80,44,55,15,6,40,15,15,73,12,0,1,8,10,6,15,14,7,69,9,0,0,4,4,2,0,0.1,,,147,112,76,65,26,3,,,,,,,0.64
brasileirao_serie_a_2026,2026-04-03,9,Palmeiras,Grêmio,2,1,Grêmio,away,40,10,5,3,3,7,2,0.54,,,,324,249,76.9,62,22,35,13,3,23,16,8,50,47,80,36,45,15,9,60,17,17,47,15,3,1,2,21,11,12,27,8,57,7,0,1,2,2,1,3,-0.97,,,64,37,58,40,13,1,,,,,,,0.59
brasileirao_serie_a_2026,2026-04-02,9,Santos,Remo,2,0,Santos,home,58,7,3,3,4,3,1,1.33,2,2,0,518,430,83.0,26,9,35,13,3,23,19,8,42,53,71,36,51,20,12,60,17,17,59,17,4,3,7,18,7,14,35,11,49,4,0,1,4,4,0,,0.1,,1,124,84,68,45,18,2,,,,,,,1.33
brasileirao_serie_a_2026,2026-04-02,9,Santos,Remo,2,0,Remo,away,42,11,4,6,5,6,1,0.39,1,0,1,370,282,76.2,44,13,30,16,4,25,7,3,43,47,71,35,49,20,8,40,15,15,73,14,2,1,4,23,4,17,21,15,51,13,0,0,1,1,1,,-1.2,,0,106,69,65,52,10,3,,,,,,,0.43
brasileirao_serie_a_2026,2026-04-02,9,Chapecoense,Atlético Mineiro,0,4,Chapecoense,home,45,19,4,11,12,7,4,2.09,4,0,4,379,315,83.1,37,18,49,26,8,31,8,5,63,44,52,21,40,18,10,56,12,12,67,19,1,1,7,30,8,5,12,8,35,6,2,,4,4,0,0,-0.87,,1,110,69,63,62,25,1,,,,,,,2.05
brasileirao_serie_a_2026,2026-04-02,9,Chapecoense,Atlético Mineiro,0,4,Atlético Mineiro,away,55,20,8,5,16,4,7,1.74,3,2,1,493,425,86.2,72,43,60,7,2,29,12,5,42,56,52,31,60,18,8,44,9,9,33,5,0,1,3,22,14,19,30,10,40,5,2,,3,3,1,1,0.17,,1,119,95,80,46,30,0,,,,,,,1.74
brasileirao_serie_a_2026,2026-04-02,9,Fluminense,Corinthians,3,1,Fluminense,home,61,20,10,6,10,10,4,2.14,4,3,1,526,466,88.6,37,17,46,17,5,29,9,7,78,55,52,30,58,22,11,50,11,11,45,10,1,1,8,20,4,13,25,4,38,7,1,,3,3,2,2,-0.08,,,137,110,80,43,29,4,,,,,,,1.87
brasileirao_serie_a_2026,2026-04-02,9,Fluminense,Corinthians,3,1,Corinthians,away,39,12,4,4,7,5,4,0.56,1,0,1,332,273,82.2,39,15,38,19,4,21,11,4,36,45,52,22,42,22,11,50,9,9,89,13,4,2,10,9,6,10,18,6,44,4,0,,7,7,2,0,0.21,,,97,66,68,42,14,1,,,,,,,0.56
brasileirao_serie_a_2026,2026-04-01,9,Coritiba,Vasco da Gama,1,1,Coritiba,home,65,18,4,8,9,9,6,1.58,1,,1,583,515,88.3,36,20,56,21,10,48,14,6,43,48,62,28,45,25,14,56,11,11,82,11,2,1,3,21,5,11,13,4,37,4,1,,1,1,1,0,-0.82,,1,145,108,74,60,23,2,,,,,,,1.5
brasileirao_serie_a_2026,2026-04-01,9,Coritiba,Vasco da Gama,1,1,Vasco da Gama,away,35,11,2,5,4,7,4,0.51,0,,0,316,260,82.3,47,18,38,9,3,33,15,11,73,52,62,34,55,25,11,44,12,12,92,11,1,4,4,10,9,11,33,2,41,7,1,,4,4,1,1,-0.48,,1,88,63,72,41,11,1,,,,,,,0.49
brasileirao_serie_a_2026,2026-04-01,9,Cruzeiro,Vitória,3,0,Cruzeiro,home,59,11,6,3,6,5,2,1.94,2,1,1,550,489,88.9,32,15,47,14,5,36,10,3,30,51,59,29,49,25,14,56,14,14,57,15,1,2,5,15,2,12,25,6,45,3,0,1,1,1,0,,0.07,,,136,102,75,60,12,3,,,,,,,1.97
brasileirao_serie_a_2026,2026-04-01,9,Cruzeiro,Vitória,3,0,Vitória,away,41,4,1,1,1,3,2,0.12,0,0,0,374,313,83.7,40,18,45,16,5,31,10,6,60,49,59,30,51,25,11,44,10,10,60,12,3,0,6,17,6,15,13,8,42,10,0,0,2,2,2,,-1.66,,,72,46,64,46,11,0,,,,,,,0.12
brasileirao_serie_a_2026,2026-04-01,9,Bahia,Athletico,3,0,Bahia,home,52,7,5,1,6,1,1,1.0,3,2,1,462,392,84.8,38,18,47,8,2,25,9,5,56,61,61,35,57,15,11,73,13,13,69,15,2,3,3,12,11,19,23,11,47,2,0,1,4,4,0,1,0.66,,1,92,66,72,41,15,2,,,,,,,1.16
brasileirao_serie_a_2026,2026-04-01,9,Bahia,Athletico,3,0,Athletico,away,48,12,4,6,4,8,2,0.58,1,0,1,422,364,86.3,36,14,39,14,1,7,15,7,47,39,61,26,43,15,4,27,6,6,67,19,2,3,1,20,1,15,12,9,45,5,1,1,2,2,1,2,-1.28,,0,131,100,76,66,8,3,,,,,,,0.56
brasileirao_serie_a_2026,2026-04-01,9,Internacional,São Paulo,1,1,Internacional,home,34,6,4,2,5,1,0,0.92,2,1,1,296,227,76.7,48,20,42,17,5,29,7,3,43,46,68,34,50,26,9,35,16,16,75,18,1,0,2,13,10,15,41,6,39,9,0,,2,2,1,,-0.51,,1,99,65,66,47,13,2,,,,,,,1.02
brasileirao_serie_a_2026,2026-04-01,9,Internacional,São Paulo,1,1,São Paulo,away,66,15,3,7,9,6,5,0.96,2,1,1,587,518,88.2,60,36,60,40,8,20,9,4,44,54,68,34,50,26,17,65,13,13,62,15,1,2,11,13,5,18,25,5,48,11,0,,3,3,0,,0.08,,1,152,120,79,58,22,5,,,,,,,0.86
brasileirao_serie_a_2026,2026-04-01,9,Botafogo,Mirassol,3,2,Botafogo,home,35,11,5,4,10,1,2,2.66,4,2,2,320,254,79.4,54,21,39,5,1,20,23,14,61,55,84,48,57,32,16,50,21,21,62,14,3,,2,14,12,13,29,4,43,10,1,1,2,2,,,-0.96,,,62,41,66,28,17,1,,,,,,,2.38
brasileirao_serie_a_2026,2026-04-01,9,Botafogo,Mirassol,3,2,Mirassol,away,65,19,4,8,9,10,7,1.08,1,0,1,569,511,89.8,31,21,68,31,7,23,13,4,31,45,84,36,43,32,16,50,19,19,63,14,3,,8,17,2,14,13,7,46,12,1,0,2,2,,,-0.68,,,196,163,83,88,28,3,,,,,,,0.95
brasileirao_serie_a_2026,2026-03-29,5,Athletico,Botafogo,4,1,Athletico,home,46,11,8,1,6,5,2,1.34,4,3,1,352,301,85.5,47,24,51,6,2,33,8,4,50,43,63,29,46,13,4,31,12,12,75,15,2,4,1,15,11,13,20,6,43,9,0,,2,2,1,,0.5,0,2,85,61,72,50,13,3,,,,,,,1.42
brasileirao_serie_a_2026,2026-03-29,5,Athletico,Botafogo,4,1,Botafogo,away,54,12,3,4,6,6,5,0.81,1,1,0,404,347,85.9,40,20,50,18,5,28,11,6,55,57,63,34,54,13,9,69,13,13,62,13,3,2,8,20,4,15,16,6,39,7,0,,4,4,0,,-0.64,1,4,81,55,68,39,17,1,,,,,,,0.87
brasileirao_serie_a_2026,2026-03-22,8,Corinthians,Flamengo,1,1,Corinthians,home,54,13,2,4,8,5,7,1.62,1,1,,419,366,87.4,76,56,74,17,4,24,15,9,60,56,87,45,52,18,14,78,23,23,65,21,2,3,6,18,7,13,17,5,33,9,1,,1,1,1,0,-0.7,1,0,134,102,76,66,21,2,,,,,,,1.43
brasileirao_serie_a_2026,2026-03-22,8,Corinthians,Flamengo,1,1,Flamengo,away,46,10,2,5,3,7,3,0.35,1,1,,355,303,85.4,39,20,51,8,1,13,15,6,40,44,87,42,48,18,4,22,15,15,73,13,3,2,2,16,7,21,21,8,33,14,1,,1,1,0,1,0.46,0,1,55,32,58,33,10,4,,,,,,,0.36
brasileirao_serie_a_2026,2026-03-22,8,Vitória,Mirassol,1,0,Vitória,home,40,13,6,3,5,8,4,0.63,0,,0,297,223,75.1,50,17,34,16,2,13,20,7,35,41,85,35,41,43,17,40,20,20,60,18,3,3,4,22,9,8,44,6,55,6,0,,3,3,0,1,0.43,,0,84,53,63,43,16,2,,,,,,,0.81
brasileirao_serie_a_2026,2026-03-22,8,Vitória,Mirassol,1,0,Mirassol,away,60,14,3,6,6,8,5,0.84,2,,2,432,363,84.0,40,20,50,29,7,24,27,16,59,59,85,50,59,43,26,60,19,19,53,8,3,1,5,27,4,18,32,10,46,9,0,,5,5,1,0,0.4,,1,130,95,73,54,28,2,,,,,,,1.04
brasileirao_serie_a_2026,2026-03-22,8,Internacional,Chapecoense,2,0,Internacional,home,48,14,7,5,8,6,2,3.69,5,2,3,404,333,82.4,57,25,44,21,2,10,11,5,45,50,71,32,45,30,19,63,19,19,74,16,2,0,4,10,9,8,21,14,45,10,0,,0,0,0,1,0.0,,,126,82,65,57,28,2,,,,,,,3.83
brasileirao_serie_a_2026,2026-03-22,8,Internacional,Chapecoense,2,0,Chapecoense,away,52,10,0,8,7,3,2,0.46,0,0,0,433,356,82.2,50,28,56,21,5,24,14,8,57,50,71,39,55,30,11,37,16,16,75,9,3,3,4,26,9,16,23,5,43,13,0,,5,5,1,0,0.13,,,89,69,78,42,11,2,,,,,,,0.46
brasileirao_serie_a_2026,2026-03-22,8,Vasco da Gama,Grêmio,2,1,Vasco da Gama,home,37,10,5,4,7,3,1,1.6,4,1,3,327,254,77.7,42,14,33,7,2,29,20,12,60,45,61,28,46,26,11,42,13,13,77,11,3,0,0,18,6,4,36,16,60,8,1,1,2,2,,1,-0.29,1,1,138,96,70,52,23,1,,,,,,,1.48
brasileirao_serie_a_2026,2026-03-22,8,Vasco da Gama,Grêmio,2,1,Grêmio,away,63,9,3,5,6,3,1,0.54,1,0,1,548,467,85.2,52,22,42,20,3,15,11,7,64,55,61,33,54,26,15,58,16,16,56,4,1,1,2,27,11,11,11,10,53,9,0,0,3,3,,0,0.69,0,0,119,79,66,69,24,1,,,,,,,0.54
brasileirao_serie_a_2026,2026-03-22,8,Remo,Bahia,4,1,Remo,home,38,16,10,2,8,8,4,1.56,5,3,2,274,202,73.7,55,21,38,18,3,17,6,4,67,47,64,29,45,23,12,52,18,18,50,15,3,5,5,16,10,10,36,6,42,7,1,1,2,2,0,1,0.25,,,87,60,69,38,17,1,,,,,,,1.56
brasileirao_serie_a_2026,2026-03-22,8,Remo,Bahia,4,1,Bahia,away,62,11,3,3,8,3,5,1.56,3,1,2,457,401,87.7,31,12,39,20,5,25,19,11,58,53,64,35,55,23,11,48,9,9,44,10,1,2,9,20,3,14,33,13,45,10,0,0,6,6,1,0,-0.6,,,114,80,70,56,25,5,,,,,,,1.44
brasileirao_serie_a_2026,2026-03-22,8,Cruzeiro,Santos,0,0,Cruzeiro,home,60,8,3,4,5,3,1,1.22,1,,1,481,403,83.8,52,27,52,24,8,33,17,9,53,49,78,39,50,30,14,47,15,15,47,18,2,5,6,26,7,16,7,7,37,8,0,,1,1,1,0,0.04,,,121,79,65,61,18,5,,,,,,,1.11
brasileirao_serie_a_2026,2026-03-22,8,Cruzeiro,Santos,0,0,Santos,away,40,5,1,2,1,5,2,0.12,1,,1,333,250,75.1,58,19,33,3,1,0,15,5,33,51,78,39,50,30,16,53,16,16,50,16,4,4,0,22,10,18,31,6,41,5,0,,3,3,2,1,0.88,,,70,36,51,38,3,1,,,,,,,0.12
brasileirao_serie_a_2026,2026-03-22,8,Athletico,Coritiba,2,0,Athletico,home,53,6,4,0,4,2,2,1.08,2,1,1,371,313,84.4,47,23,49,19,1,5,8,4,50,46,49,24,49,16,6,38,10,10,50,11,0,0,7,19,4,10,17,7,35,7,0,,1,1,,1,0.04,,,116,74,64,65,14,2,,,,,,,0.86
brasileirao_serie_a_2026,2026-03-22,8,Athletico,Coritiba,2,0,Coritiba,away,47,4,1,3,2,2,0,0.14,0,0,0,326,269,82.5,37,18,49,12,3,25,11,3,27,54,49,25,51,16,10,63,11,11,55,10,2,1,4,20,2,11,34,4,33,2,0,,2,2,,1,0.13,,,34,16,47,23,4,2,,,,,,,0.13
brasileirao_serie_a_2026,2026-03-22,8,São Paulo,Palmeiras,0,1,São Paulo,home,63,3,0,2,1,2,1,0.05,,,,543,474,87.3,40,21,53,41,3,7,19,10,53,52,97,55,57,31,11,35,24,24,75,13,3,5,10,18,4,21,17,8,53,7,0,0,1,1,,0,-0.6,,0,153,107,70,69,15,2,,,,,,,0.05
brasileirao_serie_a_2026,2026-03-22,8,São Paulo,Palmeiras,0,1,Palmeiras,away,37,6,2,3,1,5,1,0.17,,,,334,271,81.1,56,30,54,6,1,17,23,13,57,48,97,42,43,31,20,65,16,16,63,21,5,1,1,16,6,13,44,10,52,14,0,1,0,0,,3,0.0,,1,68,45,66,49,9,2,,,,,,,0.13
brasileirao_serie_a_2026,2026-03-21,8,Fluminense,Atlético Mineiro,1,0,Fluminense,home,56,14,4,7,4,10,3,0.71,1,1,0,466,393,84.3,35,15,43,7,1,14,10,6,60,49,73,33,45,26,16,62,15,15,47,18,5,,3,14,7,15,22,8,44,8,0,0,4,4,1,1,1.5,,,127,91,72,44,18,1,,,,,,,0.71
brasileirao_serie_a_2026,2026-03-21,8,Fluminense,Atlético Mineiro,1,0,Atlético Mineiro,away,44,14,5,7,11,3,2,1.77,5,0,5,359,277,77.2,63,31,49,16,2,13,17,10,59,51,73,40,55,26,10,38,12,12,58,15,5,,2,22,9,18,13,10,45,8,1,1,3,3,1,0,-0.07,,,90,63,70,53,18,3,,,,,,,1.69
brasileirao_serie_a_2026,2026-03-21,8,Red Bull Bragantino,Botafogo,1,2,Red Bull Bragantino,home,59,18,6,7,9,9,5,1.85,5,1,4,400,335,83.8,48,27,56,31,12,39,21,8,38,46,72,33,46,19,9,47,16,16,81,12,2,4,11,21,6,9,22,10,47,9,0,1,0,0,0,0,-0.81,,0,139,101,73,55,33,2,,,,,,,1.6
brasileirao_serie_a_2026,2026-03-21,8,Red Bull Bragantino,Botafogo,1,2,Botafogo,away,41,8,3,5,7,1,1,1.18,2,1,1,287,208,72.5,61,18,30,10,3,30,16,5,31,54,72,39,54,19,10,53,22,22,73,9,3,0,6,19,12,11,32,5,41,5,1,1,5,5,1,1,0.97,,2,71,35,49,36,18,4,,,,,,,1.18
brasileirao_serie_a_2026,2026-03-20,7,Chapecoense,Corinthians,0,0,Chapecoense,home,36,14,4,6,6,8,4,0.81,2,,2,285,226,79.3,52,29,56,20,4,20,11,5,45,43,65,28,43,26,11,42,13,13,62,18,3,1,6,18,11,11,25,7,37,6,0,,4,4,1,1,0.71,,0,65,42,65,39,16,1,,,,,,,0.7
brasileirao_serie_a_2026,2026-03-20,7,Chapecoense,Corinthians,0,0,Corinthians,away,64,13,4,7,7,6,2,1.26,2,,2,527,460,87.3,54,28,52,20,7,35,13,7,54,57,65,37,57,26,15,58,12,12,67,11,4,2,4,22,8,18,16,5,44,7,1,,5,5,0,0,0.19,,1,123,91,74,57,18,4,,,,,,,1.14
brasileirao_serie_a_2026,2026-03-19,7,Flamengo,Remo,3,0,Flamengo,home,65,11,3,2,7,4,6,0.91,2,,2,684,630,92.1,22,18,82,20,5,25,12,6,50,48,69,36,52,16,5,31,19,19,74,14,2,3,7,16,7,11,10,10,46,7,0,1,1,1,,0,0.03,,,174,134,77,80,31,2,,,,,,,0.73
brasileirao_serie_a_2026,2026-03-19,7,Flamengo,Remo,3,0,Remo,away,35,7,1,5,4,3,1,0.65,0,,0,365,307,84.1,40,20,50,8,1,13,15,6,40,52,69,33,48,16,11,69,13,13,62,11,2,0,2,9,5,14,29,11,44,10,0,0,0,0,,2,-2.05,,,79,60,76,38,13,0,,,,,,,0.63
brasileirao_serie_a_2026,2026-03-19,7,Grêmio,Vitória,2,0,Grêmio,home,43,14,4,5,9,5,5,0.95,1,,1,351,289,82.3,52,29,56,19,5,26,14,6,43,45,74,35,47,13,4,31,12,12,58,15,1,1,4,17,6,17,32,11,49,9,0,0,0,0,,1,0.13,,1,107,77,72,63,17,5,,,,,,,1.13
brasileirao_serie_a_2026,2026-03-19,7,Grêmio,Vitória,2,0,Vitória,away,57,8,1,6,5,3,2,0.4,1,,1,457,390,85.3,41,14,34,25,6,24,14,7,50,55,74,39,53,13,9,69,17,17,59,17,3,1,5,12,5,15,22,7,48,5,0,1,3,3,,1,-1.16,,2,108,70,65,56,14,3,,,,,,,0.59
brasileirao_serie_a_2026,2026-03-19,7,Vasco da Gama,Fluminense,3,2,Vasco da Gama,home,52,16,6,7,6,10,3,1.0,2,2,0,402,341,84.8,44,22,50,24,5,21,13,7,54,49,64,32,50,31,15,48,16,16,56,9,2,2,5,13,5,10,24,13,46,10,0,0,3,3,2,,-0.85,1,1,150,121,81,74,16,3,,,,,,,0.99
brasileirao_serie_a_2026,2026-03-19,7,Vasco da Gama,Fluminense,3,2,Fluminense,away,48,14,5,5,5,9,4,0.94,2,1,1,384,325,84.6,36,15,42,10,1,10,19,9,47,51,64,32,50,31,16,52,16,16,69,10,0,2,5,16,13,9,26,6,31,6,1,1,3,3,2,,-0.25,0,0,71,53,75,29,14,0,,,,,,,0.73
brasileirao_serie_a_2026,2026-03-19,7,Santos,Internacional,1,2,Santos,home,61,11,2,6,8,3,3,1.17,1,1,0,441,363,82.3,54,34,63,24,6,25,16,8,50,58,59,33,56,36,22,61,13,13,62,6,4,4,3,14,5,11,39,16,43,7,0,,6,6,2,1,-0.81,,3,148,121,82,48,19,3,,,,,,,1.19
brasileirao_serie_a_2026,2026-03-19,7,Santos,Internacional,1,2,Internacional,away,39,17,6,4,8,9,7,1.24,3,1,2,281,186,66.2,58,20,34,16,0,0,8,5,63,42,59,26,44,36,14,39,15,15,60,12,3,2,8,23,9,6,32,16,35,10,0,,1,1,0,0,-0.31,,0,119,63,53,66,18,2,,,,,,,1.18
brasileirao_serie_a_2026,2026-03-18,7,Mirassol,Coritiba,0,1,Mirassol,home,69,21,6,11,14,7,4,1.74,2,0,2,594,533,89.7,44,28,64,42,14,33,14,6,43,51,53,25,47,25,15,60,9,9,22,8,2,3,7,20,8,11,15,8,40,9,1,,3,3,1,0,-0.26,1,,206,174,84,78,28,7,,,,,,,1.6
brasileirao_serie_a_2026,2026-03-18,7,Mirassol,Coritiba,0,1,Coritiba,away,31,14,4,5,8,6,5,1.16,3,1,2,274,202,73.7,56,18,32,10,1,10,8,6,75,49,53,28,53,25,10,40,17,17,47,11,2,3,2,11,14,8,38,8,40,7,0,,6,6,2,1,0.8,0,,105,70,67,40,23,1,,,,,,,1.07
brasileirao_serie_a_2026,2026-03-18,7,Atlético Mineiro,São Paulo,1,0,Atlético Mineiro,home,29,13,4,4,8,5,5,1.08,1,1,0,236,173,73.3,52,16,31,11,5,45,8,2,25,46,54,23,43,20,11,55,6,6,50,16,1,2,4,22,8,17,29,8,39,6,0,0,3,3,1,3,0.38,,,69,43,62,34,17,4,,,,,,,1.07
brasileirao_serie_a_2026,2026-03-18,7,Atlético Mineiro,São Paulo,1,0,São Paulo,away,71,12,3,4,4,8,5,0.53,1,0,1,583,514,88.2,36,20,56,20,1,5,5,3,60,54,54,31,57,20,9,45,12,12,58,17,1,0,1,25,6,16,17,2,41,4,0,1,3,3,3,1,0.27,,,184,148,80,87,13,5,,,,,,,0.58
brasileirao_serie_a_2026,2026-03-18,7,Athletico,Cruzeiro,2,1,Athletico,home,48,8,4,3,7,1,1,1.18,1,1,1,393,323,82.2,55,27,49,18,5,28,10,3,30,45,74,32,43,24,12,50,12,12,67,26,2,1,4,20,9,19,22,11,36,5,1,,1,1,,,-0.15,,1,106,71,67,61,15,4,,,,,,,1.2
brasileirao_serie_a_2026,2026-03-18,7,Athletico,Cruzeiro,2,1,Cruzeiro,away,52,11,2,6,5,6,3,1.43,2,1,1,426,359,84.3,46,25,54,15,1,0,15,7,47,55,74,42,57,24,12,50,12,12,67,20,3,2,6,13,10,26,22,11,28,4,0,,2,2,,,-0.83,,0,107,75,70,50,12,1,,,,,,,1.23
brasileirao_serie_a_2026,2026-03-18,7,Palmeiras,Botafogo,2,1,Palmeiras,home,52,19,6,11,13,6,2,1.92,4,1,4,401,346,86.3,37,22,59,10,3,30,22,12,55,49,89,46,52,15,5,33,21,21,48,13,1,5,6,25,5,13,16,2,45,9,0,2,2,2,0,,-0.25,,1,87,64,74,34,30,2,,,,,,,1.71
brasileirao_serie_a_2026,2026-03-18,7,Palmeiras,Botafogo,2,1,Botafogo,away,48,6,3,1,4,2,2,0.59,2,1,1,367,303,82.6,60,40,67,12,1,8,21,11,52,51,89,43,48,15,10,67,19,19,53,13,3,0,1,16,13,13,14,10,37,11,0,0,5,5,1,,0.05,,0,92,65,71,54,13,4,,,,,,,0.6
brasileirao_serie_a_2026,2026-03-18,7,Bahia,Red Bull Bragantino,2,0,Bahia,home,57,15,9,5,11,4,1,1.79,5,1,4,456,391,85.7,56,26,46,13,3,23,18,10,56,43,90,40,44,25,9,36,14,14,50,15,3,2,7,13,8,16,27,9,53,10,0,1,3,3,1,0,0.89,,1,126,98,78,55,30,3,,,,,,,1.98
brasileirao_serie_a_2026,2026-03-18,7,Bahia,Red Bull Bragantino,2,0,Red Bull Bragantino,away,43,15,3,8,11,4,4,1.66,2,0,2,336,267,79.5,44,22,50,18,3,17,24,17,71,57,90,50,56,25,16,64,18,18,39,16,1,1,7,15,5,15,16,10,51,7,2,0,6,6,1,1,0.32,,0,99,63,64,46,25,2,,,,,,,1.41
brasileirao_serie_a_2026,2026-03-16,6,Chapecoense,Grêmio,1,1,Chapecoense,home,35,11,1,7,8,3,3,1.15,2,1,1,289,223,77.2,47,23,49,21,7,33,7,5,71,53,64,33,52,14,8,57,18,18,72,16,3,1,4,12,8,9,27,7,41,2,0,,3,3,,1,0.01,1,2,79,51,65,46,15,4,,,,,,,1.11
brasileirao_serie_a_2026,2026-03-16,6,Chapecoense,Grêmio,1,1,Grêmio,away,65,13,4,3,4,9,6,0.72,1,1,0,573,521,90.9,62,46,74,28,5,18,18,11,61,47,64,31,48,14,6,43,4,4,100,10,3,2,5,18,9,16,17,6,44,11,1,,0,0,,2,-0.13,0,0,181,149,82,73,20,3,,,,,,,0.69
brasileirao_serie_a_2026,2026-03-15,6,Red Bull Bragantino,São Paulo,1,2,Red Bull Bragantino,home,50,13,3,6,7,6,4,0.61,0,0,,317,257,81.1,61,32,52,22,8,36,24,21,88,63,80,48,60,35,24,69,17,17,41,18,4,1,6,24,4,13,12,12,34,6,0,,1,1,1,0,-0.69,1,,117,82,70,48,27,3,,,,,,,0.65
brasileirao_serie_a_2026,2026-03-15,6,Red Bull Bragantino,São Paulo,1,2,São Paulo,away,50,4,3,1,4,0,0,0.8,1,1,,331,268,81.0,42,15,36,13,1,8,17,6,35,37,80,32,40,35,11,31,9,9,56,13,4,1,4,21,9,18,33,4,28,6,0,,2,2,1,1,0.29,0,,93,61,66,40,13,3,,,,,,,0.8
brasileirao_serie_a_2026,2026-03-15,6,Cruzeiro,Vasco da Gama,3,3,Cruzeiro,home,60,20,6,10,9,11,4,1.12,4,3,1,462,405,87.7,31,15,48,33,10,30,7,2,29,51,49,25,51,28,14,50,14,14,57,9,2,0,5,10,11,11,26,12,35,0,0,,2,2,1,0,-1.43,,,167,142,85,55,24,3,,,,,,,1.29
brasileirao_serie_a_2026,2026-03-15,6,Cruzeiro,Vasco da Gama,3,3,Vasco da Gama,away,40,15,7,5,10,5,3,1.37,3,2,1,314,252,80.3,49,21,43,13,4,31,15,10,67,49,49,24,49,28,14,50,5,5,40,11,3,1,4,21,11,9,22,6,39,9,1,,3,3,2,2,-0.55,,,106,70,66,47,19,2,,,,,,,1.28
brasileirao_serie_a_2026,2026-03-15,6,Palmeiras,Mirassol,1,0,Palmeiras,home,43,11,4,5,6,5,2,0.52,1,,1,360,303,84.2,54,31,57,19,3,16,16,12,75,56,73,43,59,20,9,45,14,14,71,14,1,,2,20,10,17,22,11,43,4,0,2,2,2,,3,0.27,,,97,68,70,44,12,1,,,,,,,0.52
brasileirao_serie_a_2026,2026-03-15,6,Palmeiras,Mirassol,1,0,Mirassol,away,57,12,2,5,5,7,5,0.65,1,,1,478,424,88.7,39,26,67,28,6,21,15,8,53,44,73,30,41,20,11,55,8,8,88,17,3,,4,19,7,14,19,4,37,7,0,0,3,3,,0,-0.81,,,165,136,82,67,21,2,,,,,,,0.45
brasileirao_serie_a_2026,2026-03-15,6,Coritiba,Remo,1,0,Coritiba,home,42,8,4,2,8,0,2,0.88,2,1,1,289,222,76.8,42,13,31,14,4,29,14,5,36,47,72,32,44,20,11,55,16,16,50,13,2,6,4,14,15,11,23,12,33,6,0,1,1,1,1,,0.07,0,,69,42,61,37,20,3,,,,,,,0.92
brasileirao_serie_a_2026,2026-03-15,6,Coritiba,Remo,1,0,Remo,away,58,14,1,11,3,11,2,0.7,1,0,1,387,332,85.8,39,19,49,34,4,12,20,12,60,53,72,40,56,20,9,45,15,15,53,11,3,1,6,15,3,13,22,10,40,8,0,0,3,3,2,,0.4,1,,131,103,79,56,10,3,,,,,,,0.53
brasileirao_serie_a_2026,2026-03-15,6,Santos,Corinthians,1,1,Santos,home,44,11,3,6,7,4,2,1.03,1,1,,299,233,77.9,37,12,32,17,3,18,14,5,36,43,82,38,46,19,5,26,19,19,58,20,5,1,4,18,5,15,21,15,36,10,0,,3,3,3,,0.43,0,,95,56,59,63,15,4,,,,,,,1.03
brasileirao_serie_a_2026,2026-03-15,6,Santos,Corinthians,1,1,Corinthians,away,56,10,4,2,6,4,4,0.46,0,0,,382,310,81.2,36,13,36,11,6,55,14,5,36,57,82,44,54,19,14,74,19,19,53,15,3,2,6,19,8,20,26,11,39,10,1,,2,2,0,,1.26,1,,114,89,78,49,17,6,,,,,,,0.33
brasileirao_serie_a_2026,2026-03-15,6,Internacional,Bahia,0,1,Internacional,home,53,14,2,9,10,4,3,1.65,3,0,3,381,306,80.3,59,28,47,35,8,23,15,7,47,51,100,52,52,34,16,47,26,26,58,20,3,3,7,31,6,20,16,6,40,16,0,0,1,1,,0,-0.01,,0,128,92,72,68,27,3,,,,,,,1.8
brasileirao_serie_a_2026,2026-03-15,6,Internacional,Bahia,0,1,Bahia,away,47,7,1,2,4,3,4,0.85,1,1,0,356,280,78.7,53,14,26,3,1,33,15,6,40,49,100,48,48,34,18,53,24,24,67,20,2,3,1,16,10,20,52,3,42,17,0,1,2,2,,2,0.42,,1,68,42,62,36,12,3,,,,,,,0.85
brasileirao_serie_a_2026,2026-03-15,6,Fluminense,Athletico,3,2,Fluminense,home,79,24,10,9,20,4,5,2.11,5,1,4,681,632,92.8,33,17,52,15,6,40,13,9,69,51,58,29,50,17,9,53,11,11,91,14,2,2,7,14,4,9,16,5,33,9,2,1,0,0,,,-1.17,,1,193,168,87,54,40,0,,,,,,,2.02
brasileirao_serie_a_2026,2026-03-15,6,Fluminense,Athletico,3,2,Athletico,away,21,4,2,2,3,1,0,0.54,2,1,1,183,133,72.7,40,20,50,4,2,50,10,4,40,49,58,29,50,17,8,47,13,13,54,9,3,1,1,14,7,14,24,8,30,5,0,0,7,7,,,0.56,,2,45,17,38,38,6,2,,,,,,,0.54
brasileirao_serie_a_2026,2026-03-14,6,Botafogo,Flamengo,0,3,Botafogo,home,42,7,1,4,3,4,2,0.75,0,0,0,419,359,85.7,48,24,50,9,1,11,19,9,47,36,76,28,37,14,4,29,10,10,70,16,3,0,2,20,6,10,12,12,46,13,0,0,3,3,1,0,-0.81,,,65,42,65,37,9,1,,,,,,,0.72
brasileirao_serie_a_2026,2026-03-14,6,Botafogo,Flamengo,0,3,Flamengo,away,58,18,6,7,10,8,5,1.38,2,1,1,578,522,90.3,39,30,77,9,2,22,14,10,71,64,76,48,63,14,10,71,23,23,61,10,2,1,4,13,6,16,18,10,46,6,0,1,1,1,0,1,0.01,,,153,120,78,71,20,3,,,,,,,1.16
brasileirao_serie_a_2026,2026-03-14,6,Vitória,Atlético Mineiro,2,0,Vitória,home,33,9,4,4,7,2,1,0.47,0,,0,246,184,74.8,47,12,26,13,2,15,20,5,25,44,87,43,49,32,9,28,25,25,76,18,2,2,4,19,8,13,41,9,44,3,0,0,3,3,0,,0.92,,0,89,53,60,53,10,1,,,,,,,0.33
brasileirao_serie_a_2026,2026-03-14,6,Vitória,Atlético Mineiro,2,0,Atlético Mineiro,away,67,12,3,7,9,3,2,1.17,3,,3,489,413,84.5,50,24,48,30,7,23,27,11,41,56,87,44,51,32,23,72,18,18,61,13,3,2,10,28,4,18,23,7,41,9,0,1,2,2,1,,-1.11,,1,151,110,73,61,25,0,,,,,,,0.99
brasileirao_serie_a_2026,2026-03-13,5,Grêmio,Red Bull Bragantino,1,1,Grêmio,home,39,13,6,5,9,4,2,1.56,4,1,3,267,209,78.3,55,27,49,17,8,47,23,9,39,47,90,43,48,22,10,45,21,21,62,13,2,1,4,13,13,13,17,11,50,8,0,,7,7,0,3,-0.14,,,55,31,56,35,21,2,,,,,,,1.41
brasileirao_serie_a_2026,2026-03-13,5,Grêmio,Red Bull Bragantino,1,1,Red Bull Bragantino,away,61,20,8,10,11,9,2,1.66,2,1,2,436,364,83.5,44,21,48,22,4,18,20,12,60,53,90,47,52,22,12,55,22,22,64,13,4,2,6,16,5,13,17,9,55,13,0,,4,4,1,1,0.53,,,170,124,73,62,22,2,,,,,,,1.62
brasileirao_serie_a_2026,2026-03-12,5,São Paulo,Chapecoense,2,0,São Paulo,home,63,18,7,7,9,9,4,1.53,2,2,0,486,406,83.5,53,24,45,38,7,18,11,5,45,48,54,27,50,37,17,46,11,11,55,13,0,3,11,13,4,12,30,9,50,4,1,,1,1,1,,0.42,,0,161,123,76,60,27,3,,,,,,,1.48
brasileirao_serie_a_2026,2026-03-12,5,São Paulo,Chapecoense,2,0,Chapecoense,away,37,7,1,4,3,4,2,0.57,1,0,1,286,206,72.0,54,21,39,20,2,10,14,4,29,52,54,27,50,37,20,54,10,10,60,12,1,0,6,32,12,13,47,5,35,1,0,,5,5,3,,0.56,,1,90,58,64,53,15,1,,,,,,,0.57
brasileirao_serie_a_2026,2026-03-12,5,Vasco da Gama,Palmeiras,2,1,Vasco da Gama,home,50,17,6,6,6,11,5,1.5,2,2,0,439,369,84.1,44,19,43,26,4,15,26,13,50,50,82,47,57,30,9,30,18,18,61,6,2,0,9,16,4,18,23,10,50,12,0,,2,2,,,0.22,,0,175,131,75,69,28,3,,,,,,,1.0
brasileirao_serie_a_2026,2026-03-12,5,Vasco da Gama,Palmeiras,2,1,Palmeiras,away,50,8,3,3,3,5,2,0.71,1,0,1,438,371,84.7,40,16,40,20,1,0,12,5,42,50,82,35,43,30,21,70,25,25,56,18,2,1,5,17,6,6,45,6,49,11,0,,4,4,,,-0.79,,1,143,109,76,62,17,1,,,,,,,0.63
brasileirao_serie_a_2026,2026-03-12,5,Remo,Fluminense,0,2,Remo,home,33,10,3,4,4,6,3,0.85,1,0,1,304,246,80.9,41,19,46,24,3,13,19,9,47,47,74,36,49,26,11,42,18,18,33,11,2,2,6,12,5,14,20,6,41,6,0,,5,5,2,,0.74,,,88,57,65,57,14,3,,,,,,,0.7
brasileirao_serie_a_2026,2026-03-12,5,Remo,Fluminense,0,2,Fluminense,away,67,15,7,5,9,6,3,2.22,2,2,0,657,585,89.0,57,37,65,10,3,30,20,12,60,53,74,38,51,26,15,58,16,16,63,14,1,5,4,13,5,11,29,6,45,10,1,,3,3,1,,1.16,,,160,129,81,63,32,2,,,,,,,1.6
brasileirao_serie_a_2026,2026-03-12,5,Flamengo,Cruzeiro,2,0,Flamengo,home,44,15,7,6,12,3,2,1.24,1,1,0,394,339,86.0,38,21,55,9,2,22,10,6,60,45,69,31,45,26,12,46,12,12,83,19,2,0,4,7,5,13,29,12,47,9,2,3,4,4,1,1,0.98,0,1,89,65,73,36,24,2,,,,,,,1.13
brasileirao_serie_a_2026,2026-03-12,5,Flamengo,Cruzeiro,2,0,Cruzeiro,away,56,13,4,3,10,3,6,0.57,1,0,1,494,431,87.2,41,21,51,19,7,37,13,7,54,55,69,38,55,26,14,54,13,13,54,13,2,1,7,23,9,19,13,8,34,6,0,0,4,4,2,1,0.22,2,1,128,98,77,63,23,3,,,,,,,0.55
brasileirao_serie_a_2026,2026-03-12,5,Corinthians,Coritiba,0,2,Corinthians,home,73,11,1,7,7,4,3,0.67,0,0,,552,505,91.5,48,36,75,43,8,19,12,3,25,53,58,31,53,16,8,50,12,12,75,15,2,0,8,22,4,18,20,4,30,5,0,,0,0,,0,-0.89,,,212,177,83,100,19,3,,,,,,,0.73
brasileirao_serie_a_2026,2026-03-12,5,Corinthians,Coritiba,0,2,Coritiba,away,27,4,2,1,2,2,1,0.56,1,1,,210,156,74.3,50,21,42,12,1,8,12,2,17,47,58,27,47,16,8,50,14,14,43,18,2,3,6,22,9,15,40,7,35,2,0,,1,1,,1,0.49,,,76,49,64,35,9,2,,,,,,,0.55
brasileirao_serie_a_2026,2026-03-11,5,Bahia,Vitória,1,1,Bahia,home,63,13,7,4,7,6,2,1.95,2,1,1,481,426,88.6,32,20,63,19,4,21,17,8,47,56,91,51,56,28,16,57,24,24,42,17,1,0,7,20,7,18,23,5,36,5,2,1,1,1,0,1,-0.79,1,,149,119,80,52,22,3,,,,,,,1.96
brasileirao_serie_a_2026,2026-03-11,5,Bahia,Vitória,1,1,Vitória,away,37,6,2,3,5,1,1,0.47,1,0,1,285,231,81.1,46,18,39,9,3,33,19,11,58,44,91,40,44,28,12,43,14,14,71,19,1,2,3,14,9,17,28,11,36,16,0,0,6,6,2,0,0.96,0,,49,26,53,30,7,2,,,,,,,0.43
brasileirao_serie_a_2026,2026-03-11,5,Atlético Mineiro,Internacional,1,0,Atlético Mineiro,home,35,7,3,4,6,1,0,0.76,3,,3,288,208,72.2,69,25,36,5,2,40,16,6,38,47,82,38,46,42,20,48,17,17,65,16,2,2,2,15,14,20,38,7,41,11,0,0,7,7,2,2,1.79,,,71,40,56,44,12,1,,,,,,,0.68
brasileirao_serie_a_2026,2026-03-11,5,Atlético Mineiro,Internacional,1,0,Internacional,away,65,19,7,8,10,9,4,1.81,3,,3,504,422,83.7,36,17,47,31,6,19,16,7,44,53,82,44,54,42,22,52,21,21,76,20,2,4,14,23,9,16,13,6,51,8,0,1,2,2,0,0,-0.59,,,172,120,70,67,38,2,,,,,,,1.82
brasileirao_serie_a_2026,2026-03-11,5,Mirassol,Santos,2,2,Mirassol,home,54,20,9,9,12,8,2,1.49,3,1,2,441,386,87.5,40,28,70,21,9,43,23,9,39,45,57,25,44,31,15,48,9,9,67,9,2,0,6,16,8,7,33,10,42,4,0,2,0,0,0,1,-0.66,1,1,117,95,81,50,26,2,,,,,,,1.5
brasileirao_serie_a_2026,2026-03-11,5,Mirassol,Santos,2,2,Santos,away,46,16,2,7,10,6,7,1.76,3,2,1,357,291,81.5,58,27,47,26,6,23,9,6,67,55,57,32,56,31,16,52,18,18,50,7,2,1,7,21,8,8,21,9,44,6,0,0,6,6,3,0,0.27,0,0,109,74,68,57,23,2,,,,,,,1.73
brasileirao_serie_a_2026,2026-02-26,4,Santos,Vasco da Gama,2,1,Santos,home,40,8,4,3,6,2,1,0.75,2,1,1,311,240,77.2,43,14,33,11,3,27,11,4,36,47,106,49,46,21,11,52,28,28,54,19,2,2,5,16,8,17,23,10,52,17,0,0,1,1,,,-0.43,1,1,90,57,63,40,18,1,,,,,,,0.87
brasileirao_serie_a_2026,2026-02-26,4,Santos,Vasco da Gama,2,1,Vasco da Gama,away,60,16,2,6,8,8,8,1.36,2,1,1,462,396,85.7,41,19,46,13,3,23,28,15,54,53,106,57,54,21,10,48,24,24,71,17,1,2,2,19,6,19,15,6,55,15,0,1,2,2,,,-0.85,1,1,114,89,78,43,24,2,,,,,,,1.41
brasileirao_serie_a_2026,2026-02-26,4,Palmeiras,Fluminense,2,1,Palmeiras,home,35,14,6,4,10,4,4,1.59,1,1,0,315,259,82.2,45,25,56,11,3,27,13,7,54,55,69,36,52,23,15,65,13,13,77,16,3,3,5,9,6,15,25,7,43,7,2,,6,6,5,1,0.0,,0,100,71,71,44,23,6,,,,,,,1.59
brasileirao_serie_a_2026,2026-02-26,4,Palmeiras,Fluminense,2,1,Fluminense,away,65,18,7,5,10,8,6,1.23,2,1,1,574,517,90.1,35,20,57,22,8,36,11,5,45,45,69,33,48,23,8,35,13,13,38,16,4,2,11,17,5,16,17,6,43,7,1,,5,5,1,0,-0.77,,1,148,127,86,44,28,3,,,,,,,1.23
brasileirao_serie_a_2026,2026-02-26,4,Grêmio,Atlético Mineiro,2,1,Grêmio,home,63,18,7,5,6,12,6,0.93,1,1,,481,426,88.6,45,28,62,27,3,11,16,6,38,43,66,28,42,23,10,43,18,18,50,14,4,2,6,18,2,5,15,13,41,9,1,,1,1,0,,-0.77,1,,186,150,81,90,10,3,,,,,,,0.92
brasileirao_serie_a_2026,2026-02-26,4,Grêmio,Atlético Mineiro,2,1,Atlético Mineiro,away,37,8,2,2,2,6,4,0.41,1,1,,284,208,73.2,50,15,30,5,1,20,19,8,42,57,66,38,58,23,13,57,19,19,47,5,1,0,3,13,7,14,34,9,43,7,0,,5,5,1,,-0.84,0,,92,58,63,40,5,1,,,,,,,0.41
brasileirao_serie_a_2026,2026-02-25,4,Cruzeiro,Corinthians,1,1,Cruzeiro,home,48,11,3,4,5,6,4,0.74,,,,359,292,81.3,48,24,50,15,1,7,13,4,31,44,57,26,46,21,8,38,9,9,67,15,3,1,5,21,9,14,20,11,33,5,0,,1,1,0,1,-0.78,,1,104,78,75,43,22,3,,,,,,,0.71
brasileirao_serie_a_2026,2026-02-25,4,Cruzeiro,Corinthians,1,1,Corinthians,away,52,4,2,2,2,2,0,0.22,,,,384,312,81.2,54,34,63,19,5,26,7,4,57,56,57,31,54,21,13,62,14,14,79,14,3,3,3,21,8,15,14,13,32,6,0,,2,2,1,0,-0.36,,0,96,63,66,54,9,2,,,,,,,0.22
brasileirao_serie_a_2026,2026-02-25,4,Coritiba,São Paulo,0,1,Coritiba,home,42,18,2,13,9,9,3,0.9,2,0,2,345,285,82.6,51,27,53,17,6,35,20,11,55,53,66,39,59,17,5,29,11,11,91,5,4,,3,20,5,19,19,6,42,4,1,,5,5,1,0,1.46,,1,77,53,69,43,21,3,,,,,,,0.85
brasileirao_serie_a_2026,2026-02-25,4,Coritiba,São Paulo,0,1,São Paulo,away,58,9,5,3,7,2,1,1.32,2,1,1,494,427,86.4,68,39,57,16,4,25,15,9,60,47,66,27,41,17,12,71,13,13,54,19,3,,7,20,13,4,14,10,46,5,0,,2,2,0,1,0.03,,0,100,72,72,58,13,2,,,,,,,1.32
brasileirao_serie_a_2026,2026-02-25,4,Remo,Internacional,1,1,Remo,home,41,11,7,2,6,5,2,1.4,3,1,2,318,237,74.5,61,27,44,22,3,14,12,7,58,50,78,40,51,14,6,43,20,20,70,16,5,1,7,22,11,14,26,16,47,8,0,1,3,3,0,1,-0.42,0,0,97,58,60,60,17,1,,,,,,,1.41
brasileirao_serie_a_2026,2026-02-25,4,Remo,Internacional,1,1,Internacional,away,59,18,4,11,10,8,3,1.17,1,0,1,463,385,83.2,33,16,48,22,8,36,27,11,41,50,78,38,49,14,8,57,13,13,46,14,1,4,12,16,7,16,25,8,61,4,1,0,5,5,1,0,0.32,1,1,98,72,73,39,42,4,,,,,,,0.88
brasileirao_serie_a_2026,2026-02-25,4,Red Bull Bragantino,Athletico,1,1,Red Bull Bragantino,home,39,7,3,3,3,4,1,0.64,1,,1,246,177,72.0,47,19,40,9,3,33,10,6,60,53,72,36,50,14,10,71,15,15,73,18,5,2,2,15,9,16,30,8,42,7,0,1,5,5,2,1,0.2,,,65,38,58,41,12,5,,,,,,,0.64
brasileirao_serie_a_2026,2026-02-25,4,Red Bull Bragantino,Athletico,1,1,Athletico,away,61,18,6,8,9,9,4,1.0,3,,3,380,320,84.2,47,21,45,27,7,26,15,8,53,47,72,36,50,14,4,29,11,11,64,16,2,2,7,23,5,18,9,3,46,8,0,1,2,2,0,0,-0.66,,,158,124,78,69,18,7,,,,,,,1.16
brasileirao_serie_a_2026,2026-02-19,2,Athletico,Corinthians,0,1,Athletico,home,56,19,5,12,11,8,2,2.05,4,,4,434,370,85.3,44,28,64,18,2,11,12,5,42,46,55,25,45,24,11,46,10,10,70,15,3,3,8,19,3,9,8,11,43,7,0,1,0,0,0,,-0.87,,1,97,65,67,45,35,3,,,,,,,2.05
brasileirao_serie_a_2026,2026-02-19,2,Athletico,Corinthians,0,1,Corinthians,away,44,4,1,0,0,4,3,0.16,0,,0,355,266,74.9,62,18,29,2,0,0,10,4,40,54,55,30,55,24,13,54,14,14,71,10,4,1,0,17,17,15,32,2,37,4,0,0,4,4,3,,0.33,,3,67,28,42,46,3,1,,,,,,,0.16
brasileirao_serie_a_2026,2026-02-13,3,Internacional,Palmeiras,1,3,Internacional,home,62,26,4,9,18,8,13,2.15,1,0,1,473,413,87.3,32,20,63,37,10,27,16,9,56,50,80,40,50,22,11,50,23,23,70,13,1,1,16,20,3,8,10,8,42,10,1,,4,4,1,0,-0.71,1,,156,126,81,59,45,1,,,,,,,2.15
brasileirao_serie_a_2026,2026-02-13,3,Internacional,Palmeiras,1,3,Palmeiras,away,38,11,7,3,7,4,1,0.91,1,1,0,302,243,80.5,59,32,54,4,2,50,23,11,48,50,80,40,50,22,11,50,17,17,53,8,1,3,4,20,10,13,42,12,41,11,0,,3,3,0,1,0.19,0,,41,24,59,23,13,1,,,,,,,0.91
brasileirao_serie_a_2026,2026-02-12,3,Corinthians,Red Bull Bragantino,2,0,Corinthians,home,60,13,5,7,9,4,1,0.99,2,1,1,457,379,82.9,60,36,60,10,3,30,11,5,45,55,72,38,53,17,11,65,10,10,70,17,4,4,3,27,7,24,13,9,49,8,0,,4,4,1,1,1.03,,2,83,54,65,37,17,3,,,,,,,1.0
brasileirao_serie_a_2026,2026-02-12,3,Corinthians,Red Bull Bragantino,2,0,Red Bull Bragantino,away,40,9,4,3,3,6,2,1.27,1,0,1,294,232,78.9,49,22,45,10,1,10,7,4,57,45,72,34,47,17,6,35,14,14,57,24,4,1,3,22,10,16,16,8,39,7,0,,3,3,0,0,-0.28,,0,77,45,58,46,10,5,,,,,,,1.27
brasileirao_serie_a_2026,2026-02-12,3,Fluminense,Botafogo,1,0,Fluminense,home,48,10,5,4,8,2,1,1.56,3,1,2,326,261,80.1,42,19,45,10,1,10,18,10,56,48,70,37,53,24,8,33,17,17,65,18,5,1,4,23,3,11,18,14,41,3,1,,3,3,1,,0.54,0,,106,69,65,49,24,2,,,,,,,1.56
brasileirao_serie_a_2026,2026-02-12,3,Fluminense,Botafogo,1,0,Botafogo,away,52,5,3,1,2,3,1,0.34,0,0,0,359,285,79.4,40,15,38,9,2,22,15,5,33,52,70,33,47,24,16,67,11,11,64,11,3,0,0,20,6,18,21,6,35,7,1,,4,4,0,,0.57,1,,104,73,70,49,7,4,,,,,,,0.34
brasileirao_serie_a_2026,2026-02-12,3,Athletico,Santos,2,1,Athletico,home,56,13,5,3,10,3,5,2.3,5,2,3,398,322,80.9,49,20,41,20,6,30,17,6,35,43,65,31,48,25,8,32,10,10,60,15,1,1,8,28,6,14,27,9,44,6,0,1,4,4,2,0,0.93,,,93,57,61,54,27,3,,,,,,,2.3
brasileirao_serie_a_2026,2026-02-12,3,Athletico,Santos,2,1,Santos,away,44,10,5,2,6,4,3,0.97,1,0,1,319,247,77.4,53,21,40,6,1,17,11,4,36,57,65,34,52,25,17,68,17,17,59,15,3,3,2,22,6,15,30,14,37,3,0,0,3,3,1,1,0.23,,,78,48,62,42,16,0,,,,,,,0.97
brasileirao_serie_a_2026,2026-02-12,3,Vasco da Gama,Bahia,0,1,Vasco da Gama,home,62,26,4,15,16,10,7,1.71,,,,462,390,84.4,28,12,43,44,12,27,28,12,43,50,76,36,47,29,16,55,10,10,70,15,5,0,8,23,3,14,19,8,55,2,0,1,2,2,0,0,-0.57,,1,161,127,79,64,49,3,,,,,,,1.71
brasileirao_serie_a_2026,2026-02-12,3,Vasco da Gama,Bahia,0,1,Bahia,away,38,8,3,3,3,5,2,0.38,,,,303,235,77.6,47,15,32,9,1,0,13,7,54,50,76,40,53,29,13,45,18,18,72,14,5,3,4,13,12,15,50,16,50,4,0,1,4,4,1,1,1.93,,1,87,58,67,47,7,2,,,,,,,0.38
brasileirao_serie_a_2026,2026-02-12,3,São Paulo,Grêmio,2,0,São Paulo,home,58,18,4,12,12,6,2,4.72,5,2,3,514,463,90.1,29,16,55,18,5,28,18,7,39,51,68,35,51,15,7,47,12,12,67,11,3,2,3,11,6,14,11,10,53,5,1,1,1,1,0,,0.51,,0,172,142,83,77,30,4,,,,,,,4.72
brasileirao_serie_a_2026,2026-02-12,3,São Paulo,Grêmio,2,0,Grêmio,away,42,5,1,4,4,1,0,0.27,0,0,0,380,316,83.2,62,33,53,13,6,46,17,7,41,49,68,33,49,15,8,53,16,16,75,16,4,0,3,11,15,11,22,5,39,2,0,0,2,2,1,,0.35,,3,80,46,57,49,13,2,,,,,,,0.27
brasileirao_serie_a_2026,2026-02-11,3,Atlético Mineiro,Remo,3,3,Atlético Mineiro,home,59,18,8,7,13,5,3,2.75,9,3,6,483,413,85.5,52,25,48,19,4,21,21,7,33,44,60,27,45,20,8,40,7,7,14,11,0,2,6,22,9,14,26,14,40,8,2,0,3,3,1,,-0.64,1,,138,99,72,66,30,2,,,,,,,2.75
brasileirao_serie_a_2026,2026-02-11,3,Atlético Mineiro,Remo,3,3,Remo,away,41,18,6,5,11,7,7,2.38,5,2,3,330,268,81.2,34,17,50,18,2,11,3,1,33,56,60,33,55,20,12,60,22,22,64,14,2,5,5,18,9,11,30,10,38,5,0,1,5,5,1,,0.12,1,,98,68,69,51,20,1,,,,,,,2.38
brasileirao_serie_a_2026,2026-02-11,3,Mirassol,Cruzeiro,2,2,Mirassol,home,56,20,11,4,14,6,5,2.42,5,1,4,394,343,87.1,29,20,69,33,4,12,9,5,56,49,63,29,46,16,10,63,15,15,47,12,3,2,9,16,3,10,10,8,45,12,1,,2,2,2,0,-0.15,,0,129,105,81,44,33,1,,,,,,,2.7
brasileirao_serie_a_2026,2026-02-11,3,Mirassol,Cruzeiro,2,2,Cruzeiro,away,44,9,4,2,6,3,3,1.56,1,1,1,325,257,79.1,37,10,27,5,1,0,18,7,39,51,63,34,54,16,6,38,16,16,63,10,2,0,0,24,7,11,25,11,31,4,0,,9,9,0,2,0.14,,2,78,52,67,36,14,3,,,,,,,1.57
brasileirao_serie_a_2026,2026-02-11,3,Chapecoense,Coritiba,3,3,Chapecoense,home,51,21,8,7,11,10,6,2.4,2,1,1,435,373,85.7,46,23,50,22,6,27,14,8,57,55,44,22,50,31,19,61,7,7,57,4,2,,6,21,8,8,12,5,41,6,0,,2,2,1,,-0.17,1,,111,77,69,59,17,3,,,,,,,2.4
brasileirao_serie_a_2026,2026-02-11,3,Chapecoense,Coritiba,3,3,Coritiba,away,49,13,5,6,8,5,2,2.0,5,3,2,423,358,84.6,71,42,59,11,3,27,8,6,75,45,44,22,50,31,12,39,12,12,50,8,1,,5,12,10,4,25,10,45,5,0,,5,5,0,,-1.16,1,,76,49,64,40,16,1,,,,,,,2.0
brasileirao_serie_a_2026,2026-02-11,3,Vitória,Flamengo,1,2,Vitória,home,44,10,3,2,8,2,5,1.65,3,1,2,331,247,74.6,46,14,30,20,1,5,10,6,60,59,73,47,64,23,10,43,21,21,38,12,3,2,7,32,5,20,11,10,39,9,0,2,0,0,0,,-1.07,,,97,58,60,50,16,4,,,,,,,1.65
brasileirao_serie_a_2026,2026-02-11,3,Vitória,Flamengo,1,2,Flamengo,away,56,6,2,3,4,2,1,0.52,1,1,0,438,352,80.4,43,15,35,3,2,67,15,3,20,41,73,26,36,23,13,57,13,13,69,21,4,3,2,25,4,12,43,9,41,9,0,0,2,2,1,,-0.16,,,120,88,73,58,9,2,,,,,,,0.52
brasileirao_serie_a_2026,2026-02-06,2,Cruzeiro,Coritiba,1,2,Cruzeiro,home,68,19,4,8,11,8,7,0.9,0,0,,554,499,90.1,21,14,67,41,5,12,14,9,64,63,59,37,63,24,15,63,13,13,62,9,3,1,12,20,7,17,15,3,32,5,0,0,0,0,,,-0.05,,0,178,145,81,73,30,2,,,,,,,0.9
brasileirao_serie_a_2026,2026-02-06,2,Cruzeiro,Coritiba,1,2,Coritiba,away,32,10,2,6,6,4,2,2.35,2,2,,270,201,74.4,51,23,45,5,2,40,15,6,40,37,59,22,37,24,9,38,10,10,100,17,2,2,2,12,13,9,37,7,44,4,0,1,3,3,,,-0.31,,1,75,50,67,38,19,1,,,,,,,2.35
brasileirao_serie_a_2026,2026-02-05,2,Vasco da Gama,Chapecoense,1,1,Vasco da Gama,home,67,30,13,12,21,9,5,4.81,9,1,8,570,503,88.2,48,25,52,45,16,36,14,7,50,58,56,28,50,34,24,71,10,10,80,15,,0,14,11,6,11,18,10,54,2,3,1,0,0,0,1,-0.94,,1,188,152,81,76,53,3,,,,,,,4.81
brasileirao_serie_a_2026,2026-02-05,2,Vasco da Gama,Chapecoense,1,1,Chapecoense,away,33,7,1,5,3,4,1,0.31,0,0,0,288,207,71.9,54,18,33,4,1,25,9,5,56,42,56,28,50,34,10,29,9,9,89,11,,1,0,17,8,15,39,7,45,6,0,1,10,10,2,1,3.46,,0,49,20,41,36,5,1,,,,,,,0.31
brasileirao_serie_a_2026,2026-02-05,2,Bahia,Fluminense,1,1,Bahia,home,42,19,5,11,14,5,3,1.23,1,1,0,362,302,83.4,50,30,60,20,5,25,19,9,47,43,79,35,44,17,6,35,13,13,62,12,0,4,6,17,9,13,21,7,51,7,1,0,3,3,,,-0.21,0,0,102,70,69,50,24,3,,,,,,,1.23
brasileirao_serie_a_2026,2026-02-05,2,Bahia,Fluminense,1,1,Fluminense,away,58,13,4,7,8,5,2,1.84,5,1,4,511,452,88.5,42,17,40,11,2,18,24,16,67,57,79,44,56,17,11,65,17,17,47,13,3,0,4,9,11,12,23,6,49,5,0,1,4,4,,,0.33,1,1,128,108,84,42,26,1,,,,,,,1.93
brasileirao_serie_a_2026,2026-02-05,2,Palmeiras,Vitória,5,1,Palmeiras,home,60,17,8,4,10,7,5,2.38,4,2,2,426,370,86.9,35,25,71,18,5,28,12,8,67,56,64,34,53,32,20,63,10,10,70,13,1,2,6,17,5,16,14,7,37,5,1,0,2,2,,1,0.38,,,105,74,70,52,33,2,,,,,,,2.38
brasileirao_serie_a_2026,2026-02-05,2,Palmeiras,Vitória,5,1,Vitória,away,40,9,4,2,6,3,3,0.94,3,1,2,284,227,79.9,35,14,40,14,4,29,9,8,89,44,64,30,47,32,12,38,9,9,56,16,4,1,4,18,4,13,29,12,39,9,0,1,2,2,,1,-2.05,,,83,53,64,42,11,1,,,,,,,0.94
brasileirao_serie_a_2026,2026-02-05,2,Grêmio,Botafogo,5,3,Grêmio,home,43,14,8,3,10,4,3,3.46,8,5,3,353,297,84.1,48,23,48,16,6,38,10,6,60,51,72,37,51,18,9,50,16,16,63,13,0,1,4,9,2,15,15,12,46,9,0,0,1,1,0,0,-1.27,0,,75,46,61,39,19,4,,,,,,,3.49
brasileirao_serie_a_2026,2026-02-05,2,Grêmio,Botafogo,5,3,Botafogo,away,57,9,4,5,7,2,0,1.15,2,1,1,473,410,86.7,36,16,44,10,1,10,17,9,53,49,72,35,49,18,9,50,13,13,62,16,3,0,2,14,7,13,17,3,39,8,1,2,3,3,1,1,-0.28,1,,72,52,72,41,14,5,,,,,,,1.15
brasileirao_serie_a_2026,2026-02-04,2,Santos,São Paulo,1,1,Santos,home,50,12,3,4,6,6,5,1.09,1,1,0,391,331,84.7,48,25,52,27,4,15,16,8,50,44,75,36,48,28,9,32,9,9,44,15,5,2,7,23,7,21,18,8,49,11,0,,2,2,,,-0.05,,1,106,75,71,55,12,5,,,,,,,1.09
brasileirao_serie_a_2026,2026-02-04,2,Santos,São Paulo,1,1,São Paulo,away,50,8,3,4,7,1,1,0.59,2,1,1,395,312,79.0,45,12,27,14,6,43,8,5,63,56,75,39,52,28,19,68,19,19,74,21,1,0,4,16,5,15,32,10,56,6,0,,2,2,,,-0.46,,0,103,66,64,44,19,3,,,,,,,0.59
brasileirao_serie_a_2026,2026-02-04,2,Remo,Mirassol,2,2,Remo,home,37,18,7,6,8,10,5,1.48,1,1,0,288,214,74.3,55,25,45,10,2,20,10,4,40,52,68,32,47,31,19,61,19,19,68,15,2,1,4,19,9,9,43,12,44,6,0,,3,3,1,,0.54,,0,111,70,63,53,15,3,,,,,,,1.49
brasileirao_serie_a_2026,2026-02-04,2,Remo,Mirassol,2,2,Mirassol,away,63,8,5,2,7,1,1,1.76,3,2,1,486,403,82.9,47,23,49,20,6,30,20,10,50,48,68,36,53,31,12,39,12,12,67,9,2,2,4,30,8,15,18,8,43,9,0,,5,5,1,,0.85,,1,114,73,64,51,26,2,,,,,,,1.76
brasileirao_serie_a_2026,2026-02-04,2,Red Bull Bragantino,Atlético Mineiro,1,0,Red Bull Bragantino,home,48,19,5,7,10,9,7,1.42,4,,4,371,304,81.9,64,34,53,20,8,40,23,14,61,59,65,38,58,31,19,61,17,17,35,14,3,1,6,19,5,8,40,7,42,3,0,,2,2,0,,0.14,,1,127,86,68,64,28,1,,,,,,,1.42
brasileirao_serie_a_2026,2026-02-04,2,Red Bull Bragantino,Atlético Mineiro,1,0,Atlético Mineiro,away,52,12,2,4,6,6,6,0.44,0,,0,404,334,82.7,59,27,46,19,3,16,10,2,20,41,65,27,42,31,12,39,12,12,50,8,2,5,12,21,6,14,27,12,38,9,1,,4,4,1,,0.04,,0,122,81,66,57,21,0,,,,,,,0.44
brasileirao_serie_a_2026,2026-02-04,2,Flamengo,Internacional,1,1,Flamengo,home,65,18,5,7,13,5,6,1.73,3,1,2,591,518,87.6,40,25,63,33,9,27,20,10,50,48,84,40,48,28,14,50,12,12,92,20,4,1,4,14,7,17,13,6,48,7,0,1,4,4,2,,0.08,,,190,147,77,67,27,7,,,,,,,1.73
brasileirao_serie_a_2026,2026-02-04,2,Flamengo,Internacional,1,1,Internacional,away,35,9,5,4,2,7,0,0.76,1,1,0,328,259,79.0,57,25,44,8,0,0,13,7,54,52,84,44,52,28,14,50,17,17,53,18,3,2,3,8,12,20,44,6,48,6,0,0,4,4,0,,0.18,,,76,48,63,44,8,2,,,,,,,0.76
brasileirao_serie_a_2026,2026-01-30,1,Botafogo,Cruzeiro,4,0,Botafogo,home,46,10,5,3,8,2,2,1.43,2,2,0,380,329,86.6,43,23,53,16,4,25,16,11,69,48,63,34,54,12,2,17,11,11,45,10,1,0,3,10,6,12,24,4,37,5,0,1,4,4,0,0,0.3,0,,88,71,81,41,17,4,,,,,,,1.43
brasileirao_serie_a_2026,2026-01-30,1,Botafogo,Cruzeiro,4,0,Cruzeiro,away,54,17,4,5,14,3,8,1.43,4,0,4,449,385,85.7,29,9,31,15,9,60,16,10,63,52,63,29,46,12,10,83,10,10,80,12,2,5,7,17,5,10,16,12,32,5,0,0,1,1,1,1,-0.94,1,,112,76,68,38,28,2,,,,,,,1.43
brasileirao_serie_a_2026,2026-01-29,1,Mirassol,Vasco da Gama,2,1,Mirassol,home,47,13,4,7,6,7,2,0.68,1,1,,415,358,86.3,36,23,64,21,4,19,12,7,58,42,76,32,42,20,8,40,15,15,60,16,2,1,5,21,6,10,20,9,42,8,0,,4,4,0,,0.51,0,1,86,56,65,44,10,,,,,,,,0.68
brasileirao_serie_a_2026,2026-01-29,1,Mirassol,Vasco da Gama,2,1,Vasco da Gama,away,53,13,5,3,6,7,5,0.61,1,1,,464,413,89.0,36,24,67,22,5,23,25,15,60,58,76,44,58,20,12,60,13,13,54,10,1,2,5,13,8,16,15,8,41,5,0,,3,3,1,,-0.29,1,1,116,96,83,47,15,,,,,,,,0.61
brasileirao_serie_a_2026,2026-01-29,1,São Paulo,Flamengo,2,1,São Paulo,home,41,10,4,3,5,5,3,0.78,2,2,0,379,304,80.2,59,20,34,11,2,18,13,3,23,49,82,41,50,22,10,45,31,31,61,14,,1,2,8,10,11,27,6,56,8,0,1,4,4,1,2,0.14,0,,69,44,64,34,16,0,,,,,,,0.78
brasileirao_serie_a_2026,2026-01-29,1,São Paulo,Flamengo,2,1,Flamengo,away,59,15,5,5,9,6,5,2.4,3,1,2,542,468,86.3,40,16,40,21,5,24,23,9,39,51,82,41,50,22,12,55,18,18,72,11,,0,6,23,3,14,8,6,56,17,0,2,2,2,0,1,-0.28,1,,154,117,76,45,28,5,,,,,,,2.44
brasileirao_serie_a_2026,2026-01-28,1,Corinthians,Bahia,1,2,Corinthians,home,59,17,5,4,10,7,8,1.91,3,1,2,471,399,84.7,50,30,60,17,6,35,16,9,56,54,78,43,55,25,13,52,20,20,75,14,3,3,4,10,3,14,26,13,60,7,1,,4,4,0,,0.7,,,140,97,69,68,27,2,,,,,,,1.91
brasileirao_serie_a_2026,2026-01-28,1,Corinthians,Bahia,1,2,Bahia,away,41,11,6,3,8,3,2,1.51,2,1,1,330,261,79.1,39,17,44,12,1,8,17,7,41,46,78,35,45,25,12,48,14,14,71,14,5,0,6,32,9,13,24,8,56,10,0,,4,4,1,,0.9,,,102,64,63,45,15,5,,,,,,,1.51
brasileirao_serie_a_2026,2026-01-28,1,Chapecoense,Santos,4,2,Chapecoense,home,34,8,4,0,4,4,4,1.83,3,3,,285,209,73.3,67,33,49,6,2,33,9,5,56,45,49,22,45,27,12,44,12,12,67,10,3,2,1,13,18,4,34,5,37,3,0,,3,3,1,1,-0.66,,,51,30,59,29,12,2,,,,,,,1.83
brasileirao_serie_a_2026,2026-01-28,1,Chapecoense,Santos,4,2,Santos,away,66,25,5,12,10,15,8,1.32,1,1,,540,481,89.1,31,17,55,39,11,28,18,11,61,55,49,27,55,27,15,56,7,7,86,5,3,1,14,31,4,10,10,5,42,5,1,,0,0,0,0,-1.89,,,202,164,81,68,25,3,,,,,,,1.32
brasileirao_serie_a_2026,2026-01-28,1,Fluminense,Grêmio,2,1,Fluminense,home,51,10,6,4,7,3,0,2.33,3,1,2,488,413,84.6,35,22,63,8,1,13,16,6,38,49,77,36,47,32,17,53,17,17,47,13,1,1,3,16,8,13,27,11,52,7,0,2,2,2,,0,-0.06,,,127,94,74,59,20,2,,,,,,,2.46
brasileirao_serie_a_2026,2026-01-28,1,Fluminense,Grêmio,2,1,Grêmio,away,49,12,3,5,10,2,4,1.6,2,1,1,447,367,82.1,62,30,48,20,6,30,21,13,62,51,77,41,53,32,15,47,17,17,59,13,2,2,6,18,6,13,15,14,47,9,0,0,4,4,,2,0.7,,,144,103,72,71,23,0,,,,,,,1.6
brasileirao_serie_a_2026,2026-01-28,1,Vitória,Remo,2,0,Vitória,home,42,20,7,8,15,5,5,3.12,6,2,4,310,239,77.1,47,14,30,11,4,36,15,10,67,58,63,39,62,30,15,50,12,12,58,13,2,2,4,19,9,17,23,9,48,6,1,1,1,1,,1,0.2,,1,98,66,67,53,33,3,,,,,,,3.19
brasileirao_serie_a_2026,2026-01-28,1,Vitória,Remo,2,0,Remo,away,58,14,1,7,6,8,6,1.01,2,0,2,408,347,85.0,31,15,48,21,4,19,4,1,25,42,63,24,38,30,15,50,11,11,64,17,4,2,1,11,9,13,15,11,45,9,0,0,5,5,,1,0.29,,0,77,58,75,46,11,1,,,,,,,1.01
brasileirao_serie_a_2026,2026-01-28,1,Internacional,Athletico,0,1,Internacional,home,71,19,7,7,12,7,5,2.42,3,1,3,591,509,86.1,40,17,43,35,7,20,12,6,50,47,58,28,48,23,10,43,11,11,73,13,2,4,13,22,10,11,18,7,49,8,0,,1,1,,1,-0.16,,1,177,134,76,95,38,1,,,,,,,2.42
brasileirao_serie_a_2026,2026-01-28,1,Internacional,Athletico,0,1,Athletico,away,29,6,2,4,4,2,0,1.59,3,1,2,243,167,68.7,53,15,28,7,0,0,9,5,56,53,58,30,52,23,13,57,14,14,57,11,1,1,1,24,12,13,35,12,43,8,0,,5,5,,2,1.33,,1,64,28,44,43,12,0,,,,,,,1.59
brasileirao_serie_a_2026,2026-01-28,1,Coritiba,Red Bull Bragantino,0,1,Coritiba,home,29,8,2,4,2,6,2,0.31,0,0,0,186,123,66.1,56,22,39,6,1,17,4,1,25,56,63,39,62,33,15,45,21,21,57,9,1,3,1,10,15,19,26,13,39,1,0,0,9,9,2,2,2.89,,,54,31,57,37,6,3,,,,,,,0.31
brasileirao_serie_a_2026,2026-01-28,1,Coritiba,Red Bull Bragantino,0,1,Red Bull Bragantino,away,71,30,10,12,10,20,8,2.77,5,1,4,459,398,86.7,42,29,69,28,3,11,20,10,50,44,63,24,38,33,18,55,5,5,60,19,6,1,5,24,3,9,10,7,50,11,1,4,2,2,0,1,0.16,,,170,143,84,69,28,1,,,,,,,2.77
brasileirao_serie_a_2026,2026-01-28,1,Atlético Mineiro,Palmeiras,2,2,Atlético Mineiro,home,52,14,2,8,7,7,4,0.53,1,1,0,387,342,88.4,45,25,56,13,4,31,13,5,38,48,75,40,53,18,5,28,16,16,69,14,4,4,5,17,7,20,22,6,35,9,0,1,4,4,2,1,0.21,,,107,80,75,44,11,4,,,,,,,0.53
brasileirao_serie_a_2026,2026-01-28,1,Atlético Mineiro,Palmeiras,2,2,Palmeiras,away,48,13,6,5,8,5,2,1.01,2,1,1,337,284,84.3,38,21,55,23,4,17,18,6,33,52,75,35,47,18,13,72,17,17,47,20,2,2,7,10,10,14,17,5,28,4,0,0,1,1,1,0,-1.69,,,72,58,81,19,17,0,,,,,,,1.01
