league,match_date,round_number,home_team,away_team,home_score,away_score,team,venue,ball_possession,total_shots,shots_on_target,shots_off_target,shots_inside_box,shots_outside_box,blocked_shots,expected_goals,big_chances,big_chances_scored,big_chances_missed,passes,accurate_passes,pass_accuracy_pct,long_balls_total,long_balls_value,long_balls_pct,crosses_total,crosses_value,crosses_pct,dribbles_total,dribbles_value,dribbles_pct,duels,ground_duels_total,ground_duels_value,ground_duels_pct,aerial_duels_total,aerial_duels_value,aerial_duels_pct,total_tackles,tackles,tackles_won,fouls,yellow_cards,offsides,corner_kicks,throw_ins,goal_kicks,free_kicks,clearances,interceptions,recoveries,dispossessed,hit_woodwork,through_balls,total_saves,goalkeeper_saves,big_saves,high_claims,goals_prevented,errors_lead_to_a_goal,errors_lead_to_a_shot,final_third_phase_total,final_third_phase_value,final_third_phase_pct,final_third_entries,touches_in_penalty_area,fouled_in_final_third,attack,attack_pct,ball_safe,ball_safe_pct,dangerous_attack,dangerous_attack_pct,xg_actual
mls_2026,2026-02-21,,FC Cincinnati,Atlanta United,2,0,Atlanta United,away,46,8,3,2,6,2,3,0.35,0,0,0,348,269,77.3,40,12,30,12,2,17,14,6,43,46,81,36,44,31,15,48,21,21,57,18,2,7,2,21,8,10,29,14,44,8,0,,0,0,0,,-0.21,,1,79,55,70,28,19,3,,,,,,,0.33
mls_2026,2026-02-21,,FC Cincinnati,Atlanta United,2,0,FC Cincinnati,home,54,11,3,5,11,0,3,2.16,4,2,2,400,325,81.2,57,37,65,22,8,36,20,13,65,54,81,45,56,31,16,52,16,16,56,10,1,5,5,16,5,18,22,10,51,14,1,,3,3,2,,0.85,,1,109,76,70,55,29,3,,,,,,,2.25
mls_2026,2026-02-21,,St.Louis City,Charlotte FC,1,1,Charlotte FC,away,48,8,3,4,4,4,1,0.6,1,1,0,442,356,80.5,52,22,42,10,2,20,18,8,44,50,59,30,51,27,13,48,11,11,64,9,2,4,1,34,8,12,28,5,50,6,0,0,10,10,1,1,1.08,,,133,95,71,58,20,1,,,,,,,0.59
mls_2026,2026-02-21,,St.Louis City,Charlotte FC,1,1,St.Louis City,home,52,22,11,10,15,7,1,1.72,2,0,2,471,395,83.9,35,14,40,23,3,13,9,4,44,50,59,29,49,27,14,52,16,16,50,12,2,3,6,16,4,9,24,17,48,6,1,1,2,2,1,0,-0.38,,,149,115,77,55,30,2,,,,,,,1.59
mls_2026,2026-02-22,,Austin FC,Minnesota United,2,2,Austin FC,home,57,10,6,3,9,1,1,1.71,1,1,,475,419,88.2,50,23,46,24,4,17,20,10,50,54,67,38,57,32,15,47,12,12,67,8,1,1,7,17,6,16,26,8,39,7,0,,2,2,2,1,-0.06,,,122,91,75,47,24,3,,,,,,,1.56
mls_2026,2026-02-22,,Austin FC,Minnesota United,2,2,Minnesota United,away,43,11,4,4,7,4,3,1.63,2,2,,355,281,79.2,45,17,38,17,7,41,12,5,42,46,67,29,43,32,17,53,17,17,71,16,1,0,8,17,6,8,36,5,35,5,0,,4,4,1,0,0.59,,,95,56,59,45,22,0,,,,,,,1.68
mls_2026,2026-02-22,,DC United,Philadelphia Union,1,0,DC United,home,49,7,1,5,5,2,1,1.12,3,1,2,397,290,73.0,77,24,31,9,0,0,28,15,54,48,100,49,49,33,15,45,18,18,50,19,2,2,1,20,5,16,30,11,64,13,1,,4,4,,1,0.3,,,104,49,47,66,20,1,,,,,,,0.91
mls_2026,2026-02-22,,DC United,Philadelphia Union,1,0,Philadelphia Union,away,51,12,3,3,5,7,6,0.54,1,0,1,419,313,74.7,30,10,33,12,2,17,15,8,53,52,100,51,51,33,18,55,26,26,50,16,4,1,5,22,4,19,30,12,56,11,0,,0,0,,1,-0.48,,,103,53,51,71,12,4,,,,,,,0.41
mls_2026,2026-02-22,,FC Dallas,Toronto FC,3,2,FC Dallas,home,45,13,3,4,7,6,6,1.61,2,1,1,401,317,79.1,51,26,51,15,4,27,15,9,60,49,75,37,49,31,15,48,17,17,59,18,1,1,3,17,4,11,45,8,57,8,0,0,3,3,,,-0.92,0,0,107,75,70,47,21,2,,,,,,,1.61
mls_2026,2026-02-22,,FC Dallas,Toronto FC,3,2,Toronto FC,away,55,12,5,4,5,7,3,0.99,3,2,1,497,409,82.3,50,26,52,21,2,10,12,8,67,51,75,38,51,31,16,52,14,14,36,11,2,1,7,21,6,18,23,4,49,13,0,1,0,0,,,-1.24,1,1,165,111,67,83,29,2,,,,,,,1.0
mls_2026,2026-02-22,,Houston Dynamo,Chicago Fire,2,1,Chicago Fire,away,57,6,3,2,3,3,1,0.84,1,1,,515,422,81.9,47,15,32,13,3,23,21,11,52,36,73,30,41,12,1,8,9,9,67,20,2,1,5,22,8,11,21,7,43,5,0,1,2,2,,1,-0.24,0,1,143,99,69,62,7,3,,,,,,,0.76
mls_2026,2026-02-22,,Houston Dynamo,Chicago Fire,2,1,Houston Dynamo,home,43,10,4,4,6,4,2,1.18,2,2,,376,310,82.4,51,27,53,15,2,13,12,8,67,64,73,43,59,12,11,92,15,15,53,11,3,2,3,20,4,20,21,14,49,5,1,1,2,2,,2,-0.12,1,0,61,31,51,39,11,3,,,,,,,1.12
mls_2026,2026-02-22,,Los Angeles FC,Inter Miami CF,3,0,Inter Miami CF,away,68,12,3,3,6,6,6,0.85,1,0,1,767,682,88.9,47,32,68,17,2,12,9,4,44,49,66,31,47,16,9,56,14,14,93,15,2,0,3,25,5,14,13,9,44,7,0,1,2,2,,0,-0.61,2,2,201,152,76,82,20,1,,,,,,,0.83
mls_2026,2026-02-22,,Los Angeles FC,Inter Miami CF,3,0,Los Angeles FC,home,32,15,6,4,12,3,5,3.26,6,3,3,350,281,80.3,42,19,45,7,1,14,15,9,60,51,66,35,53,16,7,44,12,12,67,14,1,1,4,12,4,15,21,7,47,8,0,1,3,3,,1,1.08,0,0,80,48,60,39,26,2,,,,,,,3.26
mls_2026,2026-02-22,,Nashville SC,New England Revolution,4,1,Nashville SC,home,55,14,8,2,11,3,4,2.77,6,4,2,610,539,88.4,50,30,60,10,4,40,12,4,33,41,57,24,42,16,6,38,10,10,70,16,0,1,3,26,4,11,12,6,35,7,1,,0,0,0,1,-0.41,,,114,78,68,45,29,1,,,,,,,3.0
mls_2026,2026-02-22,,Nashville SC,New England Revolution,4,1,New England Revolution,away,45,4,1,3,4,1,0,0.93,2,1,1,488,440,90.2,17,7,41,14,3,21,7,2,29,59,57,33,58,16,10,63,15,15,60,11,1,0,2,8,2,16,29,11,35,5,0,,4,4,1,0,1.1,,,132,110,83,45,12,2,,,,,,,0.93
mls_2026,2026-02-22,,Orlando City SC,New York Red Bulls,1,2,New York Red Bulls,away,52,22,13,6,17,5,3,4.64,8,2,6,432,360,83.3,55,28,51,17,1,6,23,12,52,47,81,40,49,24,9,38,23,23,61,15,2,4,9,10,8,7,42,5,63,8,3,,4,4,1,0,0.49,,0,188,148,79,73,51,1,,,,,,,3.91
mls_2026,2026-02-22,,Orlando City SC,New York Red Bulls,1,2,Orlando City SC,home,48,17,6,4,13,4,7,2.41,2,1,1,387,305,78.8,61,27,44,26,4,15,21,8,38,53,81,41,51,24,15,63,19,19,74,7,1,0,5,26,8,15,25,8,53,10,0,,11,11,5,1,3.63,,1,89,52,58,57,28,4,,,,,,,2.42
mls_2026,2026-02-22,,Portland Timbers,Columbus Crew,3,2,Columbus Crew,away,54,15,4,5,6,9,6,1.25,0,0,0,608,527,86.7,35,18,51,27,3,11,12,8,67,50,62,32,52,18,8,44,19,19,53,6,1,0,8,15,9,5,27,12,57,16,0,1,3,3,1,,-0.76,1,,218,177,81,52,42,,,,,,,,1.02
mls_2026,2026-02-22,,Portland Timbers,Columbus Crew,3,2,Portland Timbers,home,46,12,6,5,8,4,1,0.94,4,2,2,511,444,86.9,50,28,56,29,5,17,12,4,33,50,62,30,48,18,10,56,20,20,55,5,1,1,6,8,11,6,35,16,58,11,0,0,2,2,1,,0.09,1,,111,83,75,57,19,,,,,,,,0.94
mls_2026,2026-02-22,,San Diego FC,CF Montréal,5,0,CF Montréal,away,31,6,2,1,4,2,3,0.33,0,0,0,309,249,80.6,37,9,24,10,1,10,15,7,47,43,57,25,44,11,4,36,7,7,29,13,1,1,2,12,3,12,24,12,41,6,0,0,2,2,,0,-0.91,,,68,36,53,37,11,3,,,,,,,0.3
mls_2026,2026-02-22,,San Diego FC,CF Montréal,5,0,San Diego FC,home,69,10,7,1,9,1,2,1.61,2,1,1,696,621,89.2,32,18,56,11,2,18,7,6,86,57,57,32,56,11,7,64,14,14,71,12,1,0,5,14,3,13,15,6,52,6,0,1,2,2,,1,0.16,,,132,99,75,48,31,2,,,,,,,2.2
mls_2026,2026-02-22,,San Jose Earthquakes,Sporting Kansas City,3,0,San Jose Earthquakes,home,44,17,6,5,12,5,6,3.03,5,3,2,360,289,80.3,41,23,56,32,11,34,14,5,36,49,66,29,44,29,18,62,13,13,62,16,1,0,15,19,7,12,26,11,37,8,0,,1,1,0,0,0.08,,,115,80,70,43,37,5,,,,,,,2.98
mls_2026,2026-02-22,,San Jose Earthquakes,Sporting Kansas City,3,0,Sporting Kansas City,away,56,7,1,5,5,2,1,0.45,1,0,1,484,413,85.3,45,17,38,11,2,18,11,5,45,51,66,37,56,29,11,38,17,17,65,12,0,2,3,19,5,16,28,9,42,7,0,,3,3,1,1,-0.23,,,104,70,67,44,11,2,,,,,,,0.5
mls_2026,2026-02-22,,Vancouver Whitecaps,Real Salt Lake,1,0,Real Salt Lake,away,41,10,2,6,4,6,2,0.67,1,,1,371,300,80.9,59,25,42,13,2,15,8,3,38,43,84,35,42,18,9,50,17,17,59,15,3,3,5,20,8,15,21,7,44,19,0,,4,4,,0,0.67,,0,89,53,60,52,15,3,,,,,,,0.62
mls_2026,2026-02-22,,Vancouver Whitecaps,Real Salt Lake,1,0,Vancouver Whitecaps,home,59,13,5,5,10,3,3,1.36,2,,2,528,468,88.6,46,24,52,20,6,30,21,13,62,57,84,49,58,18,9,50,24,24,79,15,2,2,7,11,6,15,22,8,54,9,1,,2,2,,1,0.25,,1,127,101,80,57,31,3,,,,,,,1.23
mls_2026,2026-02-23,,LA Galaxy,New York City FC,1,1,LA Galaxy,home,36,8,6,2,6,2,0,0.36,0,0,0,348,269,77.3,44,17,39,7,3,43,14,6,43,47,84,40,48,15,7,47,18,18,72,15,3,1,1,20,11,16,24,13,36,8,0,0,0,0,0,,-0.08,,1,98,68,69,41,14,3,,,,,,,0.36
mls_2026,2026-02-23,,LA Galaxy,New York City FC,1,1,New York City FC,away,64,10,1,7,5,5,2,1.35,2,1,1,620,548,88.4,34,13,38,19,2,11,19,14,74,53,84,44,52,15,8,53,16,16,56,16,3,4,2,19,3,14,11,7,50,13,0,1,5,5,1,,0.07,,1,202,163,81,70,22,2,,,,,,,1.41
mls_2026,2026-02-23,,Seattle Sounders FC,Colorado Rapids,2,0,Colorado Rapids,away,57,8,3,2,4,4,3,0.6,1,0,1,521,446,85.6,35,18,51,23,6,26,20,6,30,43,78,32,41,32,15,47,17,17,71,17,4,2,4,20,5,10,24,12,44,8,0,0,4,4,,,-0.83,,,91,70,77,37,11,0,,,,,,,0.62
mls_2026,2026-02-23,,Seattle Sounders FC,Colorado Rapids,2,0,Seattle Sounders FC,home,43,15,5,5,10,5,5,1.09,3,2,1,390,291,74.6,42,13,31,18,6,33,15,10,67,57,78,46,59,32,17,53,22,22,50,10,2,4,8,18,3,17,28,10,52,12,0,1,3,3,,,0.23,,,118,63,53,55,30,2,,,,,,,1.09
mls_2026,2026-02-28,,Chicago Fire,CF Montréal,3,0,CF Montréal,away,56,4,2,0,1,3,2,0.1,0,0,0,428,335,78.3,58,23,40,10,1,10,9,0,0,49,66,32,48,16,8,50,20,20,40,13,3,2,3,22,7,12,17,18,49,6,0,,7,7,2,1,2.08,,,89,48,54,50,12,1,,,,,,,0.1
mls_2026,2026-02-28,,Chicago Fire,CF Montréal,3,0,Chicago Fire,home,44,17,11,3,13,4,3,3.05,6,3,3,326,237,72.7,58,16,28,14,6,43,14,6,43,51,66,34,52,16,8,50,15,15,53,12,1,0,9,25,5,12,19,8,54,12,0,,2,2,0,2,0.07,,,70,40,57,39,33,3,,,,,,,3.03
mls_2026,2026-02-28,,Colorado Rapids,Portland Timbers,2,0,Colorado Rapids,home,54,24,9,11,15,9,4,1.79,5,1,4,460,407,88.5,35,19,54,20,9,45,9,4,44,61,52,32,62,17,10,59,13,13,77,12,2,1,12,15,11,15,16,10,37,4,1,1,3,3,0,1,0.99,,2,89,66,74,34,38,6,,,,,,,1.83
mls_2026,2026-02-28,,Colorado Rapids,Portland Timbers,2,0,Portland Timbers,away,46,12,3,6,8,4,3,1.11,3,0,3,385,334,86.8,31,15,48,23,6,26,9,0,0,39,52,20,38,17,7,41,9,9,56,15,2,3,6,19,10,12,19,12,34,4,0,1,7,7,2,0,0.37,,1,77,53,69,41,15,1,,,,,,,1.1
mls_2026,2026-02-28,,Minnesota United,FC Cincinnati,1,0,FC Cincinnati,away,55,13,4,4,7,6,5,0.83,0,0,0,439,355,80.9,52,30,58,26,7,27,24,7,29,55,73,40,55,52,29,56,24,24,67,6,0,2,12,18,8,9,37,8,53,4,0,0,4,4,1,,1.01,,1,151,104,69,73,31,2,,,,,,,0.84
mls_2026,2026-02-28,,Minnesota United,FC Cincinnati,1,0,Minnesota United,home,45,16,5,6,9,7,5,2.02,3,1,2,370,291,78.6,47,21,45,11,1,9,18,7,39,45,73,33,45,52,23,44,21,21,67,9,2,1,5,21,6,6,33,11,51,13,0,1,4,4,0,,0.73,,1,100,67,67,40,24,1,,,,,,,1.92
mls_2026,2026-02-28,,New York Red Bulls,New England Revolution,1,0,New England Revolution,away,35,5,3,1,4,1,1,0.37,1,0,1,296,203,68.6,63,23,37,12,1,8,10,5,50,45,85,38,45,19,9,47,20,20,60,19,4,2,6,21,10,14,25,8,55,8,0,,3,3,1,,0.29,,,91,56,62,45,21,1,,,,,,,0.37
mls_2026,2026-02-28,,New York Red Bulls,New England Revolution,1,0,New York Red Bulls,home,65,12,4,4,8,4,4,0.96,1,1,0,553,462,83.5,36,14,39,19,6,32,21,15,71,55,85,47,55,19,10,53,13,13,54,14,2,4,6,34,3,19,18,8,59,14,0,,2,2,2,,0.3,,,206,159,77,73,41,3,,,,,,,1.01
mls_2026,2026-03-01,,Austin FC,DC United,1,0,Austin FC,home,54,18,9,3,15,3,6,1.49,4,1,3,358,293,81.8,37,12,32,19,6,32,14,8,57,54,74,39,53,33,19,58,14,14,71,14,3,,10,17,10,18,24,4,32,8,0,,2,2,0,1,0.1,,0,81,41,51,49,22,2,,,,,,,1.53
mls_2026,2026-03-01,,Austin FC,DC United,1,0,DC United,away,46,7,2,4,3,4,1,0.26,0,0,0,297,233,78.5,42,17,40,18,2,11,12,7,58,46,74,35,47,33,14,42,14,14,64,18,3,,4,28,5,14,25,4,36,9,0,,7,7,1,0,1.51,,1,82,54,66,50,17,2,,,,,,,0.26
mls_2026,2026-03-01,,FC Dallas,Nashville SC,0,0,FC Dallas,home,47,9,2,4,6,3,3,0.68,1,,1,443,364,82.2,54,20,37,24,4,17,8,3,38,56,56,30,54,25,15,60,12,12,67,10,3,0,4,17,6,15,31,4,40,5,0,,1,1,0,1,0.02,,0,130,82,63,68,29,0,,,,,,,0.43
mls_2026,2026-03-01,,FC Dallas,Nashville SC,0,0,Nashville SC,away,53,7,1,6,5,2,0,0.49,0,,0,518,454,87.6,46,26,57,12,3,25,11,6,55,44,56,26,46,25,10,40,10,10,60,15,3,2,3,20,7,10,37,11,43,7,0,,2,2,2,0,0.47,,1,126,86,68,60,15,2,,,,,,,0.4
mls_2026,2026-03-01,,Houston Dynamo,Los Angeles FC,0,2,Houston Dynamo,home,29,12,3,3,9,3,6,0.69,1,,1,300,251,83.7,38,14,37,9,5,56,13,4,31,56,67,35,52,17,12,71,17,17,53,6,1,1,4,18,11,14,26,11,25,8,1,0,4,4,1,1,-1.18,,2,66,52,79,26,21,2,,,,,,,0.66
mls_2026,2026-03-01,,Houston Dynamo,Los Angeles FC,0,2,Los Angeles FC,away,71,18,6,8,13,5,4,1.83,3,,3,738,692,93.8,22,13,59,14,2,14,15,10,67,44,67,32,48,17,5,29,17,17,65,14,3,5,8,14,4,6,19,3,40,12,0,4,3,3,0,0,0.46,,0,257,225,88,65,39,3,,,,,,,1.47
mls_2026,2026-03-01,,LA Galaxy,Charlotte FC,3,0,Charlotte FC,away,37,4,1,2,4,0,1,0.18,1,0,1,399,351,88.0,25,13,52,11,1,9,14,4,29,44,66,27,41,12,7,58,15,15,53,14,4,0,5,15,3,9,13,6,38,8,0,,9,9,3,,0.11,1,0,91,67,74,35,13,2,,,,,,,0.21
mls_2026,2026-03-01,,LA Galaxy,Charlotte FC,3,0,LA Galaxy,home,63,14,12,2,10,4,0,2.99,3,2,1,699,650,93.0,36,20,56,7,1,14,15,7,47,56,66,39,59,12,5,42,18,18,78,9,2,4,4,15,7,14,15,9,43,7,1,,1,1,0,,0.04,0,1,117,96,82,45,23,4,,,,,,,2.76
mls_2026,2026-03-01,,Philadelphia Union,New York City FC,1,2,New York City FC,away,52,13,9,1,11,2,3,2.43,5,2,3,514,408,79.4,57,24,42,7,3,43,11,5,45,51,76,38,50,36,19,53,21,21,52,14,2,3,4,9,14,12,37,11,57,12,1,0,3,3,1,2,-0.02,,1,103,79,77,32,30,1,,,,,,,2.57
mls_2026,2026-03-01,,Philadelphia Union,New York City FC,1,2,Philadelphia Union,home,48,16,5,7,12,4,4,2.07,3,1,2,453,350,77.3,34,10,29,24,5,21,15,7,47,49,76,38,50,36,17,47,18,18,44,12,3,1,5,21,4,13,15,12,60,13,1,2,8,8,0,0,0.63,,0,207,148,71,81,33,3,,,,,,,2.07
mls_2026,2026-03-01,,Real Salt Lake,Seattle Sounders FC,2,1,Real Salt Lake,home,39,16,5,6,11,5,5,1.68,4,1,3,332,267,80.4,47,20,43,14,4,29,15,8,53,51,60,31,52,30,15,50,17,17,47,9,3,1,5,14,10,7,48,4,44,7,0,3,6,6,,0,1.64,,1,82,61,74,41,18,2,,,,,,,1.68
mls_2026,2026-03-01,,Real Salt Lake,Seattle Sounders FC,2,1,Seattle Sounders FC,away,61,14,7,5,8,6,2,1.5,3,1,2,511,436,85.3,50,24,48,31,6,19,12,6,50,49,60,29,48,30,15,50,14,14,64,7,1,2,10,24,9,9,10,7,44,11,0,0,3,3,,1,-0.33,,0,142,107,75,60,21,5,,,,,,,1.5
mls_2026,2026-03-01,,San Jose Earthquakes,Atlanta United,2,0,Atlanta United,away,54,8,1,4,3,5,3,0.83,2,0,2,503,421,83.7,59,25,42,10,1,10,9,4,44,49,59,27,46,19,11,58,16,16,63,19,3,2,4,20,9,9,21,5,42,7,0,,3,3,,2,0.57,1,1,118,84,71,53,16,1,,,,,,,0.83
mls_2026,2026-03-01,,San Jose Earthquakes,Atlanta United,2,0,San Jose Earthquakes,home,46,11,5,6,10,1,0,2.83,6,2,4,415,334,80.5,62,32,52,21,6,29,13,2,15,51,59,32,54,19,8,42,12,12,67,9,1,4,7,21,8,19,14,8,43,5,0,,1,1,,1,0.23,0,0,104,60,58,56,27,1,,,,,,,2.4
mls_2026,2026-03-01,,Sporting Kansas City,Columbus Crew,2,2,Columbus Crew,away,58,10,5,3,8,2,2,3.15,7,2,5,536,466,86.9,27,13,48,30,6,20,14,7,50,42,69,30,43,14,5,36,16,16,50,13,2,2,4,20,6,8,21,12,49,14,1,0,2,2,1,0,0.58,0,,194,166,86,49,28,2,,,,,,,3.14
mls_2026,2026-03-01,,Sporting Kansas City,Columbus Crew,2,2,Sporting Kansas City,home,42,8,4,1,6,2,3,1.49,3,2,1,384,306,79.7,56,22,39,17,3,18,9,5,56,58,69,39,57,14,9,64,21,21,71,9,1,1,4,14,5,13,38,8,53,12,0,1,3,3,0,2,0.79,1,,94,53,56,57,16,2,,,,,,,1.49
mls_2026,2026-03-01,,Vancouver Whitecaps,Toronto FC,3,0,Toronto FC,away,40,5,2,3,3,2,1,0.35,1,0,1,392,327,83.4,38,17,45,9,1,11,15,10,67,49,67,35,52,14,5,36,12,12,75,15,0,6,1,22,6,14,24,18,51,9,0,3,1,1,0,0,-0.01,1,0,77,49,64,34,16,3,,,,,,,0.27
mls_2026,2026-03-01,,Vancouver Whitecaps,Toronto FC,3,0,Vancouver Whitecaps,home,60,14,4,5,9,5,5,2.94,4,3,1,575,493,85.7,45,23,51,16,7,44,7,4,57,51,67,32,48,14,9,64,14,14,71,14,1,1,5,16,6,14,14,11,54,9,0,1,2,2,1,2,0.91,0,2,145,96,66,69,26,2,,,,,,,2.61
mls_2026,2026-03-02,,Orlando City SC,Inter Miami CF,2,4,Inter Miami CF,away,61,15,8,3,6,9,4,1.82,2,,2,628,557,88.7,45,30,67,19,4,21,5,3,60,55,55,29,53,23,14,61,11,11,55,14,3,2,8,10,5,16,14,11,52,4,0,3,3,3,0,0,-0.69,1,,212,171,81,50,23,4,,,,,,,1.82
mls_2026,2026-03-02,,Orlando City SC,Inter Miami CF,2,4,Orlando City SC,home,39,10,5,4,7,3,1,0.81,1,,1,406,334,82.3,44,15,34,4,2,50,11,6,55,45,55,26,47,23,9,39,6,6,33,16,5,0,2,9,10,14,25,11,44,6,2,1,4,4,1,2,-1.91,0,,70,41,59,27,18,0,,,,,,,0.81
mls_2026,2026-03-02,,San Diego FC,St.Louis City,2,0,San Diego FC,home,65,10,6,3,9,1,1,0.86,5,1,4,779,710,91.1,39,25,64,20,4,20,10,5,50,49,55,29,53,14,5,36,12,12,67,10,0,4,7,15,5,12,6,7,50,7,0,1,2,2,0,,0.31,,,138,104,75,57,23,5,,,,,,,0.86
mls_2026,2026-03-02,,San Diego FC,St.Louis City,2,0,St.Louis City,away,35,6,2,4,5,1,0,0.41,1,0,1,420,355,84.5,28,9,32,6,1,17,12,4,33,51,55,26,47,14,9,64,12,12,58,12,1,2,2,8,7,10,28,12,46,4,0,0,5,5,2,,-0.47,,,73,50,68,31,14,1,,,,,,,0.41
mls_2026,2026-03-07,,DC United,Inter Miami CF,1,2,DC United,home,36,15,3,6,8,7,6,1.6,1,1,0,356,288,80.9,43,19,44,21,7,33,18,4,22,44,82,36,44,18,8,44,25,25,52,16,1,1,8,22,4,8,9,10,58,9,0,0,2,2,,0,-1.37,1,,133,96,72,51,25,1,,,,,,,1.64
mls_2026,2026-03-07,,DC United,Inter Miami CF,1,2,Inter Miami CF,away,64,7,4,3,4,3,0,0.95,2,1,1,683,595,87.1,51,29,57,2,2,100,18,7,39,56,82,46,56,18,10,56,23,23,74,8,1,0,1,23,9,16,22,15,52,14,0,1,2,2,,3,0.13,1,,98,63,64,46,13,0,,,,,,,0.95
mls_2026,2026-03-07,,New York City FC,Orlando City SC,5,0,New York City FC,home,72,13,5,5,9,4,3,2.4,3,2,1,677,618,91.3,49,32,65,26,7,27,9,5,56,52,42,19,45,22,14,64,9,9,67,17,0,5,5,13,3,6,15,4,46,3,0,,1,1,,1,0.29,0,0,155,123,79,68,31,2,,,,,,,2.4
mls_2026,2026-03-07,,New York City FC,Orlando City SC,5,0,Orlando City SC,away,28,4,1,1,2,2,2,0.16,0,0,0,271,195,72.0,55,11,20,9,1,11,7,2,29,48,42,23,55,22,8,36,7,7,57,7,1,0,2,19,11,17,26,4,23,4,0,,0,0,,2,-2.06,1,1,44,20,45,31,9,1,,,,,,,0.16
mls_2026,2026-03-08,,Atlanta United,Real Salt Lake,2,3,Atlanta United,home,62,16,5,6,10,6,5,1.39,2,2,0,690,625,90.6,37,18,49,26,4,15,14,7,50,47,56,26,46,18,9,50,15,15,73,12,2,1,4,19,4,4,12,11,59,8,0,1,1,1,1,1,-0.93,,1,185,149,81,72,38,2,,,,,,,1.39
mls_2026,2026-03-08,,Atlanta United,Real Salt Lake,2,3,Real Salt Lake,away,38,11,4,4,9,2,3,1.54,2,1,1,421,352,83.6,64,34,53,5,2,40,12,3,25,53,56,30,54,18,9,50,15,15,60,4,3,3,2,6,12,12,40,11,54,6,1,1,3,3,1,1,-0.39,,1,90,57,63,53,17,0,,,,,,,1.54
mls_2026,2026-03-08,,Charlotte FC,Austin FC,3,1,Austin FC,away,28,5,0,5,1,4,0,0.1,0,0,0,229,176,76.9,45,13,29,14,1,7,10,8,80,52,61,31,51,20,11,55,15,15,60,13,1,1,3,17,9,9,36,5,33,8,0,0,8,8,1,2,1.43,,,57,33,58,41,4,0,,,,,,,0.1
mls_2026,2026-03-08,,Charlotte FC,Austin FC,3,1,Charlotte FC,home,72,25,11,4,19,6,10,3.45,4,2,2,621,564,90.8,43,29,67,26,6,23,21,9,43,48,61,30,49,20,9,45,10,10,70,9,2,0,12,12,4,13,22,5,35,3,1,1,0,0,0,1,-1.0,,,238,202,85,81,64,3,,,,,,,3.45
mls_2026,2026-03-08,,Colorado Rapids,LA Galaxy,4,1,Colorado Rapids,home,53,11,6,3,8,3,2,2.14,4,2,2,531,479,90.2,21,13,62,15,4,27,11,4,36,38,54,20,37,19,8,42,10,10,80,10,0,,2,16,5,6,21,11,45,9,0,1,5,5,2,,0.35,0,2,120,99,83,47,16,3,,,,,,,2.15
mls_2026,2026-03-08,,Colorado Rapids,LA Galaxy,4,1,LA Galaxy,away,47,16,7,2,10,6,7,0.95,3,1,2,481,415,86.3,42,19,45,12,4,33,11,8,73,62,54,34,63,19,11,58,16,16,69,6,3,,5,27,4,10,20,6,36,7,0,1,2,2,0,,-1.33,1,1,94,63,67,39,27,1,,,,,,,0.98
mls_2026,2026-03-08,,Columbus Crew,Chicago Fire,0,0,Chicago Fire,away,49,8,3,4,5,3,1,0.87,1,,1,519,459,88.4,35,21,60,7,2,29,11,3,27,57,66,34,52,15,12,80,20,20,50,10,4,4,3,11,5,11,24,8,49,8,0,1,4,4,0,2,1.71,,,93,65,70,42,16,0,,,,,,,0.87
mls_2026,2026-03-08,,Columbus Crew,Chicago Fire,0,0,Columbus Crew,home,51,13,5,2,9,4,6,1.51,4,,4,528,464,87.9,32,15,47,22,5,23,19,7,37,43,66,32,48,15,3,20,16,16,63,11,2,1,7,13,8,10,10,9,42,8,0,0,2,2,1,1,0.77,,,132,93,70,55,20,2,,,,,,,1.69
mls_2026,2026-03-08,,FC Cincinnati,Toronto FC,0,1,FC Cincinnati,home,57,14,2,6,7,7,6,0.99,0,0,0,449,389,86.6,41,26,63,26,6,23,19,7,37,47,67,26,39,37,23,62,9,9,67,14,2,1,8,21,6,11,31,8,49,12,0,,4,4,3,2,-0.24,,,140,109,78,55,27,1,,,,,,,0.76
mls_2026,2026-03-08,,FC Cincinnati,Toronto FC,0,1,Toronto FC,away,43,11,5,4,8,3,2,0.73,2,1,1,341,263,77.1,53,16,30,21,6,29,9,4,44,53,67,41,61,37,14,38,24,24,67,11,2,0,7,18,6,14,33,11,47,4,0,,2,2,1,1,1.2,,,117,78,67,58,27,2,,,,,,,0.69
mls_2026,2026-03-08,,Los Angeles FC,FC Dallas,1,0,FC Dallas,away,39,15,5,6,10,5,4,1.2,2,,2,380,298,78.4,43,22,51,21,5,24,21,15,71,57,80,44,55,21,14,67,17,17,59,14,2,2,7,9,6,13,25,9,50,9,0,0,4,4,1,,-0.17,,,129,95,74,36,30,3,,,,,,,1.24
mls_2026,2026-03-08,,Los Angeles FC,FC Dallas,1,0,Los Angeles FC,home,61,8,5,1,5,3,3,0.93,1,,1,627,541,86.3,48,16,33,11,1,9,17,7,41,43,80,36,45,21,7,33,15,15,40,13,2,2,4,20,11,14,28,8,50,7,0,1,5,5,1,,0.99,,,165,124,75,69,16,1,,,,,,,0.93
mls_2026,2026-03-08,,Nashville SC,Minnesota United,3,1,Minnesota United,away,42,14,3,6,7,7,5,0.89,1,0,1,428,353,82.5,44,16,36,10,4,40,15,8,53,57,59,31,53,17,12,71,14,14,57,10,1,0,2,13,7,11,33,9,46,9,0,,4,4,1,0,-0.62,,1,105,71,68,41,21,3,,,,,,,0.89
mls_2026,2026-03-08,,Nashville SC,Minnesota United,3,1,Nashville SC,home,58,15,6,4,10,5,5,1.33,3,3,1,573,495,86.4,46,18,39,19,5,26,13,4,31,43,59,28,47,17,5,29,15,15,53,11,1,1,5,23,7,10,18,6,47,5,1,,2,2,0,1,-0.36,,1,134,94,70,62,26,1,,,,,,,1.35
mls_2026,2026-03-08,,New York Red Bulls,CF Montréal,0,3,CF Montréal,away,33,10,4,5,4,6,1,1.92,3,2,1,269,193,71.7,65,31,48,9,1,11,13,5,38,62,54,30,56,14,12,86,17,17,71,9,0,6,4,16,12,7,39,15,53,6,0,,4,4,1,0,0.81,0,,79,49,62,42,12,2,,,,,,,2.07
mls_2026,2026-03-08,,New York Red Bulls,CF Montréal,0,3,New York Red Bulls,home,67,12,4,5,6,6,3,0.65,1,0,1,550,471,85.6,39,19,49,31,2,6,10,2,20,38,54,24,44,14,2,14,14,14,64,8,1,0,11,32,7,9,11,5,48,9,0,,1,1,0,1,-1.18,1,,227,190,84,68,26,1,,,,,,,0.85
mls_2026,2026-03-08,,Philadelphia Union,San Jose Earthquakes,0,1,Philadelphia Union,home,50,13,3,7,10,3,3,1.18,1,0,1,351,243,69.2,57,26,46,27,11,41,10,3,30,56,73,36,49,49,32,65,18,18,56,20,3,2,11,29,4,16,17,14,58,6,0,0,2,2,0,1,0.35,,,136,71,52,68,39,0,,,,,,,1.18
mls_2026,2026-03-08,,Philadelphia Union,San Jose Earthquakes,0,1,San Jose Earthquakes,away,50,8,3,3,6,2,2,0.88,1,1,0,376,269,71.5,72,25,35,12,3,25,16,5,31,44,73,37,51,49,17,35,13,13,54,16,2,1,1,27,8,20,46,14,63,7,0,1,3,3,1,0,0.91,,,88,49,56,52,15,2,,,,,,,0.88
mls_2026,2026-03-08,,Portland Timbers,Vancouver Whitecaps,1,4,Portland Timbers,home,45,7,2,2,3,4,3,0.5,1,0,1,409,323,79.0,44,19,43,16,5,31,20,8,40,51,73,37,51,25,13,52,16,16,38,10,3,4,3,14,9,13,24,13,48,9,1,0,3,3,,1,-1.21,0,,96,59,61,45,9,2,,,,,,,0.5
mls_2026,2026-03-08,,Portland Timbers,Vancouver Whitecaps,1,4,Vancouver Whitecaps,away,55,17,8,3,12,5,6,3.11,5,3,2,516,433,83.9,52,28,54,17,5,29,16,7,44,49,73,36,49,25,12,48,21,21,57,13,3,1,7,19,6,10,21,8,49,7,1,2,1,1,,0,-0.61,1,,181,129,71,71,42,2,,,,,,,3.14
mls_2026,2026-03-08,,Sporting Kansas City,San Diego FC,0,1,San Diego FC,away,67,15,5,5,11,4,5,1.86,3,,3,749,672,89.7,61,40,66,18,7,39,6,2,33,48,55,28,51,14,5,36,15,15,53,12,4,2,6,16,4,11,18,13,58,8,2,2,3,3,1,1,0.55,,0,189,148,78,87,38,4,,,,,,,1.86
mls_2026,2026-03-08,,Sporting Kansas City,San Diego FC,0,1,Sporting Kansas City,home,33,5,3,0,4,1,2,0.36,2,,2,361,286,79.2,49,21,43,16,2,13,12,5,42,52,55,27,49,14,9,64,12,12,33,11,3,2,2,8,8,12,24,12,57,8,0,1,4,4,2,2,0.1,,2,106,75,71,43,25,1,,,,,,,0.36
mls_2026,2026-03-08,,St.Louis City,Seattle Sounders FC,0,1,Seattle Sounders FC,away,38,8,4,1,6,2,3,1.13,2,,2,385,313,81.3,45,17,38,10,1,10,10,6,60,54,69,41,59,25,10,40,23,23,78,7,3,2,1,17,3,13,38,6,51,14,0,,5,5,1,2,0.46,0,1,99,64,65,44,20,0,,,,,,,1.13
mls_2026,2026-03-08,,St.Louis City,Seattle Sounders FC,0,1,St.Louis City,home,62,12,5,3,7,5,4,0.66,0,,0,607,540,89.0,39,19,49,30,4,13,17,4,24,46,69,28,41,25,15,60,18,18,44,13,1,1,8,22,5,7,25,9,47,11,0,,3,3,1,0,0.45,1,1,258,210,81,74,22,3,,,,,,,0.66
mls_2026,2026-03-14,,Atlanta United,Philadelphia Union,3,1,Atlanta United,home,42,10,4,4,7,3,2,2.02,5,3,2,350,257,73.4,49,21,43,12,3,25,9,3,33,50,70,36,51,43,21,49,23,23,78,15,4,2,4,24,11,12,46,12,40,9,0,1,2,2,,0,0.07,,,69,40,58,37,15,1,,,,,,,2.79
mls_2026,2026-03-14,,Atlanta United,Philadelphia Union,3,1,Philadelphia Union,away,58,14,3,9,9,5,2,2.24,5,1,4,466,374,80.3,42,23,55,36,7,19,16,5,31,50,70,34,49,43,22,51,15,15,93,12,0,0,6,40,5,14,10,13,52,12,2,1,1,1,,1,-0.9,,,194,140,72,88,41,6,,,,,,,2.13
mls_2026,2026-03-14,,Charlotte FC,Inter Miami CF,0,0,Charlotte FC,home,45,11,5,5,9,2,1,1.08,1,,1,463,407,87.9,39,20,51,13,2,15,9,5,56,55,50,30,60,15,6,40,10,10,80,12,3,0,3,15,6,16,16,12,47,4,0,1,3,3,0,0,0.61,,0,121,87,72,52,15,3,,,,,,,1.01
mls_2026,2026-03-14,,Charlotte FC,Inter Miami CF,0,0,Inter Miami CF,away,55,10,3,6,6,4,1,0.98,1,,1,567,499,88.0,58,35,60,18,7,39,7,1,14,45,50,20,40,15,9,60,8,8,63,16,2,2,5,13,7,12,16,4,49,4,0,0,5,5,2,1,1.25,,1,123,91,74,49,28,1,,,,,,,0.99
mls_2026,2026-03-14,,Columbus Crew,Nashville SC,0,1,Columbus Crew,home,57,8,2,5,1,8,1,0.22,0,0,0,628,552,87.9,57,25,44,17,1,0,19,8,42,54,76,44,58,21,8,38,25,25,56,4,1,3,6,15,6,12,15,7,48,9,1,,3,3,2,,1.01,,,133,90,68,71,14,1,,,,,,,0.23
mls_2026,2026-03-14,,Columbus Crew,Nashville SC,0,1,Nashville SC,away,43,8,4,3,6,2,1,1.16,3,1,2,461,396,85.9,48,32,67,11,3,27,21,9,43,46,76,32,42,21,13,62,20,20,80,12,5,1,3,11,8,4,35,10,48,13,0,,2,2,0,,0.08,,,80,57,71,45,17,0,,,,,,,1.1
mls_2026,2026-03-14,,New York City FC,Colorado Rapids,3,1,Colorado Rapids,away,59,8,2,3,5,3,3,0.76,2,1,1,604,537,88.9,26,13,50,17,3,18,23,11,48,48,91,42,46,17,10,59,18,18,61,25,2,1,4,13,4,14,15,11,52,13,0,0,5,5,1,,-0.87,,,104,81,78,50,12,1,,,,,,,0.95
mls_2026,2026-03-14,,New York City FC,Colorado Rapids,3,1,New York City FC,home,41,13,8,3,7,6,2,1.34,4,1,3,421,335,79.6,63,28,44,8,3,38,12,1,8,52,91,49,54,17,7,41,25,25,60,14,2,5,4,16,5,25,19,15,52,7,0,1,1,1,0,,-0.49,,,94,60,64,40,25,4,,,,,,,1.76
mls_2026,2026-03-14,,Orlando City SC,CF Montréal,2,1,CF Montréal,away,65,18,6,4,10,8,8,1.56,1,1,0,567,492,86.8,48,25,52,26,5,19,19,11,58,52,67,37,55,27,12,44,14,14,86,14,1,3,10,11,5,12,8,11,52,4,0,,4,4,0,0,0.73,,2,184,138,75,66,36,3,,,,,,,1.13
mls_2026,2026-03-14,,Orlando City SC,CF Montréal,2,1,Orlando City SC,home,35,15,6,4,9,6,5,2.57,5,2,3,307,243,79.2,50,25,50,7,2,29,9,4,44,48,67,30,45,27,15,56,12,12,67,12,1,1,4,16,8,14,38,8,42,9,1,,4,4,1,1,-0.64,,1,74,46,62,48,16,4,,,,,,,2.48
mls_2026,2026-03-14,,Toronto FC,New York Red Bulls,1,1,New York Red Bulls,away,68,17,8,2,14,3,7,1.79,2,0,2,590,508,86.1,37,15,41,32,4,13,13,6,46,44,71,31,44,32,14,44,15,15,67,13,2,2,11,21,6,10,19,9,60,13,0,1,5,5,2,,0.03,,,180,142,79,68,34,3,,,,,,,2.04
mls_2026,2026-03-14,,Toronto FC,New York Red Bulls,1,1,Toronto FC,home,32,12,6,4,10,2,2,1.28,3,1,2,287,197,68.6,62,24,39,12,4,33,15,9,60,56,71,40,56,32,18,56,20,20,65,10,1,1,5,21,13,13,36,13,55,9,0,0,7,7,3,,1.54,,,87,54,62,47,20,2,,,,,,,0.96
mls_2026,2026-03-15,,Chicago Fire,DC United,1,2,Chicago Fire,home,67,15,2,6,11,4,7,1.93,2,1,1,635,526,82.8,47,14,30,16,3,19,22,9,41,50,76,35,46,33,20,61,17,17,71,12,3,2,4,34,5,10,25,13,55,14,0,,1,1,,,-0.66,,1,198,139,70,81,36,1,,,,,,,1.93
mls_2026,2026-03-15,,Chicago Fire,DC United,1,2,DC United,away,33,13,4,5,9,4,4,1.61,2,1,1,316,208,65.8,64,19,30,15,6,40,14,5,36,50,76,41,54,33,13,39,27,27,59,11,1,3,5,24,12,11,37,23,45,8,0,,1,1,,,-0.23,,1,99,55,56,56,21,1,,,,,,,1.59
mls_2026,2026-03-15,,FC Dallas,San Diego FC,3,3,FC Dallas,home,35,13,8,3,9,4,2,2.71,5,3,2,386,308,79.8,56,28,50,12,4,33,11,4,36,45,70,30,43,21,11,52,14,14,64,16,3,6,3,16,5,11,18,12,56,9,0,1,1,1,,0,-0.23,0,0,125,77,62,60,30,2,,,,,,,2.74
mls_2026,2026-03-15,,FC Dallas,San Diego FC,3,3,San Diego FC,away,65,5,4,0,5,0,1,2.04,3,3,0,738,651,88.2,48,17,35,10,0,0,19,10,53,55,70,40,57,21,10,48,16,16,50,12,2,4,0,24,10,14,14,12,56,5,0,0,5,5,,1,0.07,1,2,102,65,64,52,16,4,,,,,,,2.04
mls_2026,2026-03-15,,Houston Dynamo,Portland Timbers,3,2,Houston Dynamo,home,48,19,6,7,11,8,6,1.2,2,1,1,408,346,84.8,45,24,53,29,7,24,12,8,67,53,54,26,48,35,21,60,10,10,60,12,2,0,10,21,8,9,22,12,46,4,1,1,6,6,0,1,0.39,0,,135,113,84,48,28,2,,,,,,,1.21
mls_2026,2026-03-15,,Houston Dynamo,Portland Timbers,3,2,Portland Timbers,away,52,17,9,3,13,4,5,2.37,5,1,4,453,386,85.2,42,20,48,19,4,21,14,8,57,47,54,28,52,35,14,40,8,8,50,9,4,3,6,14,8,11,29,4,49,4,0,0,3,3,1,0,-1.6,1,,98,70,71,53,27,3,,,,,,,2.27
mls_2026,2026-03-15,,LA Galaxy,Sporting Kansas City,1,2,LA Galaxy,home,61,18,5,9,14,4,4,2.03,3,1,2,602,542,90.0,30,15,50,25,10,40,21,14,67,54,64,33,52,23,14,61,7,7,86,7,1,1,10,22,3,12,17,11,40,13,2,0,2,2,1,1,-0.38,,0,166,132,80,66,36,2,,,,,,,2.19
mls_2026,2026-03-15,,LA Galaxy,Sporting Kansas City,1,2,Sporting Kansas City,away,39,7,4,1,4,3,2,0.73,1,0,1,393,328,83.5,63,35,56,8,1,0,8,6,75,46,64,31,48,23,9,39,20,20,70,12,1,2,3,14,15,7,28,10,40,5,0,1,4,4,1,2,0.22,,1,92,64,70,50,16,2,,,,,,,0.73
mls_2026,2026-03-15,,Los Angeles FC,St.Louis City,2,0,Los Angeles FC,home,45,16,5,4,6,10,7,0.82,2,,2,441,378,85.7,39,15,38,13,3,23,13,4,31,53,62,32,52,14,8,57,19,19,53,12,,2,5,11,7,9,33,5,42,5,2,,4,4,0,2,0.68,0,3,99,79,80,44,16,0,,,,,,,0.82
mls_2026,2026-03-15,,Los Angeles FC,St.Louis City,2,0,St.Louis City,away,55,18,4,6,13,5,8,1.15,2,,2,530,463,87.4,24,14,58,30,6,20,12,5,42,47,62,30,48,14,6,43,14,14,57,9,,4,9,17,6,12,16,6,45,12,0,,3,3,1,0,-1.06,1,0,131,102,78,40,36,3,,,,,,,1.23
mls_2026,2026-03-15,,New England Revolution,FC Cincinnati,6,1,FC Cincinnati,away,45,15,9,2,10,5,4,1.04,3,0,3,457,377,82.5,63,30,48,9,3,33,10,5,50,55,67,34,51,24,16,67,15,15,67,14,2,1,3,17,4,15,18,6,45,7,1,,3,3,1,0,-1.47,1,,96,67,70,41,25,3,,,,,,,1.04
mls_2026,2026-03-15,,New England Revolution,FC Cincinnati,6,1,New England Revolution,home,55,16,10,3,12,4,3,1.88,6,4,2,565,504,89.2,44,18,41,11,4,36,15,7,47,45,67,33,49,24,8,33,12,12,83,15,3,4,1,8,3,14,25,8,50,7,0,,7,7,1,2,1.05,0,,134,109,81,54,34,1,,,,,,,1.99
mls_2026,2026-03-15,,Real Salt Lake,Austin FC,2,1,Austin FC,away,40,10,3,3,5,5,4,0.61,0,,0,332,264,79.5,49,13,27,11,2,18,10,6,60,46,62,33,53,28,8,29,15,15,53,10,4,2,4,11,10,12,29,9,44,7,1,,7,7,3,,0.63,,,52,32,62,25,11,1,,,,,,,0.59
mls_2026,2026-03-15,,Real Salt Lake,Austin FC,2,1,Real Salt Lake,home,60,23,8,6,16,7,9,2.15,3,,3,511,443,86.7,52,36,69,20,7,35,20,8,40,54,62,29,47,28,20,71,11,11,55,12,1,2,7,20,6,10,18,7,34,3,0,,2,2,2,,-0.09,,,198,152,77,76,45,3,,,,,,,1.72
mls_2026,2026-03-15,,San Jose Earthquakes,Seattle Sounders FC,0,1,San Jose Earthquakes,home,63,25,7,6,17,8,12,2.35,3,0,3,481,421,87.5,45,30,67,50,12,24,7,2,29,43,64,31,48,16,3,19,18,18,56,6,1,0,17,22,5,11,9,5,49,14,1,1,3,3,,1,-0.33,,,226,185,82,71,53,4,,,,,,,1.67
mls_2026,2026-03-15,,San Jose Earthquakes,Seattle Sounders FC,0,1,Seattle Sounders FC,away,37,6,4,2,4,2,0,0.51,1,1,0,309,252,81.6,41,22,54,3,0,0,18,8,44,57,64,33,52,16,13,81,19,19,63,11,4,1,0,12,13,6,53,9,43,8,0,2,6,6,,4,1.86,,,76,51,67,36,14,1,,,,,,,0.51
mls_2026,2026-03-15,,Vancouver Whitecaps,Minnesota United,6,0,Minnesota United,away,50,8,4,2,7,1,2,1.14,3,0,3,447,391,87.5,25,15,60,16,7,44,14,4,29,45,87,38,44,11,6,55,11,11,64,22,2,4,7,16,7,23,20,7,44,13,1,1,2,2,0,0,-1.14,1,,78,53,68,30,20,2,,,,,,,1.07
mls_2026,2026-03-15,,Vancouver Whitecaps,Minnesota United,6,0,Vancouver Whitecaps,home,50,16,8,6,13,3,2,4.0,7,5,2,451,391,86.7,39,21,54,17,7,41,11,4,36,55,87,49,56,11,5,45,23,23,61,23,1,1,3,15,4,20,18,7,43,4,1,1,4,4,1,1,1.58,0,,130,101,78,45,32,5,,,,,,,4.08
mls_2026,2026-03-21,,Atlanta United,DC United,0,0,Atlanta United,home,71,7,3,3,4,3,1,0.31,,,,791,696,88.0,40,18,45,17,4,24,18,8,44,49,63,32,51,26,12,46,14,14,57,7,1,1,3,25,7,10,10,9,51,12,0,1,1,1,0,1,0.02,,0,191,142,74,76,18,3,,,,,,,0.26
mls_2026,2026-03-21,,Atlanta United,DC United,0,0,DC United,away,29,4,1,3,2,2,0,0.17,,,,308,232,75.3,44,13,30,15,2,13,6,2,33,51,63,31,49,26,14,54,22,22,55,10,1,0,4,14,6,7,25,16,53,10,2,0,3,3,1,1,0.64,,1,97,64,66,41,14,0,,,,,,,0.16
mls_2026,2026-03-21,,Charlotte FC,New York Red Bulls,6,1,Charlotte FC,home,45,15,10,5,12,3,1,2.57,6,3,3,462,407,88.1,65,51,78,10,5,50,14,6,43,56,53,28,53,15,10,67,15,15,47,8,1,6,2,19,13,7,18,8,43,6,1,0,6,6,0,1,0.4,1,,136,107,79,53,39,4,,,,,,,2.59
mls_2026,2026-03-21,,Charlotte FC,New York Red Bulls,6,1,New York Red Bulls,away,55,22,7,8,12,10,7,2.08,4,1,3,561,510,90.9,18,9,50,17,2,12,11,5,45,44,53,25,47,15,5,33,14,14,86,7,1,1,8,9,8,8,13,6,40,9,2,1,4,4,2,0,-1.14,1,,154,122,79,54,35,1,,,,,,,2.65
mls_2026,2026-03-21,,Nashville SC,Orlando City SC,5,0,Nashville SC,home,57,19,8,7,13,6,4,3.63,10,3,7,534,489,91.6,39,25,64,17,3,18,7,4,57,52,60,30,50,15,9,60,21,21,62,15,1,3,5,12,8,4,29,6,46,9,0,1,1,1,,1,0.46,0,0,134,117,87,43,35,1,,,,,,,3.24
mls_2026,2026-03-21,,Nashville SC,Orlando City SC,5,0,Orlando City SC,away,43,9,1,6,5,4,2,0.99,1,0,1,410,336,82.0,42,13,31,11,4,36,16,5,31,48,60,30,50,15,6,40,12,12,75,5,2,2,5,27,7,15,17,9,32,10,1,1,3,3,,0,-1.44,1,1,103,63,61,45,26,2,,,,,,,0.58
mls_2026,2026-03-21,,Philadelphia Union,Chicago Fire,1,2,Chicago Fire,away,53,11,4,6,9,2,1,2.22,5,2,3,431,313,72.6,75,23,31,8,3,38,19,10,53,47,84,46,55,49,16,33,26,26,54,15,3,,2,24,6,11,36,7,58,10,1,,2,2,,,0.32,,0,102,52,51,60,17,1,,,,,,,2.52
mls_2026,2026-03-21,,Philadelphia Union,Chicago Fire,1,2,Philadelphia Union,home,47,12,3,6,5,7,3,0.84,1,0,1,377,273,72.4,49,13,27,19,4,21,16,4,25,53,84,38,45,49,33,67,19,19,53,11,1,,6,31,6,15,25,13,62,14,1,,2,2,,,-0.15,,1,133,76,57,74,22,5,,,,,,,0.85
mls_2026,2026-03-21,,Toronto FC,Columbus Crew,2,1,Columbus Crew,away,55,8,4,3,7,1,1,0.84,1,1,0,471,397,84.3,41,17,41,19,5,26,18,10,56,46,86,42,49,28,11,39,23,23,61,20,3,2,7,19,6,9,37,11,63,13,1,,4,4,1,1,0.38,,2,66,45,68,38,18,0,,,,,,,0.68
mls_2026,2026-03-21,,Toronto FC,Columbus Crew,2,1,Toronto FC,home,45,12,7,5,8,4,0,0.92,1,0,1,374,286,76.5,52,23,44,25,10,40,10,3,30,54,86,44,51,28,17,61,21,21,76,9,1,1,10,14,1,20,25,12,61,16,0,,3,3,0,0,0.29,,0,123,63,51,52,34,2,,,,,,,0.91
mls_2026,2026-03-22,,Austin FC,Los Angeles FC,0,0,Austin FC,home,62,10,1,5,3,7,4,0.98,1,,1,684,613,89.6,43,23,53,23,6,26,20,11,55,49,70,35,50,13,6,46,17,17,59,11,3,2,5,15,8,7,12,6,47,8,1,,1,1,1,2,0.08,,3,180,140,78,65,17,0,,,,,,,1.05
mls_2026,2026-03-22,,Austin FC,Los Angeles FC,0,0,Los Angeles FC,away,38,12,1,6,8,4,5,1.35,2,,2,424,363,85.6,43,18,42,10,2,20,12,7,58,51,70,35,50,13,7,54,17,17,47,7,2,0,4,14,7,11,26,13,46,12,1,,1,1,1,1,0.1,,1,103,79,77,55,15,1,,,,,,,1.53
mls_2026,2026-03-22,,FC Cincinnati,CF Montréal,4,3,CF Montréal,away,54,19,7,8,10,9,4,2.04,3,2,1,401,321,80.0,51,16,31,13,6,46,16,9,56,55,74,44,59,26,11,42,17,17,71,11,1,2,2,17,6,19,20,12,50,10,0,,4,4,1,,-1.88,1,,138,103,75,50,23,9,,,,,,,2.11
mls_2026,2026-03-22,,FC Cincinnati,CF Montréal,4,3,FC Cincinnati,home,46,15,8,4,11,4,3,1.61,4,3,1,352,276,78.4,55,31,56,7,0,0,10,2,20,45,74,30,41,26,15,58,17,17,53,20,4,1,2,19,10,11,17,11,44,9,0,,4,4,0,,-1.65,0,,97,65,67,56,22,0,,,,,,,1.58
mls_2026,2026-03-22,,FC Dallas,Houston Dynamo,4,3,FC Dallas,home,55,16,6,5,10,6,5,1.42,1,1,0,446,367,82.3,50,26,52,20,6,30,14,5,36,47,72,32,44,42,22,52,13,13,62,16,2,3,6,16,2,14,32,6,54,4,0,0,1,1,1,0,-0.7,1,,167,120,72,64,24,5,,,,,,,1.39
mls_2026,2026-03-22,,FC Dallas,Houston Dynamo,4,3,Houston Dynamo,away,45,10,4,3,8,2,3,1.76,4,3,1,361,279,77.3,67,28,42,21,3,14,14,11,79,53,72,40,56,42,20,48,13,13,46,14,4,0,8,19,5,16,30,11,47,10,0,1,3,3,0,2,-1.62,0,,96,56,58,58,17,5,,,,,,,1.74
mls_2026,2026-03-22,,Minnesota United,Seattle Sounders FC,0,0,Minnesota United,home,32,8,3,4,8,1,1,0.75,1,,1,316,249,78.8,44,16,36,14,2,14,13,7,54,55,65,36,55,20,11,55,16,16,81,9,1,1,4,19,6,13,38,7,44,7,0,1,2,2,,,0.34,,,81,62,77,30,24,1,,,,,,,0.8
mls_2026,2026-03-22,,Minnesota United,Seattle Sounders FC,0,0,Seattle Sounders FC,away,68,11,2,4,6,5,5,0.62,2,,2,671,606,90.3,36,20,56,26,2,8,15,7,47,45,65,29,45,20,9,45,13,13,69,13,3,0,7,16,7,9,29,12,53,8,1,0,2,2,,,0.12,,,225,187,83,71,28,4,,,,,,,0.64
mls_2026,2026-03-22,,New York City FC,Inter Miami CF,2,3,Inter Miami CF,away,54,22,8,8,14,8,6,1.43,1,0,1,548,492,89.8,32,13,41,11,3,27,19,8,42,36,78,27,35,19,8,42,10,10,60,14,4,2,7,22,7,12,22,8,43,17,2,0,3,3,1,,-0.27,0,1,92,69,75,41,26,1,,,,,,,1.47
mls_2026,2026-03-22,,New York City FC,Inter Miami CF,2,3,New York City FC,home,46,11,5,2,8,3,4,1.25,1,1,0,468,393,84.0,47,21,45,12,3,25,16,10,63,64,78,51,65,19,11,58,28,28,57,12,1,3,7,13,6,14,8,8,48,4,0,1,5,5,0,,0.16,1,0,120,83,69,55,17,1,,,,,,,1.28
mls_2026,2026-03-22,,Portland Timbers,LA Galaxy,1,1,LA Galaxy,away,66,22,7,3,16,6,12,1.84,1,1,1,667,602,90.3,40,24,60,20,3,15,12,8,67,55,60,35,58,17,7,41,16,16,69,14,1,4,9,11,5,11,23,5,55,5,0,1,1,1,0,2,-0.76,0,,227,183,81,103,50,1,,,,,,,1.76
mls_2026,2026-03-22,,Portland Timbers,LA Galaxy,1,1,Portland Timbers,home,34,8,2,4,5,3,2,0.43,2,1,1,346,284,82.1,47,27,57,12,5,42,10,3,30,45,60,25,42,17,10,59,9,9,33,11,3,1,2,10,7,14,32,11,52,9,0,0,6,6,3,1,1.63,1,,105,71,68,54,16,2,,,,,,,0.43
mls_2026,2026-03-22,,San Diego FC,Real Salt Lake,2,2,Real Salt Lake,away,41,21,8,8,18,3,5,3.04,5,1,4,400,337,84.2,47,24,51,22,9,41,12,7,58,67,64,42,66,15,11,73,20,20,75,12,2,2,8,8,6,15,31,11,58,4,0,1,4,4,0,,-0.29,,0,109,75,69,47,37,0,,,,,,,3.04
mls_2026,2026-03-22,,San Diego FC,Real Salt Lake,2,2,San Diego FC,home,59,15,6,2,11,4,7,1.77,3,2,1,579,504,87.0,43,17,40,16,4,25,8,1,13,33,64,22,34,15,4,27,9,9,44,15,3,2,7,23,6,12,18,10,56,13,0,0,4,4,1,,-0.13,,1,155,117,75,56,41,4,,,,,,,1.52
mls_2026,2026-03-22,,Sporting Kansas City,Colorado Rapids,1,4,Colorado Rapids,away,50,17,9,3,11,6,5,4.26,7,4,3,425,363,85.4,41,25,61,12,2,17,15,3,20,40,86,32,37,15,8,53,12,12,58,21,3,0,4,20,7,17,19,11,41,13,1,1,2,2,0,2,-0.34,0,1,114,80,70,46,38,2,,,,,,,4.31
mls_2026,2026-03-22,,Sporting Kansas City,Colorado Rapids,1,4,Sporting Kansas City,home,50,8,3,4,6,2,1,0.74,2,1,1,422,363,86.0,42,27,64,15,0,0,12,8,67,60,86,54,63,15,7,47,25,25,28,17,3,2,6,9,8,21,22,7,39,8,0,1,4,4,1,0,-0.54,2,1,85,62,73,32,20,4,,,,,,,0.74
mls_2026,2026-03-22,,St.Louis City,New England Revolution,3,1,New England Revolution,away,52,8,2,3,6,2,3,1.55,3,1,2,503,446,88.7,55,27,49,11,1,9,8,1,13,40,53,20,38,25,11,44,8,8,50,12,2,3,3,17,5,11,26,9,40,12,0,,3,3,1,1,-1.42,2,,107,85,79,48,18,1,,,,,,,1.21
mls_2026,2026-03-22,,St.Louis City,New England Revolution,3,1,St.Louis City,home,48,11,6,1,6,5,4,1.08,3,2,1,465,406,87.3,42,23,55,21,3,14,7,4,57,60,53,33,62,25,14,56,19,19,47,11,3,1,6,17,4,12,17,10,40,5,0,,1,1,0,0,-0.11,0,,131,95,73,63,21,1,,,,,,,1.12
mls_2026,2026-03-22,,Vancouver Whitecaps,San Jose Earthquakes,0,1,San Jose Earthquakes,away,39,6,3,1,4,2,2,0.65,1,,1,332,268,80.7,54,28,52,17,3,18,10,3,30,43,65,28,43,15,6,40,14,14,64,12,3,1,5,18,7,11,37,9,50,13,0,0,6,6,1,0,1.11,,1,77,50,65,36,13,1,,,,,,,0.66
mls_2026,2026-03-22,,Vancouver Whitecaps,San Jose Earthquakes,0,1,Vancouver Whitecaps,home,61,12,6,5,8,4,1,1.21,3,,3,534,463,86.7,45,22,49,23,5,22,10,5,50,57,65,37,57,15,9,60,20,20,60,11,1,2,3,20,5,12,14,1,53,9,0,1,1,1,0,2,-0.56,,0,174,130,75,68,27,5,,,,,,,0.98
mls_2026,2026-04-04,,Atlanta United,Columbus Crew,1,3,Atlanta United,home,58,7,4,3,3,4,0,1.24,2,1,1,599,525,87.6,44,16,36,12,1,0,4,1,25,52,50,28,56,13,5,38,18,18,56,9,2,2,4,15,8,9,23,8,41,9,0,,4,4,0,1,-0.55,,,112,78,70,39,8,0,,,,,,,1.83
mls_2026,2026-04-04,,Atlanta United,Columbus Crew,1,3,Columbus Crew,away,42,16,7,7,9,7,2,1.46,5,2,3,426,374,87.8,41,23,56,22,5,23,13,3,23,48,50,22,44,13,8,62,12,12,67,9,1,4,8,17,4,9,17,11,46,8,0,,4,4,1,1,0.67,,,115,92,80,42,28,1,,,,,,,1.52
mls_2026,2026-04-04,,Charlotte FC,Philadelphia Union,2,1,Charlotte FC,home,58,9,5,2,8,1,2,1.46,3,1,2,509,435,85.5,63,34,54,12,4,33,14,7,50,51,67,32,48,27,16,59,7,7,71,10,4,1,6,19,11,22,39,4,43,13,0,1,2,2,1,2,-0.1,,,118,80,68,55,27,4,,,,,,,1.46
mls_2026,2026-04-04,,Charlotte FC,Philadelphia Union,2,1,Philadelphia Union,away,42,17,3,7,11,6,7,1.71,2,1,1,345,277,80.3,41,16,39,33,8,24,7,5,71,49,67,35,52,27,11,41,20,20,70,22,4,1,7,19,3,10,19,11,54,5,0,0,3,3,2,0,-0.23,,,128,97,76,55,23,2,,,,,,,1.41
mls_2026,2026-04-04,,DC United,FC Dallas,0,4,DC United,home,51,11,4,3,8,3,4,0.61,2,0,2,406,322,79.3,50,14,28,28,8,29,8,2,25,46,46,25,54,34,12,35,13,13,69,15,2,1,6,25,6,11,25,9,46,1,0,0,3,3,2,1,-0.54,,,101,68,67,44,21,3,,,,,,,0.6
mls_2026,2026-04-04,,DC United,FC Dallas,0,4,FC Dallas,away,49,15,8,3,12,3,4,2.07,4,2,2,405,322,79.5,56,25,45,16,3,19,7,3,43,54,46,21,46,34,22,65,7,7,71,11,1,0,3,22,8,15,41,9,46,9,0,1,4,4,0,1,0.94,,,116,85,73,53,28,2,,,,,,,1.79
mls_2026,2026-04-04,,Inter Miami CF,Austin FC,2,2,Austin FC,away,34,9,3,5,7,2,1,1.68,2,2,0,317,254,80.1,55,23,42,4,3,75,16,6,38,39,56,22,39,23,9,39,9,9,56,8,0,1,3,17,11,7,26,13,44,6,2,,6,6,1,,0.15,,,78,49,63,42,20,1,,,,,,,1.68
mls_2026,2026-04-04,,Inter Miami CF,Austin FC,2,2,Inter Miami CF,home,66,28,8,14,21,7,6,2.94,4,1,3,595,523,87.9,31,22,71,22,11,50,14,12,86,61,56,34,61,23,14,61,16,16,81,7,2,3,7,13,5,8,13,6,53,7,1,,1,1,0,,0.1,,,218,172,79,64,61,2,,,,,,,3.53
mls_2026,2026-04-04,,New England Revolution,CF Montréal,3,0,CF Montréal,away,64,18,4,10,10,8,4,1.21,2,0,2,532,443,83.3,44,21,48,25,10,40,13,7,54,55,74,39,53,32,19,59,16,16,44,23,3,0,5,27,6,16,19,7,45,7,2,1,3,3,1,0,-0.93,,0,192,135,70,80,34,6,,,,,,,1.09
mls_2026,2026-04-04,,New England Revolution,CF Montréal,3,0,New England Revolution,home,36,9,6,2,8,1,1,1.77,6,3,3,288,216,75.0,43,14,33,14,4,29,11,3,27,45,74,35,47,32,13,41,13,13,85,16,2,1,1,14,8,23,43,13,52,8,1,1,4,4,1,1,0.71,,1,87,59,68,44,16,0,,,,,,,1.8
mls_2026,2026-04-04,,New York City FC,St.Louis City,1,1,New York City FC,home,58,15,7,4,12,3,4,1.14,2,0,2,633,553,87.4,42,16,38,16,4,25,12,3,25,48,53,25,47,22,11,50,10,10,80,9,1,2,2,19,8,12,23,11,50,6,0,1,2,2,2,,0.12,,0,134,104,78,58,34,1,,,,,,,1.17
mls_2026,2026-04-04,,New York City FC,St.Louis City,1,1,St.Louis City,away,42,14,3,6,9,5,5,1.4,1,1,0,463,384,82.9,39,16,41,12,2,17,8,4,50,52,53,28,53,22,11,50,15,15,40,12,3,2,4,24,5,9,25,8,48,6,0,2,6,6,1,,0.2,,3,124,84,68,57,24,0,,,,,,,1.06
mls_2026,2026-04-04,,New York Red Bulls,FC Cincinnati,4,2,FC Cincinnati,away,48,17,6,8,14,3,3,2.8,6,1,5,469,382,81.4,65,28,43,13,8,62,24,12,50,52,80,41,51,20,11,55,19,19,68,12,2,5,6,20,8,12,23,11,66,6,0,1,3,3,1,,-2.21,,1,117,81,69,50,35,0,,,,,,,2.17
mls_2026,2026-04-04,,New York Red Bulls,FC Cincinnati,4,2,New York Red Bulls,home,52,18,6,6,9,9,6,2.0,2,2,0,516,430,83.3,36,17,47,14,3,21,18,9,50,48,80,39,49,20,9,45,18,18,61,12,2,1,2,11,8,12,18,10,61,10,0,0,4,4,1,,-0.03,,1,204,155,76,67,38,3,,,,,,,1.8
mls_2026,2026-04-04,,Real Salt Lake,Sporting Kansas City,3,1,Real Salt Lake,home,49,22,7,8,13,9,7,2.55,3,1,2,409,328,80.2,46,23,50,11,6,55,9,6,67,52,60,28,47,23,15,65,11,11,82,15,1,2,7,23,10,11,18,11,48,8,3,4,2,2,,0,0.44,,0,159,108,68,62,42,2,,,,,,,2.59
mls_2026,2026-04-04,,Real Salt Lake,Sporting Kansas City,3,1,Sporting Kansas City,away,51,5,3,2,3,2,0,0.48,1,0,1,436,346,79.4,60,20,33,6,1,17,12,6,50,48,60,32,53,23,8,35,11,11,55,11,0,1,1,26,9,15,32,8,43,5,0,3,4,4,,1,-0.92,,4,126,89,71,43,16,1,,,,,,,0.48
mls_2026,2026-04-04,,Toronto FC,Colorado Rapids,3,2,Colorado Rapids,away,46,5,4,0,3,2,1,0.46,1,,0,409,350,85.6,59,29,49,6,2,33,12,6,50,58,75,44,59,11,6,55,23,23,65,13,5,1,4,14,8,16,37,14,44,8,0,0,3,3,,2,-1.61,,1,61,33,54,39,15,1,,,,,,,0.47
mls_2026,2026-04-04,,Toronto FC,Colorado Rapids,3,2,Toronto FC,home,54,17,5,8,11,6,4,1.79,2,,2,475,411,86.5,48,31,65,20,6,30,14,5,36,42,75,31,41,11,5,45,14,14,79,16,3,2,7,20,2,13,8,10,49,14,0,1,2,2,,0,-1.22,,1,206,157,76,75,31,5,,,,,,,1.74
mls_2026,2026-04-05,,Chicago Fire,Nashville SC,1,0,Chicago Fire,home,39,10,3,2,4,6,5,1.18,3,1,2,370,297,80.3,52,19,37,4,0,0,13,8,62,47,73,35,48,12,5,42,15,15,80,19,2,2,1,17,7,13,40,10,48,10,0,,4,4,2,2,1.14,,0,67,47,70,31,12,0,,,,,,,1.13
mls_2026,2026-04-05,,Chicago Fire,Nashville SC,1,0,Nashville SC,away,61,10,4,4,7,3,2,0.79,2,0,2,568,469,82.6,57,28,49,14,0,0,9,5,56,53,73,38,52,12,7,58,15,15,40,13,1,3,3,31,4,19,7,9,43,11,0,,2,2,0,0,0.05,,2,180,119,66,93,26,4,,,,,,,0.7
mls_2026,2026-04-05,,Houston Dynamo,Seattle Sounders FC,0,1,Houston Dynamo,home,45,13,3,6,9,4,4,0.94,1,0,1,441,383,86.8,53,32,60,25,7,28,15,7,47,62,60,38,63,18,10,56,19,19,74,5,1,2,9,7,4,13,20,10,43,6,0,,1,1,1,1,0.11,,0,159,128,81,65,34,2,,,,,,,0.85
mls_2026,2026-04-05,,Houston Dynamo,Seattle Sounders FC,0,1,Seattle Sounders FC,away,55,6,2,2,5,1,2,1.4,3,1,2,561,501,89.3,33,18,55,11,4,36,12,3,25,38,60,22,37,18,8,44,14,14,36,13,2,2,3,20,6,5,26,5,42,10,0,,3,3,1,1,0.97,,2,114,86,75,61,12,1,,,,,,,0.95
mls_2026,2026-04-05,,LA Galaxy,Minnesota United,1,2,LA Galaxy,home,59,20,7,5,14,6,8,2.03,4,1,3,652,579,88.8,31,20,65,22,3,14,20,9,45,50,76,41,54,24,9,38,20,20,65,11,2,2,9,21,4,13,17,6,46,4,0,1,2,2,0,0,-0.34,,1,210,172,82,60,39,1,,,,,,,1.99
mls_2026,2026-04-05,,LA Galaxy,Minnesota United,1,2,Minnesota United,away,41,9,4,3,7,2,2,1.41,2,2,0,470,406,86.4,46,17,37,7,2,29,15,9,60,50,76,35,46,24,15,63,15,15,53,13,3,0,0,11,5,11,26,9,54,14,0,1,7,7,1,1,0.77,,0,121,90,74,54,20,1,,,,,,,1.42
mls_2026,2026-04-05,,Los Angeles FC,Orlando City SC,6,0,Los Angeles FC,home,44,17,8,6,16,1,3,2.65,5,3,2,417,355,85.1,50,33,66,18,6,33,18,10,56,56,69,38,55,13,8,62,14,14,71,12,2,4,8,13,10,14,27,13,48,6,0,2,6,6,1,1,0.91,0,3,136,102,75,56,45,3,,,,,,,2.44
mls_2026,2026-04-05,,Los Angeles FC,Orlando City SC,6,0,Orlando City SC,away,56,12,6,5,6,6,1,0.72,1,0,1,548,490,89.4,22,12,55,19,2,11,11,6,55,44,69,31,45,13,5,38,14,14,43,14,3,1,7,10,7,12,22,13,50,9,0,1,2,2,1,1,-2.6,1,2,115,90,78,40,24,1,,,,,,,0.72
mls_2026,2026-04-05,,San Jose Earthquakes,San Diego FC,3,0,San Diego FC,away,60,4,1,1,4,0,2,0.47,0,0,0,563,486,86.3,49,21,43,16,4,25,8,3,38,41,60,28,47,20,5,25,10,10,50,13,2,3,5,16,9,17,21,10,41,9,0,1,7,7,1,,1.39,1,2,79,51,65,49,15,3,,,,,,,0.31
mls_2026,2026-04-05,,San Jose Earthquakes,San Diego FC,3,0,San Jose Earthquakes,home,40,24,10,9,16,8,5,3.76,5,2,3,364,307,84.3,46,29,63,21,11,52,11,6,55,59,60,32,53,20,15,75,14,14,43,17,3,1,7,12,1,12,23,7,52,5,0,0,1,1,0,,0.52,0,0,125,90,72,48,35,3,,,,,,,3.31
mls_2026,2026-04-05,,Vancouver Whitecaps,Portland Timbers,3,2,Portland Timbers,away,39,8,3,1,6,2,4,0.51,2,1,1,359,290,80.8,50,18,36,9,0,0,12,6,50,58,73,42,58,16,10,63,22,22,50,11,1,1,2,14,11,15,36,9,52,8,0,2,6,6,,2,0.2,1,,78,55,71,38,15,2,,,,,,,0.51
mls_2026,2026-04-05,,Vancouver Whitecaps,Portland Timbers,3,2,Vancouver Whitecaps,home,61,22,9,7,15,7,6,2.98,6,2,4,553,483,87.3,42,23,55,28,3,11,19,7,37,42,73,31,42,16,6,38,14,14,57,15,1,2,7,16,3,10,14,6,63,10,0,1,1,1,,0,-1.14,0,,181,140,77,65,45,4,,,,,,,3.01
mls_2026,2026-04-11,,Austin FC,LA Galaxy,1,2,Austin FC,home,61,13,5,6,9,4,2,0.68,1,0,,568,512,90.1,31,16,52,25,8,32,6,3,50,53,38,20,53,17,9,53,8,8,63,9,2,2,6,9,4,9,10,7,39,4,0,,5,5,0,0,-0.45,1,,153,111,73,62,20,1,,,,,,,0.72
mls_2026,2026-04-11,,Austin FC,LA Galaxy,1,2,LA Galaxy,away,39,12,7,2,9,3,3,0.73,2,2,,374,323,86.4,46,25,54,5,3,60,5,2,40,47,38,18,47,17,8,47,7,7,71,9,4,1,5,9,9,9,36,7,37,5,0,,4,4,2,1,0.11,0,,94,77,82,36,22,2,,,,,,,0.73
mls_2026,2026-04-11,,CF Montréal,Philadelphia Union,1,2,CF Montréal,home,50,7,4,3,5,2,0,0.96,1,1,1,341,240,70.4,62,21,34,12,4,33,16,8,50,51,70,37,53,42,20,48,12,12,58,16,3,4,2,26,8,19,35,10,42,8,0,,4,4,1,1,0.21,1,,85,45,53,46,19,5,,,,,,,0.96
mls_2026,2026-04-11,,CF Montréal,Philadelphia Union,1,2,Philadelphia Union,away,50,15,6,7,10,5,2,1.07,3,2,1,328,235,71.6,61,24,39,25,5,20,5,3,60,49,70,33,47,42,22,52,16,16,69,19,4,1,4,27,6,16,20,7,42,10,0,,3,3,0,0,0.76,0,,108,66,61,53,27,5,,,,,,,1.07
mls_2026,2026-04-11,,Charlotte FC,Nashville SC,1,2,Charlotte FC,home,45,8,3,3,6,2,2,2.19,3,1,2,473,424,89.6,54,32,59,21,4,19,9,4,44,51,58,30,52,19,9,47,13,13,69,9,0,,2,20,5,13,16,13,40,5,1,,4,4,,1,-1.12,,1,166,131,79,74,16,7,,,,,,,2.19
mls_2026,2026-04-11,,Charlotte FC,Nashville SC,1,2,Nashville SC,away,55,11,6,5,4,7,0,0.54,0,0,0,586,522,89.1,37,21,57,12,2,17,17,9,53,49,58,28,48,19,10,53,10,10,60,15,3,,4,12,10,9,22,7,40,5,0,,2,2,,1,1.03,,0,131,102,78,54,20,0,,,,,,,0.51
mls_2026,2026-04-11,,Inter Miami CF,New York Red Bulls,2,2,Inter Miami CF,home,55,16,7,7,15,1,2,2.55,7,1,6,516,434,84.1,67,36,54,19,8,42,23,16,70,63,68,46,68,19,9,47,16,16,56,8,1,3,12,18,6,14,16,12,52,5,0,1,0,0,0,1,-0.51,,,127,91,72,47,35,2,,,,,,,2.14
mls_2026,2026-04-11,,Inter Miami CF,New York Red Bulls,2,2,New York Red Bulls,away,45,5,2,2,5,0,1,1.33,2,2,0,426,343,80.5,43,21,49,5,2,40,9,2,22,37,68,22,32,19,10,53,12,12,50,14,2,1,3,22,7,8,18,14,48,9,0,0,5,5,1,1,0.18,,,99,65,66,45,15,1,,,,,,,0.75
mls_2026,2026-04-11,,New England Revolution,DC United,1,0,DC United,away,46,14,4,5,11,3,5,0.99,,,,443,358,80.8,68,36,53,14,4,29,11,6,55,54,79,43,54,18,9,50,27,27,70,11,,,3,20,5,10,15,11,61,12,1,,3,3,2,0,-0.09,,0,158,117,74,66,28,1,,,,,,,1.04
mls_2026,2026-04-11,,New England Revolution,DC United,1,0,New England Revolution,home,54,11,4,4,7,4,3,0.8,,,,517,446,86.3,65,30,46,11,2,18,24,8,33,46,79,36,46,18,9,50,17,17,65,10,,,2,24,6,11,28,7,54,11,1,,4,4,1,1,0.58,,2,132,97,73,51,19,2,,,,,,,0.81
mls_2026,2026-04-11,,Portland Timbers,Los Angeles FC,2,1,Los Angeles FC,away,42,18,4,9,11,7,5,1.03,1,0,0,472,413,87.5,31,12,39,20,6,30,18,8,44,48,67,34,51,21,8,38,17,17,59,10,2,3,7,20,4,9,11,12,49,9,0,,7,7,0,1,0.02,,0,156,127,81,53,30,2,,,,,,,0.87
mls_2026,2026-04-11,,Portland Timbers,Los Angeles FC,2,1,Portland Timbers,home,58,10,8,2,7,3,1,1.52,4,1,3,669,606,90.6,32,19,59,18,4,22,12,5,42,52,67,33,49,21,13,62,19,19,68,9,2,1,1,15,7,10,24,14,49,10,1,,3,3,2,0,0.01,,1,191,162,85,75,25,1,,,,,,,1.55
mls_2026,2026-04-11,,Toronto FC,FC Cincinnati,1,1,FC Cincinnati,away,51,7,4,1,6,1,2,0.66,3,1,2,405,326,80.5,39,16,41,12,2,17,13,8,62,43,74,32,43,39,17,44,13,13,54,20,3,0,4,25,9,14,40,7,44,11,0,1,3,3,0,1,-0.31,,,88,62,70,42,21,4,,,,,,,0.66
mls_2026,2026-04-11,,Toronto FC,FC Cincinnati,1,1,Toronto FC,home,49,10,3,5,6,4,2,0.52,1,0,1,372,294,79.0,39,12,31,27,7,26,12,7,58,57,74,42,57,39,22,56,16,16,56,14,2,1,7,17,3,20,14,8,48,8,0,0,3,3,2,1,0.02,,,128,87,68,61,24,3,,,,,,,0.49
mls_2026,2026-04-11,,Vancouver Whitecaps,New York City FC,2,0,New York City FC,away,58,10,2,2,5,5,6,0.63,0,0,0,532,465,87.4,34,17,50,12,4,33,9,1,11,49,61,33,54,12,3,25,16,16,69,8,0,2,5,15,9,16,29,6,47,7,0,,8,8,2,,1.16,,0,106,74,70,48,18,2,,,,,,,0.6
mls_2026,2026-04-11,,Vancouver Whitecaps,New York City FC,2,0,Vancouver Whitecaps,home,42,23,10,7,18,5,6,3.34,4,2,2,373,318,85.3,38,19,50,19,9,47,14,5,36,51,61,28,46,12,9,75,15,15,47,16,2,2,12,16,6,8,10,9,43,7,0,,2,2,0,,0.22,,1,137,103,75,48,34,2,,,,,,,3.3
mls_2026,2026-04-12,,Chicago Fire,Atlanta United,1,0,Atlanta United,away,55,20,6,5,11,9,9,1.68,3,0,3,554,487,87.9,55,35,64,30,7,23,10,5,50,55,56,32,57,24,12,50,15,15,80,5,1,2,11,15,9,12,25,13,50,7,1,,2,2,0,0,-0.02,,0,171,134,78,71,29,1,,,,,,,1.82
mls_2026,2026-04-12,,Chicago Fire,Atlanta United,1,0,Chicago Fire,home,45,18,3,8,13,5,7,2.34,5,1,4,459,377,82.1,35,15,43,17,6,35,18,7,39,45,56,24,43,24,12,50,12,12,100,12,2,2,6,16,8,5,31,5,60,4,3,,5,5,1,1,0.47,,1,144,107,74,39,39,2,,,,,,,2.34
mls_2026,2026-04-12,,Colorado Rapids,Houston Dynamo,6,2,Colorado Rapids,home,51,16,8,5,12,4,3,2.72,5,3,2,447,393,87.9,20,12,60,12,5,42,21,12,57,55,81,43,53,12,8,67,21,21,43,14,1,1,2,22,9,9,23,11,45,5,1,,6,6,1,,-0.8,0,0,104,75,72,50,29,1,,,,,,,2.73
mls_2026,2026-04-12,,Colorado Rapids,Houston Dynamo,6,2,Houston Dynamo,away,49,20,8,10,17,3,2,2.61,5,0,5,421,357,84.8,39,21,54,13,4,31,24,10,42,45,81,38,47,12,4,33,14,14,64,10,1,3,4,24,7,14,23,5,44,7,1,,3,3,1,,-2.6,1,4,125,91,73,59,41,0,,,,,,,2.21
mls_2026,2026-04-12,,Columbus Crew,Orlando City SC,1,1,Columbus Crew,home,65,20,7,5,12,8,8,1.54,3,1,2,659,595,90.3,31,17,55,23,4,17,16,5,31,48,63,30,48,21,10,48,18,18,78,12,1,4,8,21,5,9,16,4,52,4,0,1,0,0,,,-0.15,,0,250,215,86,57,30,2,,,,,,,1.18
mls_2026,2026-04-12,,Columbus Crew,Orlando City SC,1,1,Orlando City SC,away,35,5,1,2,4,1,2,0.61,1,1,1,362,281,77.6,60,23,38,6,2,33,17,6,35,52,63,33,52,21,11,52,15,15,47,9,4,1,1,13,9,12,31,7,52,7,0,1,6,6,,,0.79,,2,81,51,63,39,12,2,,,,,,,0.61
mls_2026,2026-04-12,,FC Dallas,St.Louis City,1,1,FC Dallas,home,41,11,3,6,8,3,2,1.44,3,1,2,352,274,77.8,53,20,38,18,5,28,15,5,33,46,53,24,45,39,18,46,12,12,67,11,3,3,5,15,8,8,28,16,48,4,0,,4,4,2,0,0.89,0,,96,62,65,52,20,1,,,,,,,1.36
mls_2026,2026-04-12,,FC Dallas,St.Louis City,1,1,St.Louis City,away,59,10,5,1,6,4,4,1.28,2,1,1,508,415,81.7,53,26,49,24,6,25,11,5,45,54,53,29,55,39,21,54,14,14,50,8,1,5,10,24,8,11,26,12,46,6,0,,2,2,0,1,-0.22,1,,140,97,69,72,25,1,,,,,,,1.32
mls_2026,2026-04-12,,San Diego FC,Minnesota United,1,2,Minnesota United,away,36,21,7,8,15,6,6,2.17,4,2,2,402,344,85.6,44,25,57,12,6,50,20,7,35,45,70,28,40,21,13,62,12,12,50,19,1,2,5,13,5,9,26,14,55,6,0,1,5,5,2,0,1.33,,1,111,83,75,35,36,2,,,,,,,1.95
mls_2026,2026-04-12,,San Diego FC,Minnesota United,1,2,San Diego FC,home,64,17,6,6,11,6,5,1.57,3,0,3,729,648,88.9,31,14,45,16,6,38,12,5,42,55,70,42,60,21,8,38,19,19,53,9,3,1,4,18,7,19,15,12,49,5,0,2,4,4,1,1,0.34,,2,176,139,79,63,27,6,,,,,,,1.67
mls_2026,2026-04-12,,Sporting Kansas City,San Jose Earthquakes,1,3,San Jose Earthquakes,away,51,10,3,5,10,0,2,1.71,4,3,1,514,449,87.4,51,29,57,14,5,36,17,9,53,49,66,33,50,17,8,47,15,15,40,6,0,0,4,22,7,9,16,5,49,15,0,1,3,3,1,,-0.34,,,127,92,72,61,21,,,,,,,,1.71
mls_2026,2026-04-12,,Sporting Kansas City,San Jose Earthquakes,1,3,Sporting Kansas City,home,49,10,4,5,9,1,1,0.78,2,1,1,483,407,84.3,68,35,51,17,5,29,15,5,33,51,66,33,50,17,9,53,23,23,43,9,2,1,2,20,14,6,16,7,47,5,0,3,0,0,0,,-1.16,,,126,97,77,56,21,,,,,,,,0.78
mls_2026,2026-04-18,,Atlanta United,Nashville SC,0,2,Atlanta United,home,55,13,4,5,5,8,4,0.62,0,0,0,535,461,86.2,43,24,56,24,7,29,11,5,45,41,55,21,38,19,9,47,12,12,42,11,2,2,5,23,9,6,19,14,41,12,0,0,6,6,2,,0.66,,0,128,91,71,56,28,0,,,,,,,0.62
mls_2026,2026-04-18,,Atlanta United,Nashville SC,0,2,Nashville SC,away,45,17,8,7,12,5,2,2.17,6,2,4,437,365,83.5,39,19,49,15,4,27,13,6,46,59,55,34,62,19,10,53,18,18,67,6,0,2,7,16,6,11,25,3,57,5,0,3,4,4,1,,0.18,,1,105,74,70,32,22,5,,,,,,,1.73
mls_2026,2026-04-18,,CF Montréal,New York Red Bulls,4,1,CF Montréal,home,32,9,6,3,8,1,1,2.9,3,3,0,289,221,76.5,53,19,36,4,1,25,16,8,50,52,70,37,53,13,6,46,19,19,47,17,3,7,2,15,10,11,25,13,40,3,0,2,1,1,0,1,-0.87,0,1,72,48,67,37,21,1,,,,,,,2.88
mls_2026,2026-04-18,,CF Montréal,New York Red Bulls,4,1,New York Red Bulls,away,68,8,1,2,5,3,5,1.0,2,0,2,611,528,86.4,30,9,30,17,2,12,14,5,36,48,70,33,47,13,7,54,11,11,64,12,3,0,7,16,6,17,11,6,37,10,0,1,2,2,1,0,-0.63,1,0,194,144,74,94,16,5,,,,,,,0.56
mls_2026,2026-04-18,,Colorado Rapids,Inter Miami CF,2,3,Colorado Rapids,home,62,14,4,6,9,5,4,1.69,3,2,1,481,425,88.4,44,23,52,13,2,15,15,7,47,55,77,41,53,18,11,61,15,15,60,12,4,1,3,25,6,19,11,5,41,10,0,1,0,0,,,-0.52,,0,75,48,64,46,27,6,,,,,,,1.6
mls_2026,2026-04-18,,Colorado Rapids,Inter Miami CF,2,3,Inter Miami CF,away,38,5,3,2,4,1,0,1.18,2,2,0,293,219,74.7,60,22,37,7,3,43,14,6,43,45,77,36,47,18,7,39,18,18,61,19,5,2,2,25,9,11,16,5,39,7,0,0,2,2,,,-0.66,,2,61,37,61,30,15,2,,,,,,,1.24
mls_2026,2026-04-18,,FC Cincinnati,Chicago Fire,3,3,Chicago Fire,away,45,18,6,4,11,7,8,1.75,1,1,1,413,318,77.0,56,17,30,7,2,29,9,4,44,46,67,34,51,36,13,36,19,19,74,9,3,0,1,16,12,10,39,5,52,8,2,1,7,7,1,1,0.99,,,101,66,65,39,29,1,,,,,,,1.77
mls_2026,2026-04-18,,FC Cincinnati,Chicago Fire,3,3,FC Cincinnati,home,55,23,9,10,22,1,4,4.12,6,2,4,483,400,82.8,43,24,56,28,5,18,24,12,50,54,67,33,49,36,23,64,13,13,54,11,4,1,9,22,7,8,12,7,52,7,2,1,3,3,0,1,-0.97,,,163,117,72,67,53,5,,,,,,,3.74
mls_2026,2026-04-18,,New England Revolution,Columbus Crew,2,1,Columbus Crew,away,52,11,4,3,8,3,4,0.95,3,1,2,598,537,89.8,37,20,54,14,3,21,11,2,18,42,55,22,40,17,8,47,12,12,67,12,3,1,7,14,5,8,21,8,37,8,1,,1,1,,,-0.77,,,175,134,77,62,29,1,,,,,,,0.95
mls_2026,2026-04-18,,New England Revolution,Columbus Crew,2,1,New England Revolution,home,48,10,3,4,9,1,3,1.23,1,1,0,545,493,90.5,40,21,53,23,5,22,13,6,46,58,55,33,60,17,9,53,17,17,41,8,1,2,3,13,6,11,23,11,37,5,1,,3,3,,,0.18,,,92,70,76,35,23,2,,,,,,,1.23
mls_2026,2026-04-18,,New York City FC,Charlotte FC,1,2,Charlotte FC,away,36,7,5,1,7,0,1,1.04,3,1,2,401,324,80.8,72,30,42,9,2,22,13,4,31,38,48,19,40,25,9,36,8,8,13,7,4,0,1,9,16,7,34,11,50,8,0,,6,6,3,3,0.75,,,85,53,62,40,18,2,,,,,,,0.95
mls_2026,2026-04-18,,New York City FC,Charlotte FC,1,2,New York City FC,home,64,22,7,8,14,8,7,1.76,3,0,3,689,613,89.0,35,20,57,31,6,19,8,5,63,62,48,29,60,25,16,64,17,17,65,7,2,4,6,10,2,7,23,5,62,5,1,,2,2,0,2,-0.5,,,169,128,76,64,42,1,,,,,,,1.44
mls_2026,2026-04-18,,Orlando City SC,Houston Dynamo,0,1,Houston Dynamo,away,40,18,5,7,7,11,6,1.26,4,1,3,329,279,84.8,41,22,54,9,2,22,13,9,69,61,62,38,61,9,5,56,13,13,62,9,2,1,3,14,11,16,31,6,41,9,1,0,3,3,0,1,0.34,,,98,80,82,36,18,2,,,,,,,1.54
mls_2026,2026-04-18,,Orlando City SC,Houston Dynamo,0,1,Orlando City SC,home,60,17,3,7,12,5,7,1.2,1,0,1,489,432,88.3,45,25,56,26,5,19,11,2,18,39,62,24,39,9,4,44,13,13,62,16,2,0,4,13,8,9,13,6,39,4,1,1,4,4,2,0,-0.11,,,187,147,79,101,27,3,,,,,,,1.11
mls_2026,2026-04-18,,Philadelphia Union,DC United,0,0,DC United,away,38,6,0,5,3,3,1,0.66,1,,1,260,151,58.1,69,13,19,10,4,40,7,5,71,43,53,26,49,67,25,37,12,12,50,11,3,0,1,25,11,11,68,18,44,9,0,1,4,4,2,1,0.76,,,85,30,35,54,7,0,,,,,,,0.66
mls_2026,2026-04-18,,Philadelphia Union,DC United,0,0,Philadelphia Union,home,62,17,4,6,9,8,7,1.27,1,,1,410,273,66.6,73,33,45,39,10,26,13,5,38,57,53,27,51,67,42,63,11,11,45,11,0,1,13,27,5,11,26,10,52,4,1,0,0,0,0,2,0.0,,,202,119,59,93,34,3,,,,,,,1.32
mls_2026,2026-04-18,,Toronto FC,Austin FC,3,3,Austin FC,away,54,12,6,4,6,6,2,1.49,4,2,2,472,382,80.9,71,26,37,11,2,18,12,5,42,42,63,31,49,29,8,28,10,10,80,11,2,1,5,21,6,18,25,12,46,10,0,,8,8,,1,1.03,,0,104,60,58,63,29,2,,,,,,,1.48
mls_2026,2026-04-18,,Toronto FC,Austin FC,3,3,Toronto FC,home,46,18,11,5,14,4,2,3.05,5,2,3,389,313,80.5,44,19,43,21,5,24,8,5,63,58,63,32,51,29,21,72,17,17,65,18,5,3,6,20,7,11,14,7,46,7,1,,3,3,,0,-0.51,,1,134,98,73,48,37,1,,,,,,,3.17
mls_2026,2026-04-18,,Vancouver Whitecaps,Sporting Kansas City,3,0,Sporting Kansas City,away,50,3,0,1,2,1,2,0.13,0,0,0,461,398,86.3,51,26,51,13,1,0,24,13,54,46,77,37,48,18,7,39,10,10,60,16,2,1,3,12,11,15,37,8,46,8,0,0,4,4,,,-0.76,1,2,95,72,76,35,9,4,,,,,,,0.14
mls_2026,2026-04-18,,Vancouver Whitecaps,Sporting Kansas City,3,0,Vancouver Whitecaps,home,50,25,6,12,18,7,7,3.17,7,2,5,452,390,86.3,33,25,76,24,6,25,12,5,42,54,77,40,52,18,11,61,19,19,53,15,1,2,6,19,5,16,16,9,49,3,2,1,0,0,,,0.0,0,0,170,133,78,57,48,4,,,,,,,3.06
mls_2026,2026-04-19,,FC Dallas,LA Galaxy,2,2,FC Dallas,home,47,13,5,4,10,3,4,1.9,6,2,4,392,311,79.3,41,16,39,21,7,33,17,7,41,47,73,30,41,25,16,64,13,13,69,21,2,6,4,15,4,11,24,6,57,6,0,2,2,2,,0,-1.06,0,1,139,103,74,61,29,1,,,,,,,1.81
mls_2026,2026-04-19,,FC Dallas,LA Galaxy,2,2,LA Galaxy,away,53,9,4,3,5,4,2,0.85,2,1,1,458,379,82.8,55,19,35,12,1,0,18,7,39,53,73,43,59,25,9,36,16,16,50,11,0,0,3,20,4,21,36,12,43,2,0,2,2,2,,2,-0.73,1,0,110,80,73,50,18,3,,,,,,,0.85
mls_2026,2026-04-19,,Los Angeles FC,San Jose Earthquakes,1,4,Los Angeles FC,home,53,16,3,7,9,7,6,1.29,3,0,3,504,435,86.3,50,25,50,20,3,15,16,8,50,53,78,39,50,15,10,67,21,21,76,13,3,1,5,17,4,10,10,3,62,8,0,1,2,2,1,0,-2.46,1,2,111,86,77,52,28,0,,,,,,,1.07
mls_2026,2026-04-19,,Los Angeles FC,San Jose Earthquakes,1,4,San Jose Earthquakes,away,47,12,5,5,7,5,2,2.0,3,1,2,462,388,84.0,51,15,29,10,1,10,26,11,42,47,78,39,50,15,5,33,16,16,50,10,3,1,3,15,15,13,30,8,51,6,1,2,3,3,1,1,-0.13,0,1,107,78,73,45,20,3,,,,,,,1.38
mls_2026,2026-04-19,,Minnesota United,Portland Timbers,2,0,Minnesota United,home,44,17,7,5,8,9,5,2.45,3,1,2,439,366,83.4,49,22,45,13,1,8,25,11,44,46,79,40,51,35,13,37,21,21,52,16,2,1,3,11,9,8,30,8,62,7,0,0,2,2,1,,0.1,0,1,151,122,81,48,32,1,,,,,,,2.37
mls_2026,2026-04-19,,Minnesota United,Portland Timbers,2,0,Portland Timbers,away,56,13,2,8,7,6,3,1.54,2,0,2,560,483,86.2,29,10,34,23,1,4,17,5,29,54,79,39,49,35,22,63,21,21,48,8,0,3,4,13,10,16,23,10,53,9,2,1,5,5,2,,0.03,1,0,185,152,82,54,26,2,,,,,,,1.54
mls_2026,2026-04-19,,Real Salt Lake,San Diego FC,4,2,Real Salt Lake,home,48,15,9,5,9,6,1,3.21,7,4,3,559,493,88.2,75,49,65,9,5,56,12,8,67,61,51,31,61,16,10,63,11,11,64,12,1,2,1,10,5,13,17,7,56,3,1,1,3,3,1,,0.0,0,,156,111,71,72,27,3,,,,,,,2.63
mls_2026,2026-04-19,,Real Salt Lake,San Diego FC,4,2,San Diego FC,away,52,9,5,1,8,1,3,1.9,3,2,1,602,527,87.5,37,17,46,17,7,41,6,2,33,39,51,20,39,16,6,38,7,7,100,13,1,2,8,21,5,11,9,7,56,7,0,1,5,5,0,,0.19,2,,122,94,77,53,23,1,,,,,,,1.83
mls_2026,2026-04-19,,Seattle Sounders FC,St.Louis City,4,1,Seattle Sounders FC,home,50,13,9,2,10,3,2,1.71,4,3,1,510,441,86.5,56,33,59,11,3,27,16,8,50,42,61,27,44,18,6,33,9,9,67,9,,1,5,12,3,11,21,14,55,9,0,,1,1,,4,-0.33,,,128,103,80,52,23,1,,,,,,,1.71
mls_2026,2026-04-19,,Seattle Sounders FC,St.Louis City,4,1,St.Louis City,away,50,12,2,5,10,2,5,0.6,1,0,1,496,425,85.7,38,20,53,29,7,24,15,8,53,58,61,34,56,18,12,67,17,17,53,12,,2,8,8,6,9,10,13,51,2,0,,5,5,,0,-0.71,,,128,96,75,50,20,3,,,,,,,0.55
mls_2026,2026-04-22,,Atlanta United,New England Revolution,1,2,Atlanta United,home,48,23,9,8,14,9,6,2.49,3,1,2,433,356,82.2,55,23,42,32,8,25,13,7,54,49,54,26,48,21,11,52,9,9,67,14,2,1,8,24,5,10,4,8,44,5,0,,2,2,1,,-0.17,,0,148,103,70,71,43,3,,,,,,,2.75
mls_2026,2026-04-22,,Atlanta United,New England Revolution,1,2,New England Revolution,away,52,7,4,1,4,3,2,1.06,1,1,0,489,421,86.1,49,21,43,11,3,27,10,4,40,51,54,28,52,21,10,48,11,11,73,10,2,1,3,15,10,14,50,4,41,3,0,,8,8,2,,2.32,,1,85,61,72,37,10,2,,,,,,,1.1
mls_2026,2026-04-22,,Columbus Crew,LA Galaxy,2,1,Columbus Crew,home,56,14,4,8,9,5,2,1.15,2,2,,643,576,89.6,24,15,63,11,3,27,17,9,53,53,68,35,51,10,6,60,21,21,57,13,0,1,4,16,4,5,16,14,52,8,0,0,0,0,,,-0.49,,,230,191,83,71,28,2,,,,,,,1.15
mls_2026,2026-04-22,,Columbus Crew,LA Galaxy,2,1,LA Galaxy,away,44,7,1,4,6,1,2,0.66,1,1,,502,426,84.9,30,10,33,5,0,0,11,4,36,47,68,33,49,10,4,40,16,16,56,5,1,2,1,20,11,13,16,13,42,14,1,1,2,2,,,-0.84,,,62,36,58,27,12,1,,,,,,,0.66
mls_2026,2026-04-22,,New York City FC,FC Cincinnati,4,4,FC Cincinnati,away,45,12,6,3,8,4,3,1.66,2,2,0,446,358,80.3,54,18,33,10,3,30,22,14,64,45,80,36,45,25,11,44,15,15,67,9,3,2,4,32,6,6,29,9,52,15,0,0,5,5,,2,-0.72,1,,81,51,63,49,23,1,,,,,,,1.49
mls_2026,2026-04-22,,New York City FC,FC Cincinnati,4,4,New York City FC,home,55,17,9,5,14,3,3,1.8,5,3,2,555,464,83.6,45,24,53,15,3,20,19,12,63,55,80,44,55,25,14,56,23,23,65,7,0,3,2,26,3,9,22,6,59,8,0,4,2,2,,0,-1.58,0,,175,135,77,67,41,2,,,,,,,1.56
mls_2026,2026-04-22,,New York Red Bulls,DC United,4,4,DC United,away,49,14,5,6,9,5,3,3.56,6,3,3,424,325,76.7,74,34,46,22,3,14,12,6,50,56,77,45,58,33,17,52,28,28,57,13,2,4,3,17,6,14,18,12,62,7,0,3,2,2,1,0,-2.21,,,124,81,65,62,28,3,,,,,,,3.41
mls_2026,2026-04-22,,New York Red Bulls,DC United,4,4,New York Red Bulls,home,51,13,5,2,8,5,6,1.57,2,2,0,458,363,79.3,38,8,21,9,2,22,22,8,36,44,77,32,42,33,16,48,13,13,46,14,1,1,3,23,10,13,30,5,50,14,0,2,1,1,0,3,-0.64,,,99,70,71,42,19,2,,,,,,,1.28
mls_2026,2026-04-22,,Orlando City SC,Charlotte FC,4,1,Charlotte FC,away,57,15,5,5,10,5,5,1.36,3,1,2,558,508,91.0,40,21,53,19,3,16,18,8,44,49,57,28,49,13,6,46,9,9,78,10,2,1,4,17,8,12,16,4,40,7,0,0,2,2,0,,-2.28,,0,159,133,84,60,24,4,,,,,,,1.57
mls_2026,2026-04-22,,Orlando City SC,Charlotte FC,4,1,Orlando City SC,home,43,11,6,4,7,4,1,1.52,3,1,2,428,374,87.4,39,19,49,8,2,25,9,3,33,51,57,29,51,13,7,54,17,17,76,12,5,2,2,14,9,10,25,10,43,3,0,2,4,4,1,,1.08,,1,131,99,76,61,25,2,,,,,,,0.9
mls_2026,2026-04-22,,Toronto FC,Philadelphia Union,3,3,Philadelphia Union,away,36,12,5,3,6,6,4,0.83,1,1,0,274,189,69.0,51,25,49,20,4,20,5,1,20,49,65,24,37,36,25,69,12,12,75,18,4,0,2,23,7,12,22,14,36,5,1,0,0,0,0,1,-2.38,,0,103,52,50,57,18,5,,,,,,,0.83
mls_2026,2026-04-22,,Toronto FC,Philadelphia Union,3,3,Toronto FC,home,64,12,4,5,10,2,3,1.43,7,1,6,503,410,81.5,48,16,33,19,7,37,18,14,78,51,65,41,63,36,11,31,9,9,56,12,4,4,2,27,7,18,36,5,49,8,0,1,2,2,1,0,-1.75,,1,89,58,65,47,22,3,,,,,,,1.4
mls_2026,2026-04-23,,FC Dallas,Minnesota United,0,1,FC Dallas,home,49,15,2,6,9,6,7,0.72,0,0,0,491,396,80.7,52,28,54,25,4,16,10,7,70,52,62,35,56,29,12,41,21,21,76,8,2,3,4,17,4,7,19,20,67,7,1,,3,3,0,0,1.21,,0,173,125,72,68,38,1,,,,,,,0.73
mls_2026,2026-04-23,,FC Dallas,Minnesota United,0,1,Minnesota United,away,51,5,4,1,4,1,0,1.03,3,1,2,526,422,80.2,62,20,32,7,2,29,18,9,50,48,62,27,44,29,17,59,10,10,70,7,3,1,3,24,12,8,29,12,64,12,0,,2,2,1,1,0.34,,1,83,46,55,52,13,0,,,,,,,0.98
mls_2026,2026-04-23,,Houston Dynamo,San Diego FC,1,0,Houston Dynamo,home,29,11,3,6,8,3,2,1.52,3,,3,317,267,84.2,33,9,27,1,1,100,12,4,33,50,56,29,52,10,4,40,14,14,64,10,2,2,1,8,9,11,28,10,39,4,1,1,1,1,,,0.57,,,36,21,58,18,13,0,,,,,,,0.87
mls_2026,2026-04-23,,Houston Dynamo,San Diego FC,1,0,San Diego FC,away,71,9,1,4,7,2,4,1.15,1,,1,791,726,91.8,28,17,61,17,6,35,15,8,53,50,56,27,48,10,6,60,12,12,58,11,2,2,3,16,4,10,4,5,41,7,0,0,1,1,,,-0.66,,,236,188,80,86,28,4,,,,,,,1.34
mls_2026,2026-04-23,,Los Angeles FC,Colorado Rapids,0,0,Colorado Rapids,away,73,6,2,2,3,3,2,0.23,,,,758,701,92.5,22,13,59,12,2,17,13,7,54,64,63,38,60,12,10,83,14,14,50,9,4,0,3,15,6,17,15,6,41,8,0,,1,1,0,1,0.1,,,139,99,71,59,16,3,,,,,,,0.4
mls_2026,2026-04-23,,Los Angeles FC,Colorado Rapids,0,0,Los Angeles FC,home,27,5,1,4,2,3,0,0.21,,,,277,224,80.9,39,21,54,10,1,10,11,2,18,36,63,25,40,12,2,17,14,14,64,17,2,1,4,14,9,9,14,10,37,5,1,,3,3,2,1,0.77,,,65,45,69,25,16,0,,,,,,,0.19
mls_2026,2026-04-23,,Real Salt Lake,Inter Miami CF,0,2,Inter Miami CF,away,51,19,7,5,11,8,7,1.67,3,,3,473,399,84.4,55,31,56,12,3,25,18,7,39,57,63,34,54,12,9,75,13,13,31,9,3,0,4,13,11,15,12,13,49,4,0,0,4,4,0,,0.11,,2,124,89,72,54,31,4,,,,,,,1.67
mls_2026,2026-04-23,,Real Salt Lake,Inter Miami CF,0,2,Real Salt Lake,home,49,11,4,5,4,7,2,1.07,1,,1,464,395,85.1,35,16,46,8,1,13,14,5,36,43,63,29,46,12,3,25,15,15,53,15,3,3,2,18,4,9,20,4,53,4,0,2,5,5,1,,-0.32,,0,132,101,77,51,12,2,,,,,,,1.07
mls_2026,2026-04-23,,San Jose Earthquakes,Austin FC,5,1,Austin FC,away,31,5,2,1,4,1,2,0.83,2,1,1,269,195,72.5,49,20,41,7,2,29,9,2,22,48,74,34,46,26,14,54,17,17,53,21,1,0,1,14,14,16,46,5,34,7,0,,11,11,2,1,0.94,2,,72,35,49,39,15,1,,,,,,,0.63
mls_2026,2026-04-23,,San Jose Earthquakes,Austin FC,5,1,San Jose Earthquakes,home,69,37,16,12,30,7,9,5.36,10,5,5,593,527,88.9,48,32,67,38,10,26,14,7,50,52,74,40,54,26,12,46,14,14,57,16,4,1,13,21,2,20,13,8,49,10,2,,1,1,0,0,-0.04,1,,163,127,78,57,62,2,,,,,,,5.21
mls_2026,2026-04-25,,CF Montréal,New York City FC,1,0,CF Montréal,home,35,8,5,1,4,4,2,0.97,1,1,,346,277,80.1,49,18,37,8,3,38,16,7,44,50,77,38,49,17,9,53,17,17,71,18,5,0,3,22,3,15,18,8,44,6,0,1,2,2,,1,0.12,,1,94,58,62,46,16,1,57,26,59,54,24,20,0.99
mls_2026,2026-04-25,,CF Montréal,New York City FC,1,0,New York City FC,away,65,4,2,1,3,1,1,0.65,0,0,,629,555,88.2,36,22,61,16,3,19,11,6,55,50,77,39,51,17,8,47,15,15,60,15,4,3,1,21,4,18,13,6,45,12,0,1,4,4,,0,0.37,,2,142,109,77,61,16,2,83,37,71,46,46,17,0.43
mls_2026,2026-04-25,,Columbus Crew,Philadelphia Union,2,0,Columbus Crew,home,56,7,4,0,3,4,3,1.02,2,1,1,500,397,79.4,65,27,42,10,1,10,20,10,50,50,78,40,51,34,16,47,16,16,75,11,1,2,2,24,7,18,18,19,53,11,0,2,2,2,0,1,0.06,0,,94,54,57,44,11,2,91,18,83,59,42,23,1.25
mls_2026,2026-04-25,,Columbus Crew,Philadelphia Union,2,0,Philadelphia Union,away,44,10,2,6,7,3,2,0.8,1,0,1,392,285,72.7,54,27,50,8,6,75,11,6,55,50,78,38,49,34,18,53,21,21,52,18,1,3,4,24,1,11,21,17,54,11,1,0,4,4,1,0,-1.01,1,,84,39,46,45,25,2,90,27,62,44,40,29,0.74
mls_2026,2026-04-25,,DC United,Orlando City SC,3,2,DC United,home,39,15,8,4,6,9,3,1.08,1,1,0,296,210,70.9,56,20,36,15,2,13,9,2,22,51,70,35,50,24,13,54,19,19,58,11,5,1,7,15,6,14,31,9,55,9,0,,3,3,1,1,-0.05,,,113,65,58,53,18,3,89,28,71,35,46,37,1.07
mls_2026,2026-04-25,,DC United,Orlando City SC,3,2,Orlando City SC,away,61,8,5,3,7,1,0,0.79,2,1,1,472,392,83.1,50,24,48,24,9,38,18,8,44,49,70,35,50,24,11,46,16,16,63,14,3,2,8,24,7,11,25,11,47,9,0,,5,5,2,2,-0.59,,,127,88,69,56,20,1,101,28,82,38,56,34,0.92
mls_2026,2026-04-25,,FC Cincinnati,New York Red Bulls,2,0,FC Cincinnati,home,48,15,5,7,11,4,3,2.87,3,2,1,463,396,85.5,64,39,61,10,5,50,27,16,59,55,89,53,60,13,3,23,22,22,59,9,1,,4,14,15,14,22,12,55,10,1,,6,6,1,1,0.41,,,91,67,74,41,27,3,70,19,72,48,39,33,2.86
mls_2026,2026-04-25,,FC Cincinnati,New York Red Bulls,2,0,New York Red Bulls,away,52,19,6,10,10,9,3,1.45,1,0,1,476,415,87.2,27,17,63,31,12,39,16,6,38,45,89,36,40,13,10,77,21,21,52,15,2,,7,19,7,9,7,11,53,12,1,,3,3,2,0,0.55,,,194,157,81,54,36,2,74,26,53,25,64,49,1.36
mls_2026,2026-04-25,,Inter Miami CF,New England Revolution,1,1,Inter Miami CF,home,68,18,10,5,11,7,3,2.71,5,1,4,708,644,91.0,30,21,70,25,4,16,12,4,33,44,56,26,46,10,3,30,15,15,53,14,3,1,7,20,6,7,4,3,45,2,0,2,6,6,1,2,0.39,,1,280,236,84,94,29,1,120,29,67,35,105,36,3.14
mls_2026,2026-04-25,,Inter Miami CF,New England Revolution,1,1,New England Revolution,away,32,16,7,4,7,9,5,1.58,2,1,1,343,294,85.7,42,18,43,2,0,0,15,6,40,56,56,30,54,10,7,70,10,10,50,7,0,1,1,7,11,14,31,13,49,6,0,0,9,9,2,2,1.45,,1,83,67,81,29,14,2,60,21,79,51,45,28,1.54
mls_2026,2026-04-25,,Minnesota United,Los Angeles FC,0,1,Los Angeles FC,away,38,7,7,0,5,2,0,0.8,3,1,2,392,319,81.4,65,30,46,4,1,0,19,9,47,53,76,41,54,20,10,50,21,21,76,9,3,,2,12,11,11,41,8,58,8,0,0,3,3,1,3,0.31,,1,68,48,71,37,9,1,70,22,78,61,27,17,0.8
mls_2026,2026-04-25,,Minnesota United,Los Angeles FC,0,1,Minnesota United,home,62,23,4,11,11,12,8,1.91,3,0,3,618,547,88.5,33,19,58,26,7,27,18,8,44,47,76,35,46,20,10,50,18,18,50,11,1,,11,17,2,9,11,10,63,11,0,1,6,6,0,0,0.57,,0,243,186,77,93,27,3,122,41,67,25,66,34,1.91
mls_2026,2026-04-25,,Toronto FC,Atlanta United,1,2,Atlanta United,away,49,6,2,3,3,3,1,0.62,1,,1,438,355,81.1,61,30,49,11,1,9,14,5,36,46,65,27,42,29,16,55,12,12,67,15,2,4,7,25,6,10,22,11,44,6,0,0,1,1,,,-0.67,,1,109,83,76,45,14,3,85,23,73,44,38,33,0.61
mls_2026,2026-04-25,,Toronto FC,Atlanta United,1,2,Toronto FC,home,51,9,2,3,7,2,4,0.62,1,,1,451,358,79.4,50,16,32,19,4,21,16,10,63,54,65,38,58,29,13,45,15,15,73,10,0,2,8,15,5,15,18,11,46,6,0,1,0,0,,,-1.48,,0,105,60,57,54,19,3,82,33,76,39,36,28,0.64
mls_2026,2026-04-26,,Austin FC,Houston Dynamo,2,0,Austin FC,home,45,13,4,5,9,4,4,0.85,0,,0,428,363,84.8,47,19,40,10,6,60,7,3,43,48,43,22,51,18,7,39,10,10,60,14,4,0,3,15,8,12,19,11,40,2,1,0,5,5,1,1,0.49,,1,84,56,67,39,24,2,75,21,81,55,28,24,0.91
mls_2026,2026-04-26,,Austin FC,Houston Dynamo,2,0,Houston Dynamo,away,55,11,5,5,5,6,1,0.76,1,,1,511,466,91.2,24,15,63,19,6,32,7,2,29,52,43,21,49,18,11,61,6,6,33,12,2,2,5,11,9,14,11,11,43,5,0,1,2,2,1,0,-0.9,,0,137,113,82,55,14,3,83,35,69,39,41,26,0.66
mls_2026,2026-04-26,,Chicago Fire,Sporting Kansas City,5,0,Chicago Fire,home,71,17,6,3,11,6,8,3.03,5,4,1,737,668,90.6,55,33,60,19,4,21,17,9,53,47,73,33,45,23,12,52,9,9,44,15,1,,4,24,5,16,12,13,43,13,0,1,0,0,0,,0.0,,1,208,167,80,88,31,5,106,25,93,35,62,40,2.96
mls_2026,2026-04-26,,Chicago Fire,Sporting Kansas City,5,0,Sporting Kansas City,away,29,6,1,5,6,0,0,0.37,0,0,0,291,216,74.2,47,20,43,10,3,30,9,5,56,53,73,40,55,23,11,48,21,21,62,17,0,,2,18,13,15,31,9,35,5,1,0,1,1,1,,0.33,,0,63,30,48,36,19,2,69,32,64,54,31,14,0.36
mls_2026,2026-04-26,,LA Galaxy,Real Salt Lake,2,1,LA Galaxy,home,39,16,7,6,10,6,3,2.74,4,1,3,397,304,76.6,67,21,31,4,1,25,13,6,46,48,77,41,53,17,4,24,23,23,70,16,4,3,7,9,5,13,25,12,67,8,0,1,8,8,0,,0.23,,0,139,96,69,53,25,3,92,21,98,45,38,34,2.61
mls_2026,2026-04-26,,LA Galaxy,Real Salt Lake,2,1,Real Salt Lake,away,61,15,8,5,10,5,2,1.5,1,0,1,614,524,85.3,48,30,63,13,4,31,14,5,36,52,77,36,47,17,13,76,15,15,47,14,4,1,0,27,9,16,16,5,45,14,1,1,4,4,1,,1.05,,2,162,118,73,72,31,1,97,35,81,47,42,18,1.19
mls_2026,2026-04-26,,Nashville SC,Charlotte FC,4,2,Charlotte FC,away,39,8,2,4,5,3,2,1.69,3,1,2,414,351,84.8,52,26,50,12,4,33,17,10,59,47,72,35,49,16,6,38,14,14,43,8,1,0,4,15,9,13,16,6,35,9,0,,3,3,,0,-1.37,,1,88,63,72,37,9,2,75,21,68,52,28,27,1.35
mls_2026,2026-04-26,,Nashville SC,Charlotte FC,4,2,Nashville SC,home,61,13,7,3,7,6,3,1.99,3,2,1,648,583,90.0,45,25,56,13,3,23,17,13,76,53,72,37,51,16,10,63,16,16,44,13,2,2,6,17,8,8,10,5,47,10,1,,0,0,,2,-0.37,,0,139,102,73,53,21,0,88,25,74,47,38,28,1.23
mls_2026,2026-04-26,,San Diego FC,Portland Timbers,1,2,Portland Timbers,away,33,11,5,4,8,3,2,1.75,3,2,1,363,302,83.2,31,15,48,14,3,21,13,6,46,57,62,34,55,17,11,65,16,16,50,10,1,5,6,20,6,12,29,18,51,9,0,0,2,2,0,1,0.22,0,0,61,44,72,34,16,1,71,25,69,44,35,31,1.13
mls_2026,2026-04-26,,San Diego FC,Portland Timbers,1,2,San Diego FC,home,67,10,3,3,9,1,4,1.9,3,1,2,753,678,90.0,27,15,56,17,2,12,9,5,56,43,62,28,45,17,6,35,16,16,88,12,2,5,6,21,6,9,10,1,47,12,0,1,4,4,2,0,-0.4,1,2,211,165,78,56,35,4,89,25,73,39,47,36,1.43
mls_2026,2026-04-26,,Seattle Sounders FC,FC Dallas,2,1,FC Dallas,away,42,12,6,3,5,7,3,0.59,1,1,1,397,320,80.6,36,17,47,20,3,15,19,12,63,53,75,37,49,34,21,62,19,19,68,13,4,1,7,15,3,6,31,9,49,7,0,0,4,4,0,1,0.76,,0,127,87,69,47,17,1,76,28,67,39,37,33,0.5
mls_2026,2026-04-26,,Seattle Sounders FC,FC Dallas,2,1,Seattle Sounders FC,home,58,9,6,2,7,2,1,1.84,4,1,3,554,476,85.9,47,18,38,13,3,23,23,11,48,47,75,38,51,34,13,38,14,14,71,6,1,2,4,28,7,12,26,12,42,7,0,1,5,5,1,0,0.87,,1,106,71,67,53,19,5,83,22,71,43,39,35,1.8
mls_2026,2026-04-26,,St.Louis City,San Jose Earthquakes,2,3,San Jose Earthquakes,away,42,9,3,2,8,1,4,1.54,2,2,0,364,276,75.8,52,27,52,13,3,23,9,3,33,47,51,23,45,28,14,50,8,8,75,13,3,0,3,34,16,11,27,8,46,4,0,0,3,3,,1,0.94,,1,110,64,58,55,27,2,80,29,70,40,30,31,1.5
mls_2026,2026-04-26,,St.Louis City,San Jose Earthquakes,2,3,St.Louis City,home,58,21,5,12,18,3,4,2.59,6,1,5,488,410,84.0,51,23,45,30,9,30,8,5,63,53,51,28,55,28,14,50,10,10,50,12,2,1,10,21,6,13,12,18,58,5,2,1,0,0,,0,-1.24,,0,160,121,76,58,48,1,82,30,74,30,46,40,2.28
mls_2026,2026-04-26,,Vancouver Whitecaps,Colorado Rapids,3,1,Colorado Rapids,away,55,13,3,4,9,4,6,1.65,4,1,3,481,417,86.7,29,16,55,10,4,40,15,3,20,55,92,48,52,12,9,75,22,22,59,12,1,2,3,21,10,24,20,6,49,17,0,1,5,5,,1,0.03,,4,75,55,73,35,23,3,81,12,99,60,38,28,1.51
mls_2026,2026-04-26,,Vancouver Whitecaps,Colorado Rapids,3,1,Vancouver Whitecaps,home,45,20,8,7,17,3,5,3.79,9,2,7,389,326,83.8,53,27,51,16,7,44,15,5,33,45,92,44,48,12,3,25,29,29,41,24,1,4,8,15,7,12,14,13,60,12,0,4,3,3,,0,0.66,,0,153,111,73,65,40,0,99,17,75,33,70,50,3.5
mls_2026,2026-05-02,,Atlanta United,CF Montréal,3,1,Atlanta United,home,53,18,5,3,13,5,10,1.23,2,2,,481,398,82.7,67,34,51,12,2,17,18,9,50,46,75,35,47,26,11,42,19,19,63,14,4,2,3,17,16,9,18,3,51,8,0,3,4,4,1,0,0.28,1,1,110,80,73,64,26,1,109,25,101,52,53,23,1.11
mls_2026,2026-05-02,,Atlanta United,CF Montréal,3,1,CF Montréal,away,47,11,5,3,5,6,3,0.92,0,0,,431,348,80.7,56,23,41,13,4,31,23,11,48,54,75,40,53,26,15,58,17,17,65,9,3,8,2,22,6,14,14,9,56,7,1,1,2,2,1,1,-1.37,3,2,114,77,68,53,23,2,106,30,98,43,62,27,0.85
mls_2026,2026-05-02,,Columbus Crew,Minnesota United,2,3,Columbus Crew,home,66,13,4,5,11,2,4,1.02,2,1,1,620,535,86.3,43,15,35,13,1,8,19,12,63,54,80,46,57,17,6,35,23,23,65,10,2,0,4,19,9,11,22,12,49,10,1,,4,4,,,-0.26,,,173,134,77,57,34,3,90,36,75,48,40,16,1.04
mls_2026,2026-05-02,,Columbus Crew,Minnesota United,2,3,Minnesota United,away,34,12,7,4,10,2,1,1.22,1,0,1,311,239,76.8,48,22,46,16,7,44,18,7,39,46,80,34,43,17,11,65,17,17,59,11,2,3,6,22,6,10,20,11,55,12,1,,1,1,,,-0.13,,,104,67,64,53,27,3,76,25,70,45,38,30,1.18
mls_2026,2026-05-02,,Inter Miami CF,Orlando City SC,3,4,Inter Miami CF,home,64,26,10,9,16,10,7,3.14,7,2,5,537,484,90.1,56,44,79,18,7,39,26,10,38,36,78,27,35,11,5,45,12,12,50,18,4,4,10,14,5,5,13,6,48,7,0,1,5,5,0,0,0.51,1,,202,167,83,57,60,3,81,20,63,40,47,40,3.01
mls_2026,2026-05-02,,Inter Miami CF,Orlando City SC,3,4,Orlando City SC,away,36,13,9,3,8,5,1,2.26,4,2,2,298,236,79.2,55,32,58,11,2,18,17,13,76,64,78,51,65,11,6,55,23,23,52,5,3,4,2,8,7,17,22,7,48,8,0,1,7,7,2,2,0.98,0,,102,70,69,48,20,2,57,27,62,43,22,30,1.92
mls_2026,2026-05-02,,New England Revolution,Charlotte FC,1,0,Charlotte FC,away,45,9,4,5,9,0,0,1.1,4,0,4,438,379,86.5,52,27,52,19,5,26,9,3,33,47,56,24,43,21,12,57,11,11,55,16,4,,5,16,8,10,29,10,38,10,1,1,3,3,0,1,-0.04,,,146,115,79,56,27,4,65,20,57,43,53,37,1.11
mls_2026,2026-05-02,,New England Revolution,Charlotte FC,1,0,New England Revolution,home,55,14,4,5,8,6,5,1.58,1,1,0,536,474,88.4,50,27,54,19,6,32,8,2,25,53,56,32,57,21,9,43,16,16,81,10,3,,3,12,6,15,23,12,40,5,0,0,3,3,1,1,0.31,,,100,72,72,44,34,3,74,20,67,44,52,36,1.47
mls_2026,2026-05-02,,New York Red Bulls,FC Dallas,0,2,FC Dallas,away,42,12,6,2,8,4,4,1.63,3,2,1,419,322,76.8,56,25,45,7,2,29,16,7,44,55,57,34,60,29,13,45,21,21,62,7,2,4,4,22,13,6,25,10,51,3,0,,0,0,,2,0.0,,,138,89,64,61,19,0,69,22,70,50,34,28,1.86
mls_2026,2026-05-02,,New York Red Bulls,FC Dallas,0,2,New York Red Bulls,home,58,9,0,4,6,3,5,0.85,0,0,0,566,480,84.8,56,20,36,21,4,19,19,5,26,45,57,23,40,29,16,55,12,12,83,6,0,1,8,24,6,7,17,10,49,7,0,,4,4,,0,-0.17,,,198,156,79,72,25,1,89,29,80,43,46,28,0.69
mls_2026,2026-05-02,,Philadelphia Union,Nashville SC,0,0,Nashville SC,away,54,8,1,4,5,3,3,0.5,2,,2,455,369,81.1,54,24,44,14,3,21,21,12,57,48,75,41,55,35,12,34,16,16,50,11,1,0,2,20,12,14,46,4,35,8,1,1,4,4,1,,1.32,,1,94,57,61,51,14,3,76,23,72,51,38,26,0.49
mls_2026,2026-05-02,,Philadelphia Union,Nashville SC,0,0,Philadelphia Union,home,46,16,4,10,13,3,2,1.64,3,,3,368,291,79.1,47,20,43,24,5,21,10,6,60,52,75,34,45,35,23,66,17,17,47,14,1,2,5,25,4,11,22,7,46,12,2,0,1,1,0,,0.74,,0,132,93,70,54,26,1,76,28,59,40,48,32,1.64
mls_2026,2026-05-02,,Real Salt Lake,Portland Timbers,2,0,Portland Timbers,away,47,11,2,4,8,3,5,1.15,1,0,1,458,389,84.9,29,11,38,16,1,6,10,6,60,60,63,38,60,20,12,60,17,17,53,12,2,1,2,18,10,15,28,8,46,5,0,1,13,13,6,0,2.7,,,112,85,76,34,16,1,70,19,75,55,37,26,1.05
mls_2026,2026-05-02,,Real Salt Lake,Portland Timbers,2,0,Real Salt Lake,home,53,25,15,8,15,10,2,3.77,8,1,7,515,445,86.4,57,27,47,17,7,41,12,5,42,40,63,25,40,20,8,40,9,9,67,15,1,0,6,21,6,12,19,10,48,10,1,1,2,2,0,1,0.61,,,167,133,80,53,43,1,93,20,73,44,41,36,3.55
mls_2026,2026-05-02,,Sporting Kansas City,Seattle Sounders FC,1,1,Seattle Sounders FC,away,65,26,9,12,22,4,5,1.81,3,1,2,628,571,90.9,24,13,54,26,11,42,13,8,62,64,46,30,65,29,18,62,13,13,77,7,2,3,9,12,1,10,13,7,40,3,1,1,6,6,2,1,1.21,1,1,271,231,85,82,46,,95,26,57,34,74,40,1.66
mls_2026,2026-05-02,,Sporting Kansas City,Seattle Sounders FC,1,1,Sporting Kansas City,home,35,10,7,0,4,6,3,1.29,2,1,1,334,287,85.9,30,8,27,9,0,0,4,1,25,36,46,16,35,29,11,38,8,8,63,10,0,0,4,13,17,7,35,6,34,10,0,3,7,7,2,0,1.96,0,1,64,53,83,30,11,,70,17,81,59,34,24,1.2
mls_2026,2026-05-02,,Toronto FC,San Jose Earthquakes,1,1,San Jose Earthquakes,away,52,10,4,5,6,4,1,1.09,1,1,0,426,350,82.2,43,17,40,29,5,17,13,4,31,49,72,38,53,23,9,39,18,18,72,7,2,2,9,16,6,17,32,8,56,10,0,0,0,0,,0,-0.86,,0,111,78,70,49,19,2,70,19,74,45,46,36,1.31
mls_2026,2026-05-02,,Toronto FC,San Jose Earthquakes,1,1,Toronto FC,home,48,11,2,3,8,3,6,0.83,1,0,1,404,321,79.5,54,22,41,21,7,33,15,8,53,51,72,34,47,23,14,61,19,19,84,17,2,1,8,28,8,7,23,13,53,11,0,1,3,3,,3,0.07,,1,101,62,61,55,23,0,87,28,83,45,39,27,1.01
mls_2026,2026-05-03,,Austin FC,St.Louis City,2,0,Austin FC,home,56,16,6,7,12,4,3,1.78,5,1,4,472,409,86.7,48,23,48,16,5,31,8,4,50,53,56,30,54,20,10,50,8,8,25,14,2,2,4,16,9,20,22,8,35,8,0,,5,5,1,1,1.71,,1,103,76,74,44,28,2,69,20,61,53,38,27,1.82
mls_2026,2026-05-03,,Austin FC,St.Louis City,2,0,St.Louis City,away,44,15,5,7,11,4,3,2.19,6,0,6,374,322,86.1,29,15,52,15,6,40,5,2,40,47,56,26,46,20,10,50,12,12,58,20,3,1,6,12,8,14,21,5,30,5,0,,4,4,0,0,0.99,,0,94,71,76,34,29,1,64,25,57,51,33,24,3.16
mls_2026,2026-05-03,,Chicago Fire,FC Cincinnati,2,3,Chicago Fire,home,56,33,10,16,29,4,7,4.47,6,2,4,506,430,85.0,35,19,54,27,10,37,14,10,71,53,59,31,53,34,18,53,17,17,65,12,1,1,10,22,5,4,13,5,38,5,0,1,1,1,0,1,-0.66,,1,225,174,77,69,69,2,82,18,61,31,55,51,3.97
mls_2026,2026-05-03,,Chicago Fire,FC Cincinnati,2,3,FC Cincinnati,away,44,10,4,2,3,7,4,1.58,2,2,0,419,356,85.0,57,27,47,5,0,0,15,8,53,47,59,28,47,34,16,47,9,9,56,5,3,0,1,15,16,11,35,16,40,10,0,1,8,8,3,1,2.22,,0,56,34,61,31,13,3,70,15,95,61,23,24,1.74
mls_2026,2026-05-03,,Houston Dynamo,Colorado Rapids,1,0,Colorado Rapids,away,61,4,2,2,3,1,0,0.44,1,,1,539,498,92.4,23,11,48,29,4,14,18,8,44,51,63,31,49,18,10,56,12,12,75,8,3,1,5,17,3,11,20,8,45,10,0,1,4,4,1,0,-0.22,,,125,97,78,63,15,2,111,31,81,50,49,19,0.61
mls_2026,2026-05-03,,Houston Dynamo,Colorado Rapids,1,0,Houston Dynamo,home,39,9,5,2,3,6,2,0.5,0,,0,344,290,84.3,46,23,50,15,3,20,11,5,45,49,63,32,51,18,8,44,20,20,40,11,3,1,6,14,4,8,31,8,42,6,0,1,2,2,1,1,0.38,,,62,44,71,33,16,1,58,15,66,56,26,29,0.32
mls_2026,2026-05-03,,LA Galaxy,Vancouver Whitecaps,1,1,LA Galaxy,home,38,7,2,5,7,0,0,1.38,3,1,2,315,232,73.7,46,12,26,7,3,43,17,10,59,52,88,46,52,19,10,53,19,19,68,12,5,2,1,20,10,18,22,5,55,11,0,,5,5,,2,1.5,0,2,53,26,49,28,15,1,75,20,81,63,22,17,1.4
mls_2026,2026-05-03,,LA Galaxy,Vancouver Whitecaps,1,1,Vancouver Whitecaps,away,62,19,6,9,13,6,4,2.61,4,1,3,516,443,85.9,58,37,64,21,6,29,22,13,59,48,88,42,48,19,9,47,18,18,67,18,5,1,2,30,4,12,14,11,55,10,1,,1,1,,0,0.53,1,0,190,146,77,88,27,4,111,32,75,35,52,33,2.73
mls_2026,2026-05-03,,New York City FC,DC United,0,2,DC United,away,27,19,7,6,8,11,6,2.65,4,2,2,232,142,61.2,70,20,29,16,1,6,11,2,18,48,90,45,50,40,17,43,34,34,59,17,4,0,3,26,9,9,44,11,53,7,0,,4,4,1,1,1.05,0,0,99,52,53,54,23,1,76,27,85,45,40,28,2.79
mls_2026,2026-05-03,,New York City FC,DC United,0,2,New York City FC,home,73,9,4,5,5,4,0,0.55,1,0,1,625,533,85.3,51,28,55,30,8,27,29,12,41,52,90,45,50,40,23,57,16,16,81,10,1,4,6,24,6,17,39,7,60,17,0,,5,5,2,0,0.72,1,1,171,130,76,77,30,6,97,36,71,41,52,23,0.56
mls_2026,2026-05-03,,San Diego FC,Los Angeles FC,2,2,Los Angeles FC,away,44,9,4,2,6,3,3,1.18,2,1,1,526,441,83.8,61,26,43,6,2,33,17,6,35,43,73,30,41,15,8,53,13,13,54,17,2,2,3,19,6,12,17,8,57,9,0,1,1,1,0,,-0.23,1,1,113,66,58,70,20,3,75,28,73,55,21,17,0.78
mls_2026,2026-05-03,,San Diego FC,Los Angeles FC,2,2,San Diego FC,home,56,8,3,4,5,3,1,0.98,2,1,1,668,596,89.2,31,10,32,11,2,18,15,8,53,57,73,43,59,15,7,47,20,20,55,12,3,0,2,12,6,17,19,8,54,6,0,0,2,2,1,,-0.34,1,0,166,123,74,83,13,2,75,37,66,47,19,16,1.04
mls_2026,2026-05-09,,Atlanta United,LA Galaxy,1,2,Atlanta United,home,53,14,3,8,11,3,3,1.06,0,0,0,446,356,79.8,45,23,51,22,9,41,9,6,67,59,56,32,57,18,12,67,21,21,71,7,3,2,6,17,4,5,16,8,61,5,1,0,4,4,1,0,0.96,,0,150,102,68,60,36,0,81,17,60,42,53,41,0.95
mls_2026,2026-05-09,,Atlanta United,LA Galaxy,1,2,LA Galaxy,away,47,10,6,3,8,2,1,2.14,6,2,4,404,327,80.9,44,15,34,10,3,30,21,9,43,41,56,24,43,18,6,33,8,8,63,5,1,3,5,21,12,7,32,9,55,9,0,1,2,2,1,2,0.15,,1,73,52,71,34,16,2,63,22,75,48,32,30,1.99
mls_2026,2026-05-09,,CF Montréal,Orlando City SC,2,0,CF Montréal,home,53,23,5,10,12,11,8,2.31,2,1,1,424,370,87.3,35,17,49,36,8,22,14,8,57,52,66,36,55,13,5,38,12,12,67,10,0,1,11,14,4,15,18,4,41,3,1,0,3,3,,0,0.27,,0,164,132,80,59,35,5,84,17,53,30,65,53,2.15
mls_2026,2026-05-09,,CF Montréal,Orlando City SC,2,0,Orlando City SC,away,47,8,3,3,5,3,2,0.64,1,0,1,395,339,85.8,45,19,42,11,3,27,21,12,57,48,66,30,45,13,8,62,9,9,67,16,2,1,3,14,10,10,29,7,38,3,1,1,2,2,,4,-0.52,,1,96,72,75,46,11,1,67,20,82,60,37,20,0.62
mls_2026,2026-05-09,,Charlotte FC,FC Cincinnati,2,2,Charlotte FC,home,47,12,3,5,11,1,4,2.01,2,1,1,503,453,90.1,37,17,46,26,6,23,10,4,40,55,53,30,57,21,11,52,13,13,69,9,1,2,7,13,5,15,20,5,37,4,0,0,3,3,,1,-0.25,,,138,119,86,40,29,0,82,26,72,45,40,29,1.87
mls_2026,2026-05-09,,Charlotte FC,FC Cincinnati,2,2,FC Cincinnati,away,53,13,5,4,8,5,4,1.44,2,1,1,581,529,91.0,37,20,54,14,4,29,12,6,50,45,53,23,43,21,10,48,10,10,70,15,4,1,4,10,7,9,26,6,34,7,1,1,2,2,,0,-0.7,,,100,70,70,46,21,1,90,25,83,49,43,26,1.01
mls_2026,2026-05-09,,Chicago Fire,New York Red Bulls,1,3,Chicago Fire,home,64,15,4,4,10,5,7,0.78,4,0,4,577,486,84.2,58,24,41,22,4,18,14,9,64,59,63,40,63,18,8,44,21,21,52,7,1,4,6,27,7,10,15,6,58,8,1,,1,1,,1,-1.08,,,170,117,69,75,35,3,79,22,76,46,41,32,0.78
mls_2026,2026-05-09,,Chicago Fire,New York Red Bulls,1,3,New York Red Bulls,away,36,9,4,4,7,2,1,1.49,2,2,0,329,249,75.7,48,13,27,8,2,25,14,4,29,41,63,23,37,18,10,56,13,13,54,10,3,1,3,22,13,6,27,14,52,11,0,,2,2,,3,-0.84,,,108,76,70,50,16,4,61,20,65,50,24,30,1.49
mls_2026,2026-05-09,,New England Revolution,Philadelphia Union,2,1,New England Revolution,home,61,10,2,5,6,4,3,1.05,2,1,1,597,521,87.3,40,19,48,22,4,18,24,9,38,45,76,37,49,24,8,33,12,12,58,8,0,2,9,16,9,16,22,6,57,10,0,1,1,1,,2,-0.98,,1,132,100,76,55,25,4,87,26,73,39,44,35,0.85
mls_2026,2026-05-09,,New England Revolution,Philadelphia Union,2,1,Philadelphia Union,away,39,11,2,7,7,4,2,1.27,1,0,1,379,306,80.7,49,28,57,14,5,36,12,6,50,55,76,39,51,24,16,67,25,25,56,16,3,0,3,17,9,8,23,10,47,6,0,0,0,0,,0,-1.31,,0,114,80,70,56,18,0,61,24,60,46,33,30,1.39
mls_2026,2026-05-09,,Toronto FC,Inter Miami CF,2,4,Inter Miami CF,away,60,11,7,3,7,4,1,1.77,4,3,1,581,505,86.9,36,22,61,6,1,17,14,6,43,47,64,30,47,12,6,50,15,15,67,12,2,2,4,9,10,9,18,14,60,8,0,2,3,3,0,2,0.25,1,1,133,96,72,40,27,4,84,16,81,48,39,36,1.71
mls_2026,2026-05-09,,Toronto FC,Inter Miami CF,2,4,Toronto FC,home,40,13,5,6,6,7,2,0.81,1,1,0,370,305,82.4,35,13,37,20,4,20,19,9,47,53,64,34,53,12,6,50,16,16,75,9,1,0,4,9,7,12,19,16,53,5,0,0,2,2,2,0,-0.65,1,2,129,94,73,57,22,2,64,28,61,44,32,28,0.98
mls_2026,2026-05-10,,Colorado Rapids,St.Louis City,0,1,Colorado Rapids,home,56,10,2,5,7,3,3,1.33,1,0,1,425,359,84.5,42,25,60,28,7,25,20,5,25,47,77,32,42,23,15,65,9,9,56,19,3,2,11,20,11,18,13,8,44,4,0,1,0,0,0,,-0.01,,,123,84,68,57,23,5,75,18,65,44,42,38,1.2
mls_2026,2026-05-10,,Colorado Rapids,St.Louis City,0,1,St.Louis City,away,44,10,1,6,4,6,3,1.94,2,1,1,355,282,79.4,57,25,44,5,0,0,13,7,54,53,77,45,58,23,8,35,19,19,58,18,5,3,1,13,13,19,29,15,44,3,1,2,2,2,1,,0.1,,,75,41,55,42,12,3,57,17,71,60,26,23,1.87
mls_2026,2026-05-10,,FC Dallas,Real Salt Lake,3,1,FC Dallas,home,27,11,4,6,9,2,1,2.05,3,2,1,242,178,73.6,52,23,44,7,4,57,11,1,9,51,69,31,45,33,21,64,20,20,70,15,2,2,4,9,9,13,46,8,40,7,0,,3,3,1,2,-0.06,,0,71,44,62,34,17,2,76,21,70,52,36,27,2.22
mls_2026,2026-05-10,,FC Dallas,Real Salt Lake,3,1,Real Salt Lake,away,73,9,2,3,3,6,4,0.59,1,0,1,657,580,88.3,55,30,55,24,2,8,17,7,41,49,69,38,55,33,12,36,17,17,71,13,3,1,7,32,4,15,10,6,34,10,0,,1,1,1,1,-0.78,,1,198,150,76,74,33,3,145,24,103,43,83,33,0.5
mls_2026,2026-05-10,,Minnesota United,Austin FC,2,2,Austin FC,away,45,12,5,2,6,6,5,1.45,1,1,0,428,348,81.3,48,20,42,8,1,13,17,6,35,50,58,33,57,32,12,38,15,15,87,11,2,0,4,13,10,14,41,7,42,4,0,1,3,3,,1,-0.34,0,1,101,68,67,44,20,4,60,27,63,54,26,19,1.32
mls_2026,2026-05-10,,Minnesota United,Austin FC,2,2,Minnesota United,home,55,18,5,11,14,4,2,2.55,5,2,3,508,431,84.8,48,31,65,20,10,50,7,1,14,50,58,25,43,32,20,63,15,15,80,15,5,1,3,17,4,10,22,10,54,9,2,1,3,3,,1,-0.4,1,2,161,120,75,57,30,3,55,24,42,31,46,45,2.2
mls_2026,2026-05-10,,Nashville SC,DC United,2,2,DC United,away,26,12,6,3,8,4,3,1.38,5,2,3,184,117,63.6,46,9,20,17,4,24,4,1,25,36,52,18,35,39,15,38,10,10,80,15,2,1,7,14,10,9,25,9,41,6,0,0,5,5,0,0,1.38,,0,71,37,52,44,12,3,39,11,39,38,48,51,1.66
mls_2026,2026-05-10,,Nashville SC,DC United,2,2,Nashville SC,home,74,16,7,6,11,5,3,2.02,4,1,3,550,476,86.5,41,31,76,24,5,21,17,10,59,64,52,34,65,39,24,62,9,9,33,9,3,3,8,26,6,15,20,4,40,3,2,1,4,4,1,1,0.12,,1,171,132,77,62,22,4,72,18,69,30,66,52,2.31
mls_2026,2026-05-10,,New York City FC,Columbus Crew,3,0,Columbus Crew,away,58,11,2,4,7,4,5,1.03,2,0,2,609,545,89.5,39,26,67,14,1,7,13,7,54,49,58,28,48,15,8,53,15,15,53,8,1,5,8,16,6,7,11,10,42,9,0,0,3,3,,,-0.27,,,178,141,79,65,31,1,95,19,75,41,79,40,1.07
mls_2026,2026-05-10,,New York City FC,Columbus Crew,3,0,New York City FC,home,42,9,6,2,9,0,1,1.09,3,2,1,437,368,84.2,61,38,62,7,2,29,12,8,67,51,58,30,52,15,7,47,15,15,73,7,0,6,3,21,8,8,19,7,48,11,0,2,2,2,,,0.36,,,69,49,71,40,18,0,68,10,81,57,56,33,1.03
mls_2026,2026-05-10,,Portland Timbers,Sporting Kansas City,6,0,Portland Timbers,home,63,16,6,5,9,7,5,1.5,5,3,2,729,679,93.1,32,19,59,14,5,36,8,4,50,58,56,31,55,16,11,69,8,8,50,11,1,1,4,10,7,20,35,5,37,6,0,,3,3,,1,0.81,0,,207,178,86,73,22,6,72,37,52,29,49,34,1.34
mls_2026,2026-05-10,,Portland Timbers,Sporting Kansas City,6,0,Sporting Kansas City,away,37,11,3,2,7,4,6,0.49,0,0,0,413,361,87.4,36,15,42,15,2,13,7,4,57,42,56,25,45,16,5,31,10,10,60,20,5,2,4,15,5,11,23,4,38,5,0,,2,2,,0,-3.4,1,,121,92,76,37,21,1,68,27,53,49,35,24,0.5
mls_2026,2026-05-10,,San Jose Earthquakes,Vancouver Whitecaps,1,1,San Jose Earthquakes,home,29,7,3,2,6,1,2,1.02,1,1,0,227,149,65.6,59,20,34,14,2,14,13,4,31,49,88,44,50,24,11,46,27,27,78,14,4,3,2,22,15,15,35,7,47,17,0,,4,4,,,0.89,,1,52,23,44,36,11,0,64,17,90,68,25,15,0.97
mls_2026,2026-05-10,,San Jose Earthquakes,Vancouver Whitecaps,1,1,Vancouver Whitecaps,away,71,16,5,8,9,7,3,2.23,3,1,2,567,492,86.8,53,25,47,31,6,19,19,5,26,51,88,44,50,24,13,54,26,26,69,15,1,0,4,33,4,14,16,7,55,13,0,,2,2,,,0.61,,0,217,171,79,83,35,5,126,27,84,33,83,40,1.6
mls_2026,2026-05-10,,Seattle Sounders FC,San Diego FC,1,1,San Diego FC,away,53,15,5,6,11,4,4,1.86,3,1,2,624,545,87.3,44,23,52,9,3,33,7,4,57,44,48,25,52,20,5,25,12,12,75,8,2,1,2,13,13,9,24,7,57,8,1,1,3,3,0,1,0.9,,1,107,85,79,41,26,,61,16,85,71,34,13,1.98
mls_2026,2026-05-10,,Seattle Sounders FC,San Diego FC,1,1,Seattle Sounders FC,home,47,26,5,13,19,7,8,2.53,6,1,5,527,455,86.3,40,12,30,24,10,42,7,5,71,56,48,23,48,20,15,75,11,11,45,9,3,2,8,14,7,8,10,15,62,10,1,1,4,4,2,0,0.39,,2,164,122,74,69,50,,101,25,82,47,53,28,2.57
mls_2026,2026-05-11,,Los Angeles FC,Houston Dynamo,1,4,Houston Dynamo,away,33,12,6,3,5,7,3,0.81,0,0,0,355,300,84.5,31,14,45,5,1,20,18,7,39,44,73,33,45,13,5,38,15,15,33,12,3,1,3,13,7,12,43,9,46,10,2,0,4,4,3,2,0.04,,,74,64,86,18,22,4,51,14,68,45,31,41,0.86
mls_2026,2026-05-11,,Los Angeles FC,Houston Dynamo,1,4,Los Angeles FC,home,67,19,5,4,7,12,10,1.21,2,1,1,696,628,90.2,40,30,75,34,6,18,19,8,42,56,73,40,55,13,8,62,21,21,52,12,4,0,10,20,3,12,7,5,39,4,1,1,2,2,0,0,-1.46,,,314,273,87,92,30,6,70,20,43,14,62,66,0.94
mls_2026,2026-05-13,,CF Montréal,Portland Timbers,2,2,CF Montréal,home,43,23,8,7,12,11,8,1.65,2,1,1,437,373,85.4,47,23,49,24,3,13,13,4,31,41,57,24,42,18,7,39,14,14,79,17,4,0,6,9,5,6,22,8,52,3,0,1,1,1,1,0,0.46,,0,149,116,78,66,36,1,90,20,64,34,53,46,1.85
mls_2026,2026-05-13,,CF Montréal,Portland Timbers,2,2,Portland Timbers,away,57,14,3,5,11,3,6,1.62,2,2,0,587,524,89.3,33,15,45,20,4,20,8,6,75,59,57,33,58,18,11,61,12,12,58,6,1,1,9,8,6,17,35,3,49,12,1,0,6,6,2,1,0.55,,1,119,94,79,54,25,2,78,15,72,56,50,29,1.96
mls_2026,2026-05-13,,Charlotte FC,New York City FC,0,1,Charlotte FC,home,47,5,2,2,5,0,1,0.46,1,,1,417,368,88.2,38,22,58,19,4,21,7,3,43,53,63,33,52,11,6,55,10,10,30,14,4,2,8,19,4,19,9,9,37,10,0,1,0,0,,,-0.9,1,,111,87,78,32,17,3,68,18,62,49,37,33,0.51
mls_2026,2026-05-13,,Charlotte FC,New York City FC,0,1,New York City FC,away,53,4,1,2,4,0,1,1.17,2,,2,492,439,89.2,42,17,40,7,1,14,8,4,50,47,63,30,48,11,5,45,14,14,71,19,5,1,2,17,4,14,26,7,36,7,0,2,2,2,,,0.29,0,,100,72,72,44,16,1,75,14,70,73,27,13,0.63
mls_2026,2026-05-13,,DC United,Chicago Fire,1,3,Chicago Fire,away,60,14,8,5,10,4,1,2.11,6,2,4,466,375,80.5,44,15,34,17,6,35,16,6,38,44,66,28,42,27,13,48,8,8,63,12,5,4,8,19,7,13,39,7,51,11,0,1,5,5,0,2,0.19,,,125,89,71,54,29,4,86,24,69,36,71,40,2.3
mls_2026,2026-05-13,,DC United,Chicago Fire,1,3,DC United,home,40,13,6,4,8,5,3,0.71,0,0,0,305,208,68.2,50,15,30,20,3,15,9,5,56,56,66,38,58,27,14,52,21,21,48,14,0,1,7,29,7,12,18,11,44,4,0,0,5,5,2,1,-0.09,,,98,49,50,58,24,1,87,25,78,44,63,31,0.69
mls_2026,2026-05-13,,FC Cincinnati,Inter Miami CF,3,5,FC Cincinnati,home,47,10,3,4,3,7,3,1.47,2,2,0,456,395,86.6,47,30,64,9,2,22,23,9,39,42,87,33,38,19,12,63,14,14,50,19,2,1,1,16,11,12,30,15,41,18,0,,1,1,,,-1.56,3,1,104,73,70,54,14,2,92,22,76,44,52,34,1.76
mls_2026,2026-05-13,,FC Cincinnati,Inter Miami CF,3,5,Inter Miami CF,away,53,17,5,7,15,2,5,2.17,5,3,2,514,426,82.9,54,30,56,19,4,21,8,3,38,58,87,54,62,19,7,37,32,32,66,13,3,1,8,13,5,19,11,13,53,9,3,,0,0,,,-1.12,0,0,142,104,73,51,41,2,70,17,76,44,42,39,2.21
mls_2026,2026-05-13,,New England Revolution,Nashville SC,0,3,Nashville SC,away,48,8,4,2,5,3,2,0.79,1,1,0,441,387,87.8,39,14,36,17,6,35,17,9,53,47,67,35,52,20,6,30,18,18,50,12,3,0,7,24,8,8,17,6,43,10,1,,2,2,,0,0.56,0,1,83,59,71,33,16,1,58,19,69,46,30,35,0.39
mls_2026,2026-05-13,,New England Revolution,Nashville SC,0,3,New England Revolution,home,52,8,2,3,5,3,3,0.6,1,0,1,478,424,88.7,37,18,49,17,7,41,12,3,25,53,67,32,48,20,14,70,18,18,72,8,2,1,6,15,4,12,24,7,38,9,0,,1,1,,1,-1.71,1,0,125,94,75,54,15,2,63,25,57,43,36,32,0.6
mls_2026,2026-05-13,,New York Red Bulls,Columbus Crew,3,2,Columbus Crew,away,69,12,4,6,6,6,2,1.48,2,2,0,696,607,87.2,56,30,54,17,3,18,30,19,63,59,85,49,58,14,9,64,14,14,71,7,2,3,2,29,5,16,18,10,48,11,0,1,2,2,,0,-0.2,1,0,201,151,75,71,29,4,90,22,75,41,52,37,1.51
mls_2026,2026-05-13,,New York Red Bulls,Columbus Crew,3,2,New York Red Bulls,home,31,13,6,4,10,3,3,2.83,4,3,1,300,222,74.0,54,18,33,7,2,29,13,7,54,41,85,36,42,14,5,36,22,22,45,17,3,2,3,14,10,7,26,10,55,8,0,1,2,2,,1,-0.07,0,1,89,52,58,46,16,0,64,17,69,53,27,30,2.79
mls_2026,2026-05-13,,Orlando City SC,Philadelphia Union,4,3,Orlando City SC,home,54,12,6,5,11,1,1,2.79,7,3,4,498,420,84.3,36,11,31,6,1,17,22,13,59,54,73,42,58,24,10,42,19,19,58,9,1,0,2,16,11,11,35,8,43,10,0,,4,4,,1,-0.27,,0,91,56,62,42,29,2,71,16,83,53,41,31,2.87
mls_2026,2026-05-13,,Orlando City SC,Philadelphia Union,4,3,Philadelphia Union,away,46,26,7,13,20,6,6,1.67,3,2,1,395,329,83.3,43,21,49,23,10,43,10,4,40,46,73,31,42,24,14,58,19,19,58,12,3,1,10,16,6,9,18,18,48,13,2,,2,2,,0,-1.45,,1,157,122,78,50,42,1,66,22,63,37,49,41,1.66
mls_2026,2026-05-14,,FC Dallas,Vancouver Whitecaps,2,3,FC Dallas,home,49,8,3,3,4,4,2,1.35,3,1,2,374,307,82.1,41,21,51,18,3,17,16,9,56,44,71,30,42,20,10,50,9,9,33,17,3,2,6,22,9,11,22,6,42,12,2,1,3,3,0,,-2.5,,1,114,71,62,48,20,3,58,17,65,43,36,40,1.35
mls_2026,2026-05-14,,FC Dallas,Vancouver Whitecaps,2,3,Vancouver Whitecaps,away,51,16,6,7,9,7,3,0.67,1,0,1,400,336,84.0,47,26,55,20,6,30,8,5,63,56,71,41,58,20,10,50,19,19,42,12,4,0,6,15,10,17,33,11,42,6,0,0,1,1,1,,-0.45,,0,154,118,77,54,22,5,61,25,52,38,38,37,0.66
mls_2026,2026-05-14,,Minnesota United,Colorado Rapids,0,1,Colorado Rapids,away,45,5,2,2,2,3,1,0.64,1,1,0,405,314,77.5,54,21,39,6,0,0,19,10,53,47,91,45,49,24,9,38,18,18,50,24,4,0,5,17,6,18,40,15,50,8,0,1,2,2,1,2,0.16,,2,77,43,56,42,15,0,64,21,71,60,26,19,0.62
mls_2026,2026-05-14,,Minnesota United,Colorado Rapids,0,1,Minnesota United,home,55,12,2,8,8,4,2,1.16,4,0,4,481,391,81.3,57,24,42,23,9,39,9,6,67,53,91,46,51,24,15,63,17,17,18,18,5,5,5,22,5,24,19,9,51,15,2,0,1,1,0,1,-0.08,,1,130,88,68,52,25,1,80,21,73,51,42,28,1.17
mls_2026,2026-05-14,,Real Salt Lake,Houston Dynamo,3,0,Houston Dynamo,away,47,15,4,9,6,9,2,1.39,3,0,3,471,416,88.3,36,17,47,2,1,50,18,6,33,48,61,26,43,14,10,71,12,12,50,11,1,2,1,17,10,8,25,9,47,6,1,1,0,0,0,,-1.41,,0,119,99,83,44,10,0,59,18,73,64,33,18,0.87
mls_2026,2026-05-14,,Real Salt Lake,Houston Dynamo,3,0,Real Salt Lake,home,53,9,2,5,3,6,2,0.95,2,2,0,525,471,89.7,40,22,55,16,2,13,13,6,46,52,61,35,57,14,4,29,18,18,61,8,0,4,4,12,13,11,3,7,43,5,1,3,4,4,2,,0.23,,1,117,86,74,56,14,3,81,24,54,45,52,31,0.64
mls_2026,2026-05-14,,San Diego FC,Austin FC,5,0,Austin FC,away,41,9,3,5,6,3,1,0.66,1,0,1,482,416,86.3,53,26,49,12,3,25,11,3,27,50,46,24,52,6,2,33,13,13,46,7,0,3,4,13,13,9,14,10,35,2,0,0,5,5,0,1,-0.8,,2,106,77,73,45,22,1,97,24,84,60,47,16,0.62
mls_2026,2026-05-14,,San Diego FC,Austin FC,5,0,San Diego FC,home,59,22,10,10,14,8,2,2.51,4,2,2,688,637,92.6,42,25,60,14,6,43,11,5,45,50,46,22,48,6,4,67,10,10,60,9,1,2,6,10,6,7,14,9,43,7,0,2,3,3,1,1,0.37,,2,167,140,84,61,36,0,99,28,77,40,55,32,2.54
mls_2026,2026-05-14,,Seattle Sounders FC,San Jose Earthquakes,3,2,San Jose Earthquakes,away,37,11,3,3,10,1,5,1.63,2,1,1,294,214,72.8,47,21,45,17,6,35,13,6,46,40,55,22,40,28,11,39,4,4,75,11,2,1,6,22,9,12,38,10,50,11,0,0,6,6,,2,0.5,0,0,87,59,68,46,21,1,77,19,79,48,53,33,1.18
mls_2026,2026-05-14,,Seattle Sounders FC,San Jose Earthquakes,3,2,Seattle Sounders FC,home,63,23,9,6,19,4,8,3.41,4,2,2,516,437,84.7,43,23,53,20,8,40,9,6,67,60,55,33,60,28,17,61,18,18,50,12,0,1,9,21,6,10,19,8,54,1,1,1,1,1,,0,-0.03,1,1,179,138,77,66,46,3,101,19,85,32,86,49,3.26
mls_2026,2026-05-14,,Sporting Kansas City,LA Galaxy,3,1,LA Galaxy,away,60,18,7,7,11,7,4,1.14,1,0,1,538,464,86.2,42,24,57,18,4,22,19,11,58,61,85,53,62,12,6,50,23,23,48,6,2,2,8,19,8,19,18,9,53,8,0,0,4,4,3,1,-0.65,1,1,207,171,83,60,40,4,93,21,76,44,61,35,1.03
mls_2026,2026-05-14,,Sporting Kansas City,LA Galaxy,3,1,Sporting Kansas City,home,40,15,7,5,11,4,3,2.05,6,3,3,361,288,79.8,45,17,38,12,4,33,22,11,50,39,85,32,38,12,6,50,16,16,63,19,1,3,4,14,8,6,26,13,62,12,0,2,6,6,2,0,1.23,0,0,122,89,73,55,25,2,73,23,70,39,45,38,2.14
mls_2026,2026-05-14,,St.Louis City,Los Angeles FC,2,1,Los Angeles FC,away,62,16,4,5,9,7,7,2.07,3,1,2,661,597,90.3,41,19,46,21,5,24,19,10,53,57,59,36,61,25,12,48,13,13,46,10,3,4,8,21,7,13,7,10,38,4,0,1,0,0,0,0,-0.07,1,,230,188,82,96,35,4,65,25,59,38,48,37,1.68
mls_2026,2026-05-14,,St.Louis City,Los Angeles FC,2,1,St.Louis City,home,38,8,2,6,6,2,0,2.19,4,2,2,406,348,85.7,30,15,50,7,1,14,5,1,20,43,59,23,39,25,13,52,13,13,77,13,3,1,2,12,8,10,38,10,41,9,0,0,3,3,1,1,0.77,0,,61,43,70,28,14,0,53,17,71,65,24,18,1.72
mls_2026,2026-05-16,,CF Montréal,Chicago Fire,0,2,CF Montréal,home,60,15,5,5,9,6,5,0.96,2,0,2,453,366,80.8,55,27,49,36,9,25,20,10,50,50,79,38,48,30,16,53,18,18,56,14,4,5,16,25,10,13,18,4,36,9,0,,2,2,0,1,-0.43,,1,178,121,68,76,42,5,85,31,66,32,52,37,0.92
mls_2026,2026-05-16,,CF Montréal,Chicago Fire,0,2,Chicago Fire,away,40,11,4,5,10,1,2,1.08,2,1,1,318,253,79.6,44,25,57,13,2,15,20,9,45,50,79,41,52,30,14,47,19,19,79,13,3,2,3,17,9,14,48,10,43,7,0,,5,5,1,3,1.03,,1,75,50,67,34,18,1,58,22,68,56,28,22,1.09
mls_2026,2026-05-16,,Charlotte FC,Toronto FC,3,1,Charlotte FC,home,46,18,6,8,13,5,4,2.14,3,1,2,422,370,87.7,36,21,58,15,4,27,13,8,62,61,58,36,62,26,15,58,17,17,59,8,2,2,7,14,5,12,26,6,42,9,2,1,3,3,0,0,-0.11,,0,124,94,76,59,28,2,74,17,61,43,53,40,2.12
mls_2026,2026-05-16,,Charlotte FC,Toronto FC,3,1,Toronto FC,away,54,13,4,5,7,6,4,1.2,3,0,3,498,437,87.8,49,25,51,16,5,31,7,2,29,39,58,22,38,26,11,42,14,14,64,13,2,1,3,18,12,8,12,14,37,12,0,0,3,3,1,1,-0.76,,1,134,106,79,59,27,4,86,20,79,47,53,33,0.88
mls_2026,2026-05-16,,DC United,St.Louis City,1,1,DC United,home,43,16,5,8,9,7,3,1.0,1,,1,301,234,77.7,43,19,44,26,4,15,13,4,31,44,65,31,48,39,15,38,16,16,56,17,3,2,5,20,5,11,18,10,47,7,0,1,2,2,0,1,0.17,1,,119,77,65,50,29,2,71,29,51,32,45,39,0.8
mls_2026,2026-05-16,,DC United,St.Louis City,1,1,St.Louis City,away,57,15,3,4,11,4,8,0.94,1,,1,417,354,84.9,42,21,50,12,8,67,12,3,25,56,65,34,52,39,24,62,16,16,69,11,5,0,8,13,11,17,47,6,41,7,0,0,4,4,1,1,-0.02,0,,109,68,62,48,28,3,64,25,65,54,27,21,1.12
mls_2026,2026-05-16,,New England Revolution,Minnesota United,2,1,Minnesota United,away,54,12,6,4,9,3,2,1.81,3,1,2,436,368,84.4,42,20,48,31,7,23,16,9,56,51,64,32,50,36,19,53,12,12,58,12,1,2,11,21,4,10,16,6,47,5,0,,3,3,,0,0.89,,,136,101,74,45,34,2,84,20,71,37,55,43,1.71
mls_2026,2026-05-16,,New England Revolution,Minnesota United,2,1,New England Revolution,home,46,11,5,3,8,3,3,1.75,2,1,1,374,309,82.6,56,27,48,13,5,38,14,9,64,49,64,32,50,36,17,47,12,12,58,11,2,2,8,12,11,11,36,10,44,7,0,,5,5,,1,1.2,,,105,76,72,37,28,4,79,23,79,46,39,31,1.75
mls_2026,2026-05-16,,New York Red Bulls,New York City FC,1,1,New York City FC,away,57,14,5,5,10,4,4,1.73,3,1,2,476,397,83.4,64,32,50,7,2,29,23,12,52,58,70,41,59,19,11,58,13,13,77,10,3,3,3,19,10,16,31,4,44,2,2,1,4,4,0,,1.05,,0,98,64,65,57,14,2,61,20,66,57,27,23,1.47
mls_2026,2026-05-16,,New York Red Bulls,New York City FC,1,1,New York Red Bulls,home,43,12,5,3,11,1,4,2.41,3,1,2,346,282,81.5,42,18,43,26,4,15,13,7,54,42,70,29,41,19,8,42,13,13,54,16,4,0,9,20,6,10,10,7,37,7,1,0,3,3,1,,0.45,,1,112,81,72,42,26,4,76,39,59,25,41,36,2.33
mls_2026,2026-05-16,,Orlando City SC,Atlanta United,1,1,Atlanta United,away,55,21,6,8,6,15,7,1.4,2,0,2,479,421,87.9,31,21,68,28,3,11,9,3,33,56,61,33,54,20,12,60,23,23,52,12,1,1,10,23,2,8,19,9,42,2,0,0,2,2,1,2,0.21,,,143,111,78,53,22,3,89,25,69,37,57,38,1.5
mls_2026,2026-05-16,,Orlando City SC,Atlanta United,1,1,Orlando City SC,home,45,7,3,2,5,2,2,1.11,3,1,2,411,348,84.7,32,15,47,9,1,0,18,8,44,44,61,28,46,20,8,40,8,8,88,8,2,4,4,17,12,12,22,8,41,13,0,1,5,5,2,0,0.37,,,118,85,72,43,20,1,69,33,56,38,46,29,1.19
mls_2026,2026-05-16,,Philadelphia Union,Columbus Crew,1,1,Columbus Crew,away,62,5,1,3,2,3,1,0.41,1,0,1,530,439,82.8,44,15,34,14,2,14,24,13,54,54,94,51,54,18,10,56,25,25,60,12,1,2,4,31,8,14,23,7,47,12,0,2,4,4,1,,0.27,,1,89,55,62,38,13,1,85,18,110,64,35,18,0.42
mls_2026,2026-05-16,,Philadelphia Union,Columbus Crew,1,1,Philadelphia Union,home,38,12,5,4,4,8,3,1.09,1,1,0,317,224,70.7,39,17,44,13,3,23,15,9,60,46,94,43,46,18,8,44,23,23,52,14,3,0,4,21,5,12,16,11,51,19,0,1,0,0,0,,-0.23,,0,114,65,57,55,27,3,70,27,70,42,46,31,0.92
mls_2026,2026-05-17,,Austin FC,Sporting Kansas City,1,2,Austin FC,home,46,8,3,4,3,5,1,0.37,0,,0,372,314,84.4,49,22,45,8,3,38,15,5,33,49,78,37,47,28,15,54,12,12,75,13,4,0,3,12,9,21,32,11,44,10,0,0,6,6,1,,0.35,,4,85,60,71,39,13,1,53,27,59,54,24,19,0.44
mls_2026,2026-05-17,,Austin FC,Sporting Kansas City,1,2,Sporting Kansas City,away,54,20,8,5,13,7,7,1.52,2,,2,423,347,82.0,43,19,44,24,5,21,14,9,64,51,78,41,53,28,13,46,20,20,60,21,3,1,7,20,10,13,15,6,47,7,0,1,2,2,0,,-0.09,,1,140,98,70,54,30,4,85,27,62,38,41,35,1.42
mls_2026,2026-05-17,,Houston Dynamo,Vancouver Whitecaps,1,0,Houston Dynamo,home,53,14,7,5,10,4,2,1.15,1,,1,499,445,89.2,45,30,67,11,6,55,18,11,61,54,80,44,55,13,6,46,22,22,45,16,1,1,4,12,10,13,18,11,42,10,0,,3,3,1,,0.67,,0,157,131,83,51,23,2,74,17,73,58,46,25,1.0
mls_2026,2026-05-17,,Houston Dynamo,Vancouver Whitecaps,1,0,Vancouver Whitecaps,away,47,9,3,4,2,7,2,0.67,1,,1,437,386,88.3,40,27,68,16,1,6,18,4,22,46,80,36,45,13,7,54,17,17,53,13,4,2,3,13,6,16,21,4,41,8,1,,6,6,1,,0.61,,1,181,151,83,61,13,3,89,40,57,37,57,23,0.55
mls_2026,2026-05-17,,Inter Miami CF,Portland Timbers,2,0,Inter Miami CF,home,45,22,9,7,14,8,6,4.0,7,2,5,418,344,82.3,43,16,37,12,4,33,13,4,31,46,67,32,48,17,7,41,19,19,47,15,2,2,8,16,7,10,11,9,47,4,0,3,4,4,0,,0.34,,,123,87,71,40,30,2,62,18,61,48,37,34,3.05
mls_2026,2026-05-17,,Inter Miami CF,Portland Timbers,2,0,Portland Timbers,away,55,16,4,5,11,5,7,1.09,0,0,0,507,453,89.3,21,13,62,20,3,15,15,7,47,54,67,35,52,17,10,59,13,13,46,10,2,2,5,9,8,15,14,7,51,11,0,1,7,7,1,,1.19,,,139,113,81,43,21,4,68,25,63,43,42,32,0.82
mls_2026,2026-05-17,,Real Salt Lake,Colorado Rapids,2,1,Colorado Rapids,away,52,8,4,4,6,2,0,0.44,1,1,1,439,377,85.9,59,34,58,14,2,14,21,8,38,53,67,34,51,22,13,59,9,9,67,8,3,2,6,17,8,18,16,12,50,8,0,0,6,6,1,1,0.13,1,1,52,32,62,28,14,0,71,17,84,66,32,17,0.39
mls_2026,2026-05-17,,Real Salt Lake,Colorado Rapids,2,1,Real Salt Lake,home,48,17,8,5,16,1,4,1.55,3,1,2,406,334,82.3,58,29,50,14,5,36,9,4,44,47,67,33,49,22,9,41,21,21,86,18,2,5,2,30,6,8,14,8,48,4,0,1,3,3,0,1,-0.01,0,0,104,73,70,45,27,3,82,19,73,51,41,30,1.39
mls_2026,2026-05-17,,San Diego FC,FC Cincinnati,3,3,FC Cincinnati,away,37,8,6,1,6,2,1,2.25,4,3,1,428,359,83.9,53,26,49,2,2,100,17,5,29,49,61,30,49,26,13,50,18,18,50,9,3,0,2,14,11,8,29,8,43,6,0,0,2,2,2,,-0.1,,2,45,26,58,30,13,1,67,20,74,63,19,17,1.41
mls_2026,2026-05-17,,San Diego FC,FC Cincinnati,3,3,San Diego FC,home,63,16,5,7,10,6,4,1.87,2,1,1,715,646,90.3,40,24,60,31,8,26,8,4,50,51,61,31,51,26,13,50,18,18,61,8,1,1,7,25,1,9,12,3,51,14,0,2,3,3,2,,-0.32,,0,241,203,84,82,36,3,89,40,61,32,48,28,1.78
mls_2026,2026-05-17,,San Jose Earthquakes,FC Dallas,2,3,FC Dallas,away,45,16,9,2,15,1,5,2.75,6,2,4,339,254,74.9,53,21,40,12,3,25,12,4,33,44,68,29,43,34,16,47,16,16,81,17,3,3,4,20,11,9,41,8,44,12,0,1,5,5,1,0,0.77,,,106,67,63,44,41,2,65,40,64,37,32,23,2.42
mls_2026,2026-05-17,,San Jose Earthquakes,FC Dallas,2,3,San Jose Earthquakes,home,55,16,7,6,11,5,3,1.96,3,1,2,388,312,80.4,39,14,36,38,6,16,8,3,38,56,68,39,57,34,18,53,20,20,40,9,3,0,12,29,3,16,25,9,44,11,0,0,6,6,1,1,0.95,,,105,76,72,41,30,5,59,26,65,36,42,38,2.15
mls_2026,2026-05-17,,Seattle Sounders FC,LA Galaxy,0,2,LA Galaxy,away,42,9,2,5,8,1,2,2.24,3,2,1,469,384,81.9,64,30,47,3,1,33,15,7,47,44,62,27,44,20,9,45,17,17,82,13,4,2,1,16,12,3,34,7,50,7,1,1,5,5,1,2,1.53,0,1,121,99,82,40,18,0,81,19,82,53,37,28,2.19
mls_2026,2026-05-17,,Seattle Sounders FC,LA Galaxy,0,2,Seattle Sounders FC,home,58,15,5,6,9,6,4,1.53,2,0,2,626,544,86.9,37,20,54,26,6,23,13,7,54,56,62,35,56,20,11,55,15,15,67,3,1,2,5,20,5,13,5,9,48,11,0,0,0,0,0,0,-0.11,1,0,212,156,74,85,32,5,87,28,62,31,68,41,1.45
mls_2026,2026-05-18,,Nashville SC,Los Angeles FC,3,2,Los Angeles FC,away,47,21,9,5,15,6,7,2.14,3,1,2,502,445,88.6,41,22,54,16,7,44,28,16,57,47,72,35,49,15,6,40,8,8,50,10,2,,11,26,1,11,10,8,39,7,0,,1,1,0,0,-1.81,,1,170,127,75,68,40,1,97,27,78,34,60,39,2.05
mls_2026,2026-05-18,,Nashville SC,Los Angeles FC,3,2,Nashville SC,home,53,7,4,1,3,4,2,0.63,1,1,0,557,497,89.2,35,18,51,12,3,25,11,8,73,53,72,37,51,15,9,60,19,19,79,11,3,,3,14,9,10,25,6,45,5,0,,7,7,1,2,0.68,,3,120,99,83,45,12,3,91,25,86,44,45,31,0.77
mls_2026,2026-05-23,,Charlotte FC,New England Revolution,1,0,Charlotte FC,home,39,12,6,4,8,4,2,2.02,2,,2,369,306,82.9,67,41,61,7,1,14,12,7,58,52,47,24,51,19,10,53,4,4,50,9,2,0,3,15,14,13,16,2,31,6,0,,3,3,2,0,0.74,,,122,96,79,52,26,3,71,20,76,57,32,23,1.75
mls_2026,2026-05-23,,Charlotte FC,New England Revolution,1,0,New England Revolution,away,61,13,3,8,7,6,2,0.73,0,,0,559,513,91.8,35,18,51,22,5,23,5,3,60,48,47,23,49,19,9,47,11,11,45,13,4,3,4,9,9,9,14,9,40,2,0,,5,5,0,1,0.91,,,180,156,87,58,26,4,81,24,72,43,51,33,0.74
mls_2026,2026-05-23,,DC United,CF Montréal,4,4,CF Montréal,away,56,22,8,7,16,6,7,2.81,5,3,2,432,337,78.0,61,26,43,18,8,44,18,9,50,51,69,38,55,47,21,45,14,14,64,16,5,3,4,16,6,18,23,9,40,6,0,,6,6,2,2,-0.53,0,0,107,70,65,59,29,3,67,16,67,43,38,41,3.0
mls_2026,2026-05-23,,DC United,CF Montréal,4,4,DC United,home,44,18,10,3,12,6,5,2.61,4,3,1,329,232,70.5,76,27,36,20,6,30,6,1,17,49,69,31,45,47,26,55,15,15,67,19,2,0,6,25,7,15,32,4,40,9,0,,4,4,2,0,-0.69,1,2,126,78,62,62,29,2,76,31,76,44,32,25,2.63
mls_2026,2026-05-23,,FC Cincinnati,Orlando City SC,6,2,FC Cincinnati,home,55,21,11,6,17,4,4,3.58,4,3,1,500,457,91.4,43,35,81,15,9,60,22,9,41,48,88,41,47,20,11,55,19,19,53,17,2,0,6,9,7,13,33,7,49,10,1,2,7,7,3,,0.54,,3,95,78,82,26,34,1,79,27,68,41,33,32,3.29
mls_2026,2026-05-23,,FC Cincinnati,Orlando City SC,6,2,Orlando City SC,away,45,19,9,6,15,4,4,2.15,3,1,2,397,334,84.1,36,16,44,24,7,29,18,8,44,52,88,47,53,20,9,45,23,23,52,13,3,1,9,17,6,16,7,11,46,9,1,0,5,5,0,,-0.12,,0,108,74,69,54,31,3,50,22,63,42,35,36,2.52
mls_2026,2026-05-23,,Minnesota United,Real Salt Lake,1,1,Minnesota United,home,57,11,1,7,4,7,3,0.94,2,1,1,457,363,79.4,58,31,53,22,10,45,16,6,38,49,66,31,47,41,21,51,14,14,71,6,0,7,6,31,9,11,15,12,56,13,0,,,,,,-0.52,,,135,94,70,46,28,1,85,27,72,38,51,35,0.86
mls_2026,2026-05-23,,Minnesota United,Real Salt Lake,1,1,Real Salt Lake,away,43,8,1,4,4,4,3,0.33,0,0,0,349,261,74.8,56,20,36,10,1,10,10,6,60,51,66,35,53,41,20,49,23,23,61,11,2,0,3,19,13,6,41,13,48,10,0,,,,,,-0.53,,,92,51,55,56,12,0,69,24,80,56,33,20,0.33
mls_2026,2026-05-23,,St.Louis City,Austin FC,3,0,Austin FC,away,53,8,2,3,6,2,3,0.33,0,0,,523,450,86.0,45,29,64,12,3,25,12,4,33,44,54,24,44,23,10,43,4,4,75,9,1,1,2,15,8,19,19,9,42,9,0,1,4,4,1,0,-1.51,,1,171,128,75,69,25,1,85,32,81,47,42,21,0.33
mls_2026,2026-05-23,,St.Louis City,Austin FC,3,0,St.Louis City,home,47,16,6,6,7,9,4,1.04,1,1,,458,386,84.3,39,20,51,10,1,10,5,4,80,56,54,30,56,23,13,57,17,17,71,19,1,0,2,15,5,9,30,12,50,3,1,0,2,2,0,2,0.1,,0,133,96,72,62,16,2,83,25,67,48,41,27,1.04
mls_2026,2026-05-24,,Chicago Fire,Toronto FC,2,1,Chicago Fire,home,53,15,6,4,7,8,5,1.6,2,2,0,501,429,85.6,41,13,32,9,4,44,15,3,20,46,73,34,47,11,5,45,19,19,53,12,4,,3,21,12,12,20,7,40,6,0,0,3,3,0,0,-0.36,1,,116,72,62,49,30,1,41,18,57,52,35,30,1.77
mls_2026,2026-05-24,,Chicago Fire,Toronto FC,2,1,Toronto FC,away,47,11,4,6,9,2,1,1.42,2,0,2,431,374,86.8,44,22,50,17,4,24,18,10,56,54,73,39,53,11,6,55,18,18,72,12,4,,4,10,8,12,19,13,44,11,0,2,4,4,3,1,0.54,0,,87,59,68,46,20,1,47,31,48,47,38,22,1.4
mls_2026,2026-05-24,,Colorado Rapids,FC Dallas,1,2,Colorado Rapids,home,66,17,5,7,11,6,5,1.6,2,1,1,543,479,88.2,31,15,48,34,13,38,22,11,50,59,63,34,54,24,17,71,10,10,70,11,3,1,5,19,5,13,12,4,47,4,0,0,0,0,,,-0.26,,0,135,101,75,63,28,3,81,24,59,38,47,38,1.36
mls_2026,2026-05-24,,Colorado Rapids,FC Dallas,1,2,FC Dallas,away,34,5,2,3,3,2,0,1.76,2,2,0,295,225,76.3,53,18,34,5,0,0,6,3,50,41,63,29,46,24,7,29,15,15,87,13,3,2,3,14,16,9,38,8,39,7,0,2,4,4,,,-0.17,,2,57,33,58,44,8,2,57,19,69,59,23,22,1.7
mls_2026,2026-05-24,,Columbus Crew,Atlanta United,2,0,Atlanta United,away,42,16,2,5,10,6,9,1.14,0,0,0,456,397,87.1,47,29,62,17,4,24,9,7,78,53,58,31,53,14,7,50,15,15,47,13,3,2,3,14,6,9,14,7,45,3,0,,2,2,1,,-0.11,,0,96,67,70,46,18,3,86,31,80,44,48,25,1.46
mls_2026,2026-05-24,,Columbus Crew,Atlanta United,2,0,Columbus Crew,home,58,10,4,6,9,1,0,2.06,3,1,2,646,591,91.5,31,20,65,7,2,29,17,9,53,47,58,27,47,14,7,50,5,5,80,9,3,1,2,15,7,13,19,3,49,7,1,,2,2,0,,0.09,,2,134,115,86,48,20,3,95,32,89,45,47,23,1.69
mls_2026,2026-05-24,,Inter Miami CF,Philadelphia Union,6,4,Inter Miami CF,home,64,17,10,5,16,1,2,5.51,8,6,2,531,450,84.7,41,17,41,7,1,14,13,6,46,46,57,27,47,21,9,43,7,7,71,18,6,2,4,8,6,16,23,13,54,3,2,2,6,6,1,,1.02,0,0,106,67,63,49,28,4,73,20,83,49,29,31,5.15
mls_2026,2026-05-24,,Inter Miami CF,Philadelphia Union,6,4,Philadelphia Union,away,36,21,10,7,14,7,4,3.95,7,4,3,295,215,72.9,45,11,24,15,5,33,10,5,50,54,57,30,53,21,12,57,10,10,80,16,3,3,2,13,6,16,14,13,56,2,1,0,4,4,0,,-0.21,2,1,106,64,60,50,32,6,68,22,58,35,38,43,4.05
mls_2026,2026-05-24,,LA Galaxy,Houston Dynamo,1,1,Houston Dynamo,away,45,10,5,4,5,5,1,0.81,1,0,1,504,450,89.3,30,17,57,8,1,13,13,6,46,49,57,29,51,6,2,33,17,17,53,9,3,,2,16,7,6,16,7,38,7,0,1,5,5,2,,1.21,1,3,131,104,79,45,13,0,71,26,71,51,31,23,0.91
mls_2026,2026-05-24,,LA Galaxy,Houston Dynamo,1,1,LA Galaxy,home,55,18,6,4,11,7,8,2.59,6,1,5,627,570,90.9,43,27,63,9,4,44,17,6,35,51,57,28,49,6,4,67,14,14,71,6,1,,9,6,6,9,12,10,42,6,1,0,3,3,1,,-0.01,0,0,169,138,82,61,30,1,85,28,62,40,46,32,2.27
mls_2026,2026-05-24,,Nashville SC,New York City FC,2,1,Nashville SC,home,48,12,6,3,7,5,3,0.93,3,2,1,449,395,88.0,51,27,53,11,3,27,13,6,46,48,56,28,50,11,4,36,10,10,50,11,2,2,6,23,5,12,15,11,28,7,0,,3,3,,,1.03,,0,111,84,76,52,16,2,59,25,56,42,42,33,0.75
mls_2026,2026-05-24,,Nashville SC,New York City FC,2,1,New York City FC,away,52,7,4,2,5,2,1,1.49,2,1,1,494,428,86.6,39,16,41,9,2,22,9,4,44,52,56,28,50,11,7,64,14,14,79,12,1,0,3,17,4,10,12,6,34,5,0,,4,4,,,-1.47,,1,114,81,71,55,18,2,63,25,64,45,32,30,1.36
mls_2026,2026-05-24,,Portland Timbers,San Jose Earthquakes,1,3,Portland Timbers,home,65,15,7,6,11,4,2,2.02,5,1,4,588,518,88.1,37,25,68,26,5,19,8,2,25,64,72,39,54,32,28,88,25,25,60,10,1,7,4,22,3,14,27,13,60,12,0,3,3,3,2,,-1.1,1,,167,138,83,60,30,2,112,26,97,42,65,32,1.71
mls_2026,2026-05-24,,Portland Timbers,San Jose Earthquakes,1,3,San Jose Earthquakes,away,35,7,6,0,6,1,1,0.7,3,1,2,318,235,73.9,56,22,39,17,2,12,17,5,29,36,72,33,46,32,4,13,18,18,72,14,4,1,6,13,14,10,25,13,57,13,0,1,6,6,0,,0.93,0,,102,53,52,57,20,1,85,21,91,48,50,31,0.87
mls_2026,2026-05-24,,San Diego FC,Vancouver Whitecaps,2,4,San Diego FC,home,53,11,3,6,8,3,2,0.86,2,1,1,583,503,86.3,46,17,37,6,1,17,8,3,38,51,71,37,52,6,2,33,20,20,50,14,3,2,2,14,8,15,19,6,64,8,0,0,7,7,1,,0.63,1,1,81,44,54,46,13,1,82,24,91,62,28,14,0.74
mls_2026,2026-05-24,,San Diego FC,Vancouver Whitecaps,2,4,Vancouver Whitecaps,away,47,21,12,4,14,7,5,4.67,8,4,4,516,453,87.8,42,28,67,17,5,29,18,8,44,49,71,34,48,6,4,67,13,13,69,15,3,2,4,16,8,14,12,10,65,10,0,3,1,1,0,,-1.36,1,3,143,110,77,38,38,3,98,28,78,41,53,31,4.56
mls_2026,2026-05-24,,Sporting Kansas City,New York Red Bulls,1,2,New York Red Bulls,away,39,10,4,3,8,2,3,1.1,2,2,0,328,222,67.7,52,15,29,2,1,50,17,10,59,49,68,30,44,28,17,61,15,15,53,15,2,1,1,32,4,5,26,9,65,10,0,1,7,7,1,2,0.85,,0,116,71,61,66,17,1,71,24,77,57,40,19,0.88
mls_2026,2026-05-24,,Sporting Kansas City,New York Red Bulls,1,2,Sporting Kansas City,home,61,15,8,4,12,3,3,2.17,4,1,3,511,406,79.5,77,41,53,21,5,24,16,8,50,51,68,38,56,28,11,39,17,17,59,5,1,6,6,20,5,15,10,21,63,7,0,3,2,2,0,0,-0.44,,1,151,105,70,72,28,4,77,28,75,41,55,31,1.69
mls_2026,2026-05-25,,Los Angeles FC,Seattle Sounders FC,1,0,Los Angeles FC,home,49,17,3,9,10,7,5,2.01,4,1,3,516,458,88.8,36,20,56,17,4,24,24,14,58,49,70,35,50,10,4,40,11,11,45,11,,0,7,18,3,10,19,12,49,10,0,0,4,4,0,,0.9,,,166,130,78,66,18,1,97,27,65,28,55,45,2.01
mls_2026,2026-05-25,,Los Angeles FC,Seattle Sounders FC,1,0,Seattle Sounders FC,away,51,10,4,3,6,4,3,1.59,3,0,3,551,481,87.3,34,19,56,15,3,20,8,4,50,51,70,35,50,10,6,60,20,20,65,10,,3,5,12,9,11,18,13,37,7,1,1,2,2,1,,0.68,,,159,125,79,66,17,1,88,32,77,38,43,30,1.59
mls_2026,2026-07-16,,CF Montréal,Toronto FC,0,0,CF Montréal,home,50,14,3,3,8,6,8,0.8,,,,458,371,81.0,48,21,44,22,2,9,12,8,67,46,56,27,48,24,10,42,11,11,64,13,1,3,9,20,7,8,16,3,50,5,0,0,0,0,,0,0.0,,,119,82,69,52,24,1,69,25,62,43,35,32,0.94
mls_2026,2026-07-16,,CF Montréal,Toronto FC,0,0,Toronto FC,away,50,8,0,5,5,3,3,0.38,,,,463,375,81.0,54,26,48,13,5,38,13,7,54,54,56,29,52,24,14,58,9,9,56,8,1,1,3,25,8,13,21,11,47,5,0,1,3,3,,2,0.37,,,88,54,61,40,22,0,79,29,77,49,33,22,0.44
mls_2026,2026-07-17,,Seattle Sounders FC,Portland Timbers,1,5,Portland Timbers,away,52,20,10,8,14,6,2,2.64,8,5,3,509,442,86.8,55,32,58,15,3,20,19,12,63,65,58,31,53,31,27,87,12,12,33,7,0,1,8,18,6,7,33,8,41,6,1,1,4,4,2,,0.7,,1,133,100,75,62,34,3,83,28,73,38,42,34,2.31
mls_2026,2026-07-17,,Seattle Sounders FC,Portland Timbers,1,5,Seattle Sounders FC,home,48,10,6,2,7,3,2,0.66,1,0,1,456,395,86.6,40,17,43,22,5,23,13,7,54,35,58,27,47,31,4,13,13,13,69,7,2,2,2,11,8,7,26,11,38,6,0,0,5,5,0,,-1.29,,0,147,110,75,59,28,3,75,36,51,32,39,32,0.53
mls_2026,2026-07-17,,St.Louis City,Sporting Kansas City,3,2,Sporting Kansas City,away,47,12,3,4,7,5,5,1.02,1,1,0,417,338,81.1,45,20,44,14,4,29,17,11,65,56,72,45,63,30,12,40,19,19,58,11,1,0,6,23,9,15,19,7,40,9,0,,2,2,1,,0.39,1,2,143,101,71,60,24,2,68,25,62,48,30,27,0.98
mls_2026,2026-07-17,,St.Louis City,Sporting Kansas City,3,2,St.Louis City,home,53,20,5,9,14,6,6,2.4,4,3,1,484,416,86.0,42,19,45,13,3,23,9,2,22,44,72,27,38,30,18,60,15,15,60,15,2,1,5,25,5,10,21,10,46,12,1,,1,1,0,,-0.54,1,1,139,111,80,45,31,3,72,17,58,41,42,42,2.6
mls_2026,2026-07-18,,LA Galaxy,Los Angeles FC,0,3,LA Galaxy,home,59,10,2,4,8,2,4,1.0,0,0,,590,534,90.5,26,13,50,23,4,17,9,1,11,41,63,28,44,16,4,25,18,18,72,13,3,,9,18,3,11,10,7,38,7,0,,2,2,2,,-0.74,1,,226,187,83,64,32,5,120,32,74,31,64,37,0.8
mls_2026,2026-07-18,,LA Galaxy,Los Angeles FC,0,3,Los Angeles FC,away,41,13,5,5,8,5,3,2.29,2,2,,415,373,89.9,37,21,57,6,2,33,17,8,47,59,63,35,56,16,12,75,15,15,47,11,0,,3,15,9,12,36,3,34,9,0,,2,2,0,,0.26,0,,74,63,85,35,17,3,75,27,93,49,37,24,1.96
mls_2026,2026-07-18,,Nashville SC,Atlanta United,1,0,Atlanta United,away,52,12,5,2,9,3,5,1.62,1,,1,480,415,86.5,47,19,40,9,2,22,11,6,55,48,65,31,48,19,9,47,17,17,65,13,1,0,2,17,3,10,16,10,43,12,0,2,2,2,1,1,-0.06,,,136,104,76,54,26,2,86,22,76,45,48,33,1.66
mls_2026,2026-07-18,,Nashville SC,Atlanta United,1,0,Nashville SC,home,48,8,3,4,4,4,1,0.62,1,,0,434,371,85.5,40,22,55,13,3,23,15,4,27,52,65,34,52,19,10,53,17,17,65,10,1,1,4,19,4,13,23,7,45,6,0,0,5,5,0,0,1.34,,,88,62,70,41,9,4,73,23,65,40,47,37,0.57
mls_2026,2026-07-22,,Columbus Crew,New York City FC,1,2,Columbus Crew,home,59,11,4,6,5,6,1,1.65,3,1,2,584,519,88.9,34,17,50,11,2,18,22,12,55,47,93,44,47,16,7,44,23,23,61,7,3,,3,26,5,10,8,7,52,26,0,,3,3,0,,0.35,1,0,142,107,75,50,22,2,80,25,72,41,41,34,1.67
mls_2026,2026-07-22,,Columbus Crew,New York City FC,1,2,New York City FC,away,41,8,5,2,7,1,1,1.45,2,2,0,407,341,83.8,55,26,47,8,4,50,16,6,38,53,93,49,53,16,9,56,36,36,69,11,2,,0,15,10,6,17,12,56,13,1,,3,3,1,,0.19,0,1,64,38,59,33,19,5,79,22,75,50,31,28,1.41
mls_2026,2026-07-22,,FC Cincinnati,Vancouver Whitecaps,4,3,FC Cincinnati,home,37,10,6,1,7,3,3,1.52,3,2,1,392,330,84.2,53,26,49,1,1,100,13,8,62,53,73,38,52,26,14,54,18,18,83,12,1,0,1,9,12,13,41,11,37,13,0,1,3,3,2,0,-0.63,,0,57,29,51,27,21,1,47,17,55,57,16,26,1.56
mls_2026,2026-07-22,,FC Cincinnati,Vancouver Whitecaps,4,3,Vancouver Whitecaps,away,63,19,6,7,16,3,6,1.8,2,0,2,631,566,89.7,32,15,47,29,10,34,9,6,67,47,73,35,48,26,12,46,18,18,67,13,5,3,3,17,0,12,12,11,53,15,1,0,2,2,0,1,-1.94,,1,216,176,81,78,35,2,80,39,59,31,41,30,1.83
mls_2026,2026-07-22,,Inter Miami CF,Chicago Fire,3,2,Chicago Fire,away,47,15,4,9,12,3,2,1.84,3,0,3,458,382,83.4,30,10,33,11,4,36,11,8,73,52,62,29,47,29,18,62,14,14,29,16,1,3,4,15,6,8,33,13,45,10,0,0,4,4,1,0,-0.16,,,118,80,68,45,37,1,56,29,55,50,36,21,1.9
mls_2026,2026-07-22,,Inter Miami CF,Chicago Fire,3,2,Inter Miami CF,home,53,14,7,5,7,7,2,2.29,6,3,3,507,437,86.2,43,26,60,18,1,6,10,5,50,48,62,33,53,29,11,38,13,13,69,8,1,1,8,12,7,15,20,13,43,9,0,1,3,3,0,2,-0.49,,,145,109,75,50,28,2,81,28,68,47,42,25,2.21
mls_2026,2026-07-22,,New England Revolution,Toronto FC,0,0,New England Revolution,home,64,11,3,6,6,5,2,1.04,2,,2,535,485,90.7,34,23,68,19,4,21,13,3,23,45,50,23,46,21,9,43,8,8,63,10,2,3,7,6,8,13,24,6,40,5,2,,1,1,0,2,0.8,,2,158,128,81,57,24,2,101,24,81,48,62,28,0.93
mls_2026,2026-07-22,,New England Revolution,Toronto FC,0,0,Toronto FC,away,36,13,1,6,9,4,6,1.41,1,,1,302,233,77.2,39,11,28,17,6,35,7,4,57,55,50,27,54,21,12,57,15,15,80,13,0,1,9,12,8,10,19,7,45,5,2,,3,3,1,1,1.34,,0,92,59,64,50,19,0,78,21,75,54,37,25,1.23
mls_2026,2026-07-22,,Philadelphia Union,New York Red Bulls,3,1,New York Red Bulls,away,63,9,4,3,6,3,2,0.79,2,1,1,517,431,83.4,44,15,34,14,2,14,9,5,56,44,57,23,40,29,15,52,7,7,71,10,3,0,6,17,11,13,35,8,58,9,0,1,6,6,3,0,0.21,1,2,122,81,66,52,19,3,63,24,72,58,30,18,0.81
mls_2026,2026-07-22,,Philadelphia Union,New York Red Bulls,3,1,Philadelphia Union,home,37,24,9,11,16,8,4,3.25,7,2,5,286,197,68.9,62,26,42,23,10,43,14,12,86,56,57,34,60,29,14,48,13,13,62,13,0,1,8,23,4,10,17,17,62,5,2,1,3,3,1,1,-0.38,0,1,150,94,63,72,29,2,64,26,59,39,41,35,3.14
mls_2026,2026-07-23,,Austin FC,Seattle Sounders FC,3,1,Austin FC,home,52,10,6,4,7,3,0,1.08,4,3,1,417,365,87.5,44,25,57,13,3,23,5,2,40,53,38,21,55,20,10,50,8,8,100,5,2,1,4,24,4,12,12,3,33,7,0,1,2,2,,,0.1,,1,87,63,72,30,20,4,98,28,84,43,43,29,1.15
mls_2026,2026-07-23,,Austin FC,Seattle Sounders FC,3,1,Seattle Sounders FC,away,48,10,3,3,5,5,4,1.44,1,1,0,385,340,88.3,30,13,43,5,1,0,9,2,22,47,38,17,45,20,10,50,10,10,50,12,2,2,4,11,6,5,26,6,36,1,1,0,3,3,,,-0.49,,2,130,109,84,49,22,0,91,24,73,46,51,30,1.39
mls_2026,2026-07-23,,Charlotte FC,Atlanta United,2,2,Atlanta United,away,49,12,6,6,10,2,0,1.6,4,1,3,477,425,89.1,44,26,59,15,4,27,7,4,57,43,45,23,51,22,6,27,16,16,56,9,3,2,3,13,11,3,25,7,40,6,0,2,7,7,1,1,1.05,,,110,90,82,40,21,1,103,16,93,61,52,23,1.63
mls_2026,2026-07-23,,Charlotte FC,Atlanta United,2,2,Charlotte FC,home,51,24,9,11,18,6,4,3.07,4,2,2,486,441,90.7,34,23,68,25,9,36,15,6,40,57,45,22,49,22,16,73,9,9,67,3,1,1,6,18,7,9,12,5,40,7,0,0,4,4,1,1,-0.15,,,149,126,85,43,36,3,97,20,72,38,67,42,2.93
mls_2026,2026-07-23,,Colorado Rapids,San Diego FC,1,0,Colorado Rapids,home,52,9,1,4,5,4,4,0.41,0,,0,461,410,88.9,31,22,71,21,3,14,12,7,58,32,58,20,34,10,2,20,6,6,83,17,4,4,5,22,8,7,13,5,35,12,0,,2,2,1,1,1.34,,0,115,83,72,47,19,1,72,25,63,50,44,25,0.5
mls_2026,2026-07-23,,Colorado Rapids,San Diego FC,1,0,San Diego FC,away,48,6,2,1,4,2,3,1.17,2,,2,430,370,86.0,46,20,43,9,1,0,6,5,83,68,58,38,66,10,8,80,17,17,59,7,3,0,3,10,5,17,20,12,44,5,0,,1,1,0,1,-0.28,,1,67,41,61,38,6,0,57,16,57,67,25,17,0.84
mls_2026,2026-07-23,,Houston Dynamo,DC United,1,1,DC United,away,36,7,1,3,3,4,3,0.86,1,1,0,306,258,84.3,33,12,36,14,2,14,5,2,40,39,46,20,43,23,7,30,11,11,36,15,4,1,3,11,10,8,28,9,30,2,0,,4,4,,0,-0.28,,,89,64,72,32,11,0,69,15,74,57,38,28,0.85
mls_2026,2026-07-23,,Houston Dynamo,DC United,1,1,Houston Dynamo,home,64,20,5,8,13,7,7,1.2,2,0,2,539,487,90.4,22,11,50,24,10,42,17,7,41,61,46,26,57,23,16,70,5,5,40,8,2,2,3,13,5,15,19,6,32,1,0,,0,0,,2,-0.01,,,179,151,84,80,33,4,101,31,71,36,68,33,1.04
mls_2026,2026-07-23,,LA Galaxy,St.Louis City,1,3,LA Galaxy,home,47,11,3,3,6,5,5,0.99,2,1,1,432,355,82.2,44,17,39,10,3,30,22,12,55,55,67,39,58,20,9,45,11,11,64,11,4,3,4,21,2,16,14,10,42,6,0,0,6,6,1,0,1.04,,2,124,98,79,41,21,3,62,22,65,48,32,30,0.98
mls_2026,2026-07-23,,LA Galaxy,St.Louis City,1,3,St.Louis City,away,53,15,9,3,10,5,3,2.19,3,2,1,491,425,86.6,45,23,51,14,3,21,4,1,25,45,67,28,42,20,11,55,16,16,81,16,1,2,7,18,4,11,20,17,47,8,1,3,2,2,0,1,0.05,,0,129,99,77,47,25,0,41,14,60,52,31,34,2.06
mls_2026,2026-07-23,,Los Angeles FC,Real Salt Lake,3,1,Los Angeles FC,home,29,12,3,4,6,6,5,1.16,1,1,0,293,235,80.2,41,19,46,14,5,36,13,3,23,42,53,21,40,11,6,55,11,11,64,5,,1,7,9,12,7,55,11,40,6,0,1,5,5,,1,0.31,,,63,43,68,27,16,1,59,14,77,52,29,34,1.17
mls_2026,2026-07-23,,Los Angeles FC,Real Salt Lake,3,1,Real Salt Lake,away,71,28,6,15,14,14,7,2.71,3,0,3,705,643,91.2,43,27,63,42,8,19,19,12,63,58,53,32,60,11,5,45,16,16,56,7,,0,12,15,6,5,17,4,46,4,0,2,1,1,,0,-1.7,,,279,228,82,95,40,1,111,31,57,25,90,44,2.56
mls_2026,2026-07-23,,Nashville SC,CF Montréal,1,0,CF Montréal,away,37,7,2,3,6,1,2,0.76,2,0,2,365,313,85.8,33,17,52,12,3,25,6,1,17,40,48,17,35,19,10,53,7,7,71,12,1,0,2,16,9,9,23,8,29,7,1,1,0,0,0,2,-0.02,,0,85,57,67,40,14,0,67,29,45,52,31,19,0.67
mls_2026,2026-07-23,,Nashville SC,CF Montréal,1,0,Nashville SC,home,63,10,1,5,6,4,4,1.89,3,1,2,641,573,89.4,51,28,55,10,4,40,9,7,78,60,48,31,65,19,9,47,12,12,50,9,1,1,3,21,5,11,18,5,37,5,0,1,2,2,1,3,0.47,,1,147,118,80,54,20,2,74,30,64,49,38,21,1.7
mls_2026,2026-07-23,,Portland Timbers,FC Dallas,2,2,FC Dallas,away,37,11,3,4,6,5,4,0.93,1,0,1,366,291,79.5,55,27,49,7,2,29,14,7,50,55,69,36,52,31,19,61,17,17,71,13,2,2,3,14,7,12,43,6,51,9,1,,2,2,1,0,0.31,0,0,114,72,63,56,15,1,60,15,78,63,35,22,1.01
mls_2026,2026-07-23,,Portland Timbers,FC Dallas,2,2,Portland Timbers,home,63,16,4,7,10,6,5,2.21,5,1,4,597,510,85.4,59,27,46,26,2,8,13,5,38,45,69,33,48,31,12,39,16,16,56,12,3,0,5,20,7,13,23,10,49,9,4,,1,1,1,1,-0.43,1,1,182,133,73,80,40,2,92,25,72,33,67,42,2.51
mls_2026,2026-07-23,,San Jose Earthquakes,Orlando City SC,0,4,Orlando City SC,away,48,15,8,5,12,3,2,1.61,4,1,3,408,319,78.2,52,17,33,7,4,57,13,8,62,57,81,50,62,13,4,31,23,23,61,10,2,5,2,16,7,20,24,16,53,10,0,1,7,7,4,,1.64,0,1,95,61,64,50,22,2,71,16,68,55,45,29,1.78
mls_2026,2026-07-23,,San Jose Earthquakes,Orlando City SC,0,4,San Jose Earthquakes,home,52,11,7,3,7,4,1,1.18,1,0,1,418,339,81.1,52,31,60,20,4,20,21,7,33,43,81,31,38,13,9,69,15,15,73,20,4,7,3,25,9,10,10,5,52,9,1,1,4,4,2,,-1.14,1,1,98,63,64,63,18,2,72,30,64,39,55,31,1.11
mls_2026,2026-07-23,,Sporting Kansas City,Minnesota United,2,1,Minnesota United,away,66,16,10,4,12,4,2,1.5,2,1,1,586,505,86.2,36,15,42,22,5,23,11,3,27,52,71,36,51,22,12,55,17,17,53,7,3,,6,27,6,17,11,7,40,10,1,,5,5,2,0,-0.05,,0,183,131,72,86,34,7,112,37,80,38,51,25,1.72
mls_2026,2026-07-23,,Sporting Kansas City,Minnesota United,2,1,Sporting Kansas City,home,34,11,7,4,7,4,0,1.16,1,1,0,301,237,78.7,41,19,46,7,2,29,19,10,53,48,71,35,49,22,10,45,18,18,61,17,2,,3,16,6,7,42,8,47,8,1,,9,9,0,1,1.2,,1,85,65,76,42,16,3,61,25,61,41,29,34,1.14
mls_2026,2026-07-25,,CF Montréal,Inter Miami CF,0,1,CF Montréal,home,43,8,2,6,6,2,0,2.04,3,0,3,387,324,83.7,56,30,54,24,4,17,18,7,39,49,62,33,53,18,6,33,13,13,38,7,0,1,5,12,11,14,20,11,46,5,0,1,1,1,,0,-0.04,,1,137,95,69,62,20,3,73,25,73,46,56,29,2.07
mls_2026,2026-07-25,,CF Montréal,Inter Miami CF,0,1,Inter Miami CF,away,57,20,2,9,11,9,9,1.81,1,1,0,528,460,87.1,50,28,56,14,4,29,14,7,50,51,62,29,47,18,12,67,16,16,44,14,2,1,6,12,10,6,20,5,53,6,1,3,2,2,,2,0.82,,0,144,110,76,49,23,3,91,18,91,44,49,38,1.72
mls_2026,2026-07-25,,Columbus Crew,FC Cincinnati,2,1,Columbus Crew,home,53,13,6,5,8,5,2,2.35,3,2,1,531,481,90.6,36,20,56,17,2,12,10,2,20,41,63,28,44,16,4,25,19,19,68,11,1,2,4,14,9,7,24,6,46,10,0,,4,4,0,1,0.18,,1,155,129,83,47,21,4,74,23,67,42,38,35,2.29
mls_2026,2026-07-25,,Columbus Crew,FC Cincinnati,2,1,FC Cincinnati,away,47,12,5,5,6,6,2,1.06,1,1,0,462,407,88.1,26,16,62,23,11,48,17,6,35,59,63,35,56,16,12,75,18,18,67,8,1,2,5,18,5,11,22,11,47,8,0,,4,4,1,0,1.42,,1,108,85,79,41,28,0,68,32,70,45,35,23,0.84
mls_2026,2026-07-25,,DC United,Toronto FC,2,1,DC United,home,45,16,7,5,8,8,4,2.02,2,1,1,316,247,78.2,47,16,34,21,1,5,10,6,60,51,65,35,54,26,11,42,22,22,64,14,1,0,8,15,4,6,27,8,46,5,0,,6,6,1,1,0.76,,,93,59,63,49,25,1,80,21,79,49,32,30,2.46
mls_2026,2026-07-25,,DC United,Toronto FC,2,1,Toronto FC,away,55,13,7,3,7,6,3,1.34,1,1,1,403,333,82.6,49,25,51,14,5,36,20,8,40,49,65,30,46,26,15,58,9,9,67,7,1,2,5,29,7,14,30,6,44,10,0,,6,6,1,4,-0.38,,,124,86,69,58,29,3,86,22,82,52,41,26,1.42
mls_2026,2026-07-25,,New England Revolution,Atlanta United,4,1,Atlanta United,away,54,17,6,6,10,7,5,1.66,2,1,1,544,487,89.5,45,31,69,18,1,6,6,4,67,45,66,29,44,10,5,50,18,18,56,16,2,1,6,11,6,7,10,10,44,7,1,2,3,3,0,2,-0.82,1,0,165,134,81,56,30,0,81,29,61,51,37,20,1.61
mls_2026,2026-07-25,,New England Revolution,Atlanta United,4,1,New England Revolution,home,46,11,7,4,6,5,0,2.16,4,3,1,459,409,89.1,37,23,62,10,1,10,23,12,52,55,66,37,56,10,5,50,9,9,67,7,2,2,4,10,6,16,26,6,44,7,0,0,5,5,1,1,0.39,0,1,122,97,80,51,18,3,63,26,60,48,37,26,2.02
mls_2026,2026-07-25,,New York City FC,Chicago Fire,3,1,Chicago Fire,away,54,9,5,2,5,4,2,1.75,3,1,2,500,407,81.4,43,14,33,20,3,15,16,6,38,47,73,33,45,24,13,54,21,21,67,16,3,1,2,23,9,8,14,12,42,10,0,1,0,0,,,-1.17,,1,139,93,67,61,21,3,87,32,83,52,52,16,1.36
mls_2026,2026-07-25,,New York City FC,Chicago Fire,3,1,New York City FC,home,46,11,3,5,8,3,3,1.47,3,2,1,434,349,80.4,64,31,48,9,2,0,13,5,38,53,73,40,55,24,11,46,20,20,60,8,1,5,1,29,7,16,29,8,50,13,0,1,4,4,,,0.89,,0,92,58,63,66,14,2,76,23,101,62,44,15,1.39
mls_2026,2026-07-25,,New York Red Bulls,Charlotte FC,0,2,Charlotte FC,away,35,4,3,1,3,1,0,0.62,2,1,1,352,274,77.8,65,29,45,6,1,17,23,7,30,56,66,36,55,21,13,62,15,15,47,5,1,1,1,17,16,14,25,9,38,3,0,,6,6,0,2,1.14,0,1,83,56,67,45,15,2,60,15,71,65,25,20,0.62
mls_2026,2026-07-25,,New York Red Bulls,Charlotte FC,0,2,New York Red Bulls,home,65,24,6,12,19,5,6,2.25,3,0,3,644,578,89.8,33,17,52,22,4,18,15,6,40,44,66,30,45,21,8,38,19,19,74,14,5,1,6,21,1,5,14,10,53,6,1,,1,1,1,0,-0.31,1,0,232,195,84,84,53,1,87,23,60,33,61,44,2.38
mls_2026,2026-07-25,,Philadelphia Union,Seattle Sounders FC,1,0,Philadelphia Union,home,44,15,5,7,9,6,3,1.21,1,1,,348,249,71.6,45,13,29,22,6,27,9,3,33,55,66,34,52,50,30,60,22,22,64,11,0,1,6,25,7,11,22,16,49,6,0,1,1,1,0,0,0.04,0,1,148,95,64,70,26,2,82,26,61,34,50,40,1.36
mls_2026,2026-07-25,,Philadelphia Union,Seattle Sounders FC,1,0,Seattle Sounders FC,away,56,7,1,5,6,1,1,0.36,0,0,,451,350,77.6,46,13,28,10,5,50,22,9,41,45,66,32,48,50,20,40,12,12,83,11,1,0,1,18,10,11,31,7,52,9,0,0,4,4,1,2,1.09,1,1,102,55,54,60,14,0,76,23,82,61,44,16,0.36
mls_2026,2026-07-26,,Houston Dynamo,Austin FC,3,0,Austin FC,away,54,15,5,5,13,2,5,0.86,1,0,1,486,438,90.1,50,31,62,27,7,26,15,8,53,54,67,36,54,15,8,53,16,16,50,10,2,0,6,22,9,12,7,2,27,6,0,0,1,1,1,0,-1.17,,1,163,136,83,85,27,3,58,41,47,38,33,21,0.84
mls_2026,2026-07-26,,Houston Dynamo,Austin FC,3,0,Houston Dynamo,home,46,10,4,5,9,1,1,1.73,5,3,2,428,384,89.7,41,18,44,6,2,33,14,8,57,46,67,31,46,15,7,47,13,13,77,12,2,3,1,13,13,10,19,11,35,10,0,2,5,5,1,2,0.45,,3,53,38,72,31,15,0,44,18,52,61,24,21,1.7
mls_2026,2026-07-26,,Los Angeles FC,Sporting Kansas City,4,0,Los Angeles FC,home,46,8,5,1,5,3,2,1.37,3,3,0,600,551,91.8,34,20,59,14,1,7,13,5,38,48,53,27,51,8,2,25,11,11,45,8,0,0,5,7,7,11,27,7,35,4,0,1,1,1,1,1,0.31,,,136,116,85,59,14,1,62,35,55,39,23,26,1.38
mls_2026,2026-07-26,,Los Angeles FC,Sporting Kansas City,4,0,Sporting Kansas City,away,54,8,1,4,5,3,3,0.56,1,0,1,692,642,92.8,20,11,55,19,3,16,12,6,50,52,53,26,49,8,6,75,12,12,75,11,2,2,1,18,1,8,19,11,31,5,0,0,1,1,0,1,-1.77,,,234,197,84,63,28,4,62,50,52,29,26,21,0.36
mls_2026,2026-07-26,,Minnesota United,Vancouver Whitecaps,0,0,Minnesota United,home,36,11,3,6,8,3,2,0.97,1,,1,340,251,73.8,67,25,37,12,6,50,18,6,33,56,62,34,55,18,11,61,17,17,65,7,2,0,5,11,9,13,23,9,59,4,0,1,5,5,1,,0.67,,0,116,75,65,57,19,,52,41,59,38,25,21,1.1
mls_2026,2026-07-26,,Minnesota United,Vancouver Whitecaps,0,0,Vancouver Whitecaps,away,64,11,5,5,4,7,1,0.46,0,,0,617,542,87.8,51,28,55,16,3,19,13,5,38,44,62,28,45,18,7,39,16,16,56,13,1,1,2,15,8,7,20,2,58,9,0,0,3,3,0,,1.04,,1,244,199,82,79,23,,62,50,43,35,34,15,0.44
mls_2026,2026-07-26,,Orlando City SC,Nashville SC,1,0,Nashville SC,away,52,7,2,2,6,1,3,0.73,2,0,2,474,424,89.5,52,34,65,21,3,14,13,7,54,51,64,30,47,9,7,78,15,15,67,10,0,2,7,17,6,8,18,9,38,11,0,1,3,3,,1,-0.5,,1,121,99,82,52,26,2,50,25,49,44,27,31,0.73
mls_2026,2026-07-26,,Orlando City SC,Nashville SC,1,0,Orlando City SC,home,48,12,4,4,8,4,4,0.87,2,1,1,451,401,88.9,19,9,47,12,2,17,13,8,62,49,64,34,53,9,2,22,17,17,53,8,1,1,2,11,5,10,23,4,41,10,0,0,2,2,,0,0.55,,0,124,102,82,44,26,3,51,25,42,50,31,25,0.68
mls_2026,2026-07-26,,Portland Timbers,Real Salt Lake,2,1,Portland Timbers,home,61,22,6,8,17,5,8,2.21,6,2,4,526,465,88.4,32,19,59,38,11,29,24,10,42,54,66,33,50,29,18,62,12,12,58,12,2,4,14,21,3,13,26,8,42,3,1,0,1,1,1,0,-0.08,,,218,181,83,63,37,6,71,17,55,32,64,51,2.17
mls_2026,2026-07-26,,Portland Timbers,Real Salt Lake,2,1,Real Salt Lake,away,39,6,2,4,2,4,0,0.21,1,1,0,340,264,77.6,65,30,46,14,1,7,10,4,40,46,66,33,50,29,11,38,17,17,76,13,1,2,5,11,9,12,42,5,33,6,0,1,4,4,1,1,0.11,,,112,80,71,37,17,1,57,20,67,52,29,28,0.15
mls_2026,2026-07-26,,San Diego FC,FC Dallas,1,0,FC Dallas,away,26,6,1,2,3,3,3,0.48,2,,2,283,212,74.9,42,17,40,11,1,9,10,2,20,49,62,28,45,12,8,67,17,17,59,10,2,0,4,14,8,10,27,10,42,11,0,1,7,7,1,0,0.18,,0,83,46,55,45,10,,62,33,69,50,33,17,0.42
mls_2026,2026-07-26,,San Diego FC,FC Dallas,1,0,San Diego FC,home,74,19,8,3,9,10,8,1.29,1,,1,853,774,90.7,43,21,49,11,3,27,16,5,31,51,62,34,55,12,4,33,18,18,50,10,0,4,9,20,7,10,7,10,49,6,1,1,1,1,0,1,0.09,,1,254,208,82,81,34,,110,26,73,38,77,36,1.56
mls_2026,2026-07-26,,San Jose Earthquakes,LA Galaxy,1,1,LA Galaxy,away,41,9,2,3,7,2,4,1.31,2,1,1,340,256,75.3,44,12,27,11,2,18,18,10,56,49,70,34,49,27,14,52,13,13,62,16,3,1,6,23,16,14,37,17,49,4,1,0,4,4,0,,1.26,,2,90,50,56,45,19,2,50,22,74,57,22,21,1.28
mls_2026,2026-07-26,,San Jose Earthquakes,LA Galaxy,1,1,San Jose Earthquakes,home,59,20,5,11,17,3,4,3.55,5,1,4,464,386,83.2,45,21,47,40,5,13,13,8,62,51,70,36,51,27,13,48,12,12,75,14,4,0,6,25,3,15,19,7,60,8,1,1,1,1,1,,0.48,,0,161,118,73,71,43,8,68,23,56,32,55,45,3.3
mls_2026,2026-07-26,,St.Louis City,Colorado Rapids,1,0,Colorado Rapids,away,35,2,0,2,1,1,0,0.1,,,,304,244,80.3,36,11,31,6,2,33,12,4,33,57,58,36,62,19,8,42,11,11,64,9,3,0,1,15,10,22,27,9,30,1,0,,2,2,,1,-0.05,,1,40,23,57,26,6,1,63,19,84,77,17,4,0.11
mls_2026,2026-07-26,,St.Louis City,Colorado Rapids,1,0,St.Louis City,home,65,20,3,7,15,5,10,0.91,,,,571,508,89.0,44,25,57,22,3,14,9,4,44,43,58,22,38,19,11,58,9,9,67,22,1,3,10,20,2,9,6,7,36,6,2,,0,0,,0,0.0,,0,288,241,84,86,36,6,137,35,64,22,96,43,1.03
mls_2026,2026-07-31,,New York City FC,Toronto FC,1,1,New York City FC,home,49,16,5,7,13,3,4,2.21,3,1,2,365,299,81.9,40,12,30,12,3,25,13,5,38,49,64,32,50,32,15,47,15,15,53,11,2,2,3,18,11,11,37,11,54,7,1,0,4,4,0,0,0.42,1,0,71,42,59,34,29,3,68,22,76,53,27,25,2.14
mls_2026,2026-07-31,,New York City FC,Toronto FC,1,1,Toronto FC,away,51,13,5,5,8,5,3,1.16,1,1,0,375,288,76.8,58,28,48,16,4,25,15,7,47,51,64,32,50,32,17,53,15,15,67,12,4,2,2,25,8,11,15,8,51,7,0,1,4,4,1,2,1.46,0,1,107,65,61,56,24,1,84,27,74,53,36,20,1.04
mls_2026,2026-08-01,,CF Montréal,New England Revolution,2,2,CF Montréal,home,46,15,8,3,9,6,4,0.77,1,1,0,437,373,85.4,47,24,51,31,4,13,8,0,0,35,35,12,34,22,8,36,8,8,63,9,1,0,6,12,13,4,17,7,42,3,0,0,3,3,1,0,0.88,,3,115,87,76,54,26,0,91,23,80,49,40,28,0.86
mls_2026,2026-08-01,,CF Montréal,New England Revolution,2,2,New England Revolution,away,54,21,5,10,10,11,6,4.13,4,2,2,532,472,88.7,45,29,64,9,2,22,8,4,50,65,35,23,66,22,14,64,11,11,73,4,0,4,3,14,6,8,30,3,46,4,1,1,6,6,1,2,-0.68,,0,181,152,84,42,35,1,94,26,74,40,55,34,4.03
mls_2026,2026-08-01,,DC United,Nashville SC,2,2,DC United,home,40,16,7,5,8,8,4,1.74,1,0,1,317,244,77.0,37,8,22,26,5,19,10,3,30,45,61,24,39,49,26,53,15,15,93,14,2,,8,16,7,10,18,5,43,9,1,,0,0,0,,-0.52,,0,113,69,61,52,23,1,80,25,44,32,51,43,2.03
mls_2026,2026-08-01,,DC United,Nashville SC,2,2,Nashville SC,away,60,10,2,5,8,2,3,1.52,1,1,0,508,441,86.8,58,27,47,14,5,36,18,9,50,55,61,37,61,49,23,47,16,16,56,10,3,,3,15,4,13,55,9,50,6,0,,5,5,1,,0.35,,1,104,68,65,65,13,3,69,31,49,43,39,26,1.52
mls_2026,2026-08-01,,New York Red Bulls,Orlando City SC,3,2,New York Red Bulls,home,40,19,8,5,15,4,6,3.6,4,2,2,399,333,83.5,29,15,52,9,4,44,17,9,53,49,65,32,49,14,7,50,14,14,71,10,3,3,5,13,5,10,23,10,52,10,0,3,5,5,0,0,0.62,,,111,87,78,38,37,1,66,14,70,52,43,34,3.6
mls_2026,2026-08-01,,New York Red Bulls,Orlando City SC,3,2,Orlando City SC,away,60,20,7,6,17,3,7,3.68,6,2,4,599,531,88.6,40,23,57,11,2,18,13,6,46,51,65,33,51,14,7,50,18,18,56,10,2,2,4,16,5,10,12,16,51,7,3,1,5,5,1,1,0.05,,,163,120,74,62,32,2,88,20,76,44,54,36,3.2
mls_2026,2026-08-01,,Philadelphia Union,Atlanta United,3,2,Atlanta United,away,29,4,2,2,3,1,0,0.52,2,1,1,225,144,64.0,67,21,31,9,2,22,6,3,50,53,53,33,62,41,17,41,19,19,68,5,2,2,2,19,12,15,58,14,39,6,0,0,4,4,2,3,-1.1,0,1,62,32,52,40,4,1,37,10,77,77,16,13,0.53
mls_2026,2026-08-01,,Philadelphia Union,Atlanta United,3,2,Philadelphia Union,home,71,30,6,16,25,5,8,2.81,4,1,3,517,437,84.5,48,29,60,53,18,34,18,6,33,47,53,20,38,41,24,59,9,9,56,15,3,3,12,35,3,5,11,5,50,7,2,1,0,0,0,0,-1.43,1,0,271,213,79,93,64,3,99,27,54,22,86,51,2.64
mls_2026,2026-08-01,,Vancouver Whitecaps,Los Angeles FC,1,1,Los Angeles FC,away,37,5,1,3,1,4,1,0.3,1,1,0,401,324,80.8,40,15,38,3,1,0,25,10,40,52,84,40,48,24,16,67,18,18,67,9,1,4,1,15,6,14,39,9,56,10,0,0,4,4,,0,0.95,0,2,62,40,65,31,6,1,,,,,,,0.3
mls_2026,2026-08-01,,Vancouver Whitecaps,Los Angeles FC,1,1,Vancouver Whitecaps,home,63,21,5,8,15,6,8,2.51,5,1,4,657,584,88.9,40,25,63,35,6,17,19,10,53,48,84,44,52,24,8,33,25,25,48,14,1,2,11,18,3,8,13,12,61,9,0,1,0,0,,1,-0.19,1,1,275,227,83,90,47,4,,,,,,,2.19
mls_2026,2026-08-02,,Chicago Fire,Charlotte FC,2,1,Charlotte FC,away,54,14,1,4,7,7,9,0.78,0,,0,531,481,90.6,44,18,41,24,5,21,13,8,62,45,55,24,44,12,6,50,8,8,100,7,0,3,6,13,10,8,20,6,46,13,0,1,3,3,,2,-0.44,,,147,124,84,54,25,1,74,25,59,41,44,34,0.83
mls_2026,2026-08-02,,Chicago Fire,Charlotte FC,2,1,Chicago Fire,home,46,14,5,4,8,6,5,0.94,1,,1,462,407,88.1,54,24,44,18,3,17,7,6,86,55,55,31,56,12,6,50,18,18,78,8,3,3,8,15,8,7,28,1,46,7,0,0,0,0,,1,-0.51,,,137,107,78,54,23,0,71,22,58,43,46,35,1.59
mls_2026,2026-08-02,,Colorado Rapids,Austin FC,1,0,Austin FC,away,36,9,3,4,5,4,2,1.22,1,0,1,299,222,74.2,66,28,42,6,2,33,13,7,54,49,69,34,49,36,17,47,14,14,64,12,4,1,0,21,14,15,35,8,35,6,0,,7,7,1,1,1.03,,0,63,36,57,41,8,3,69,13,102,70,27,17,1.41
mls_2026,2026-08-02,,Colorado Rapids,Austin FC,1,0,Colorado Rapids,home,64,23,8,8,20,3,7,2.95,5,1,4,509,448,88.0,30,12,40,38,13,34,19,11,58,51,69,35,51,36,19,53,12,12,42,15,1,1,11,23,5,11,11,8,44,6,0,,3,3,0,0,0.29,,3,176,136,77,60,50,5,111,26,87,32,73,42,2.99
mls_2026,2026-08-02,,FC Cincinnati,San Jose Earthquakes,4,2,FC Cincinnati,home,60,23,11,8,14,9,4,2.67,5,3,2,506,421,83.2,43,19,44,18,3,17,18,11,61,44,58,27,47,39,16,41,11,11,64,12,3,2,9,17,10,6,14,12,46,4,1,3,0,0,0,1,-0.68,,2,204,160,78,68,40,2,103,20,74,31,65,49,2.04
mls_2026,2026-08-02,,FC Cincinnati,San Jose Earthquakes,4,2,San Jose Earthquakes,away,40,12,2,6,11,1,4,1.42,3,2,1,330,246,74.5,40,17,43,21,7,33,15,10,67,56,58,31,53,39,23,59,11,11,64,6,0,2,6,20,15,12,22,7,48,6,0,0,7,7,1,0,-1.17,,0,80,49,61,43,16,2,68,22,65,46,35,32,1.25
mls_2026,2026-08-02,,Inter Miami CF,Columbus Crew,2,2,Columbus Crew,away,49,13,3,6,6,7,4,1.07,2,,2,568,510,89.8,33,21,64,11,2,18,9,1,11,41,38,16,42,11,4,36,7,7,57,5,2,1,2,21,7,9,24,6,38,4,1,0,2,2,,,-0.56,1,,187,151,81,81,20,2,93,33,74,40,55,27,0.71
mls_2026,2026-08-02,,Inter Miami CF,Columbus Crew,2,2,Inter Miami CF,home,51,12,4,7,10,2,1,1.61,4,,4,596,533,89.4,42,29,69,8,1,13,10,6,60,59,38,22,58,11,7,64,12,12,50,9,1,1,5,7,7,5,15,9,40,3,0,5,2,2,,,-1.55,1,,111,79,71,46,25,0,87,26,83,52,37,22,1.24
mls_2026,2026-08-02,,LA Galaxy,FC Dallas,0,0,FC Dallas,away,46,18,4,10,14,4,4,1.65,5,,5,379,300,79.2,47,11,23,20,9,45,13,8,62,45,74,31,42,33,17,52,13,13,85,13,4,2,6,11,6,11,33,4,54,14,0,2,9,9,2,1,1.11,,1,105,75,71,48,29,2,72,24,83,47,38,29,1.55
mls_2026,2026-08-02,,LA Galaxy,FC Dallas,0,0,LA Galaxy,home,54,18,9,5,14,4,4,1.28,1,,1,456,370,81.1,37,14,38,13,2,15,22,11,50,55,74,43,58,33,16,48,19,19,58,11,2,1,6,20,7,13,26,3,54,2,0,2,4,4,1,0,0.58,,0,171,127,74,60,33,3,70,21,70,42,40,37,1.16
mls_2026,2026-08-02,,Minnesota United,San Diego FC,1,1,Minnesota United,home,32,14,8,5,8,6,1,1.06,3,0,3,334,269,80.5,44,20,45,20,2,10,14,4,29,39,60,22,37,16,8,50,15,15,53,8,1,0,8,20,12,3,17,16,52,13,0,0,1,1,1,0,0.26,,0,102,76,75,39,24,1,70,18,71,49,35,33,0.93
mls_2026,2026-08-02,,Minnesota United,San Diego FC,1,1,San Diego FC,away,68,13,2,9,9,4,2,1.79,2,1,1,732,658,89.9,51,30,59,10,4,40,12,7,58,61,60,38,63,16,8,50,23,23,70,3,1,3,4,17,6,7,22,8,62,10,2,1,7,7,3,3,1.29,,1,166,131,79,84,25,1,90,21,90,51,41,28,1.48
mls_2026,2026-08-02,,Portland Timbers,Seattle Sounders FC,2,1,Portland Timbers,home,53,14,5,6,8,6,3,1.77,2,1,1,489,426,87.1,44,25,57,25,7,28,12,4,33,55,52,24,46,31,22,71,9,9,67,7,2,0,4,17,3,12,26,11,49,10,0,,2,2,,0,0.36,,,194,161,83,75,33,5,92,38,60,33,61,29,1.71
mls_2026,2026-08-02,,Portland Timbers,Seattle Sounders FC,2,1,Seattle Sounders FC,away,47,16,3,7,10,6,6,1.43,3,0,3,434,354,81.6,57,23,40,18,5,28,10,5,50,45,52,28,54,31,9,29,18,18,72,12,2,2,5,12,7,7,29,9,54,4,0,,3,3,,3,-0.7,,,140,103,74,59,19,2,72,32,72,40,30,28,1.37
mls_2026,2026-08-02,,Sporting Kansas City,Houston Dynamo,0,2,Houston Dynamo,away,64,14,4,9,8,6,1,1.89,4,1,3,718,660,91.9,52,39,75,12,5,42,10,5,50,54,53,27,51,15,10,67,12,12,50,12,1,1,6,12,1,10,11,9,47,5,0,2,4,4,1,0,0.55,0,,196,165,84,90,18,1,72,43,54,33,38,24,1.86
mls_2026,2026-08-02,,Sporting Kansas City,Houston Dynamo,0,2,Sporting Kansas City,home,36,6,4,2,4,2,0,0.21,0,0,0,398,334,83.9,53,25,47,9,1,11,11,5,45,46,53,26,49,15,5,33,10,10,60,10,2,0,2,19,13,12,15,14,30,6,0,2,1,1,1,2,-1.26,2,,126,91,72,51,13,1,55,30,56,59,23,11,0.21
mls_2026,2026-08-02,,St.Louis City,Real Salt Lake,1,1,Real Salt Lake,away,33,9,3,2,6,3,4,1.51,1,1,0,318,250,78.6,31,12,39,13,3,23,11,6,55,45,60,28,47,39,17,44,14,14,43,10,3,1,4,10,10,12,39,11,47,5,0,,3,3,1,1,-0.35,1,1,68,48,71,30,16,2,40,22,60,53,19,25,1.47
mls_2026,2026-08-02,,St.Louis City,Real Salt Lake,1,1,St.Louis City,home,67,20,4,6,12,8,10,1.75,2,1,1,657,578,88.0,34,18,53,31,4,13,19,12,63,55,60,32,53,39,22,56,10,10,90,12,3,2,9,15,1,10,20,7,54,7,0,,2,2,0,0,1.0,0,0,292,236,81,88,40,2,100,23,55,29,68,48,1.71
mls_2026,2026-08-08,,New England Revolution,Houston Dynamo,0,2,Houston Dynamo,away,52,13,7,4,6,7,2,0.83,1,1,,552,494,89.5,47,28,60,6,1,17,11,8,73,48,59,27,46,12,7,58,10,10,80,10,1,1,4,11,4,10,32,10,48,11,0,,2,2,1,1,0.15,,,134,108,81,47,19,1,55,19,67,53,28,28,0.87
mls_2026,2026-08-08,,New England Revolution,Houston Dynamo,0,2,New England Revolution,home,48,9,2,0,4,5,7,0.4,0,0,,494,428,86.6,46,28,61,25,5,20,12,8,67,52,59,32,54,12,5,42,14,14,64,10,1,0,9,19,6,10,14,5,41,6,0,,5,5,2,0,-0.02,,,178,133,75,79,27,1,88,29,61,39,58,32,0.4
mls_2026,2026-08-15,,Atlanta United,New York Red Bulls,2,1,Atlanta United,home,40,10,3,5,5,5,2,2.4,5,1,4,407,348,85.5,54,29,54,13,4,31,23,20,87,56,74,42,57,16,8,50,13,13,46,14,3,4,3,16,6,12,19,16,48,5,0,0,2,2,2,,0.56,,,105,79,75,41,23,1,82,22,73,43,57,35,2.4
mls_2026,2026-08-15,,Atlanta United,New York Red Bulls,2,1,New York Red Bulls,away,60,11,3,4,7,4,4,1.89,2,1,1,611,538,88.1,27,15,56,12,4,33,17,11,65,44,74,32,43,16,8,50,8,8,100,12,1,2,7,15,6,14,18,5,41,7,0,1,1,1,0,,-0.75,,,182,137,75,69,32,2,110,19,79,41,87,40,1.89
mls_2026,2026-08-15,,CF Montréal,DC United,1,1,CF Montréal,home,67,23,8,12,15,8,3,2.35,7,1,6,595,520,87.4,52,34,65,22,6,27,10,4,40,42,63,24,38,21,11,52,12,12,92,10,1,0,5,20,8,10,21,7,41,15,1,2,1,1,0,0,-0.25,,,174,135,78,74,41,4,63,22,54,35,39,43,2.05
mls_2026,2026-08-15,,CF Montréal,DC United,1,1,DC United,away,33,7,2,4,4,3,1,0.71,2,1,1,282,215,76.2,47,18,38,21,6,29,13,8,62,58,63,39,62,21,10,48,21,21,62,11,2,1,3,22,9,10,37,6,40,7,0,0,8,8,2,3,1.23,,,82,52,63,43,17,2,45,18,52,55,20,27,0.56
mls_2026,2026-08-15,,Charlotte FC,Columbus Crew,3,1,Charlotte FC,home,30,9,7,2,7,2,0,1.98,5,3,2,314,262,83.4,51,26,51,7,1,14,12,7,58,51,59,32,54,9,3,33,17,17,71,9,3,2,1,11,17,8,25,9,46,7,0,1,3,3,0,1,0.04,,2,75,58,77,32,23,2,57,17,65,51,34,32,1.91
mls_2026,2026-08-15,,Charlotte FC,Columbus Crew,3,1,Columbus Crew,away,70,26,4,11,17,9,11,2.15,1,1,0,724,667,92.1,26,19,73,25,3,12,15,8,53,49,59,27,46,9,6,67,12,12,50,9,0,0,13,15,6,9,9,8,44,10,0,0,3,3,2,0,-0.46,,2,270,232,86,70,57,1,97,23,76,27,63,50,1.42
mls_2026,2026-08-15,,Orlando City SC,FC Cincinnati,1,1,FC Cincinnati,away,50,11,3,4,8,3,4,1.62,2,0,2,453,422,93.2,28,19,68,16,1,0,18,8,44,48,54,24,44,9,6,67,10,10,90,12,2,8,5,11,7,7,25,4,46,3,2,1,4,4,1,2,0.94,,1,121,101,83,46,27,2,84,24,60,40,71,36,1.35
mls_2026,2026-08-15,,Orlando City SC,FC Cincinnati,1,1,Orlando City SC,home,50,18,5,6,12,6,7,1.66,2,1,1,444,397,89.4,26,12,46,28,6,21,13,7,54,52,54,30,56,9,3,33,13,13,69,7,1,1,10,14,3,12,27,5,36,4,0,2,2,2,0,1,-0.14,,0,115,93,81,39,46,1,68,16,69,44,62,40,1.96
mls_2026,2026-08-15,,Toronto FC,New England Revolution,2,1,New England Revolution,away,71,24,7,11,17,7,6,2.29,4,1,3,624,568,91.0,35,18,51,39,12,31,10,5,50,59,51,29,57,30,19,63,13,13,62,5,1,1,9,17,3,11,22,3,46,7,1,2,0,0,0,0,-1.29,1,,238,205,86,59,51,3,77,22,60,30,46,48,2.22
mls_2026,2026-08-15,,Toronto FC,New England Revolution,2,1,Toronto FC,home,29,3,1,1,2,1,1,0.24,0,0,0,265,199,75.1,56,16,29,10,4,40,12,5,42,41,51,22,43,30,11,37,12,12,33,11,1,2,0,16,17,5,36,9,40,6,0,0,5,5,1,3,0.34,0,,80,51,64,38,13,1,69,26,66,54,26,20,0.24
mls_2026,2026-08-16,,Chicago Fire,Portland Timbers,2,1,Chicago Fire,home,37,8,4,2,6,2,2,1.23,3,1,2,366,311,85.0,48,25,52,7,1,0,13,4,31,46,61,27,44,6,4,67,17,17,53,15,2,2,0,12,13,6,25,5,38,4,0,1,1,1,,,0.02,,0,92,70,76,47,27,0,61,19,59,56,40,25,1.48
mls_2026,2026-08-16,,Chicago Fire,Portland Timbers,2,1,Portland Timbers,away,63,11,2,7,7,4,2,1.1,1,1,0,620,554,89.4,40,21,53,18,4,22,17,6,35,54,61,34,56,6,2,33,13,13,69,6,2,2,4,20,7,15,13,8,45,6,1,2,2,2,,,-0.66,,1,162,130,80,49,28,1,88,32,65,37,51,31,1.06
mls_2026,2026-08-16,,Colorado Rapids,Sporting Kansas City,2,0,Colorado Rapids,home,75,28,4,11,17,11,13,2.92,7,2,5,551,492,89.3,42,27,64,28,8,29,19,6,32,50,65,29,45,23,15,65,11,11,64,12,1,2,8,31,8,12,15,6,31,5,2,1,4,4,2,,0.25,,0,177,143,81,79,47,3,66,30,44,23,56,47,2.92
mls_2026,2026-08-16,,Colorado Rapids,Sporting Kansas City,2,0,Sporting Kansas City,away,25,6,3,3,3,3,0,0.98,3,0,3,192,128,66.7,56,23,41,7,1,14,11,8,73,50,65,36,55,23,8,35,18,18,56,12,3,2,2,8,20,12,31,10,29,8,1,1,2,2,1,,0.0,,1,49,19,39,30,4,1,49,32,60,53,19,15,1.0
mls_2026,2026-08-16,,Houston Dynamo,LA Galaxy,1,0,Houston Dynamo,home,61,9,2,4,3,6,3,1.29,2,1,1,551,499,90.6,48,38,79,13,1,8,12,6,50,51,61,32,52,10,4,40,13,13,46,15,4,2,4,18,6,13,21,4,28,5,0,1,0,0,0,,0.0,,1,142,112,79,65,16,5,86,21,67,50,40,29,1.24
mls_2026,2026-08-16,,Houston Dynamo,LA Galaxy,1,0,LA Galaxy,away,39,9,0,4,4,5,5,0.96,0,0,0,344,302,87.8,33,20,61,10,1,10,10,3,30,49,61,29,48,10,6,60,11,11,45,14,1,1,3,12,3,15,23,12,25,6,0,0,1,1,1,,0.34,,0,97,67,69,44,20,6,55,24,43,48,35,28,0.74
mls_2026,2026-08-16,,Los Angeles FC,San Diego FC,0,1,Los Angeles FC,home,40,15,3,7,9,6,5,0.94,1,0,1,397,325,81.9,57,21,37,14,4,29,13,7,54,51,72,37,51,18,9,50,19,19,53,21,4,4,9,12,5,12,16,7,48,5,0,,1,1,0,,0.39,,0,95,64,67,43,15,1,,,,,,,0.94
mls_2026,2026-08-16,,Los Angeles FC,San Diego FC,0,1,San Diego FC,away,60,9,2,4,6,3,3,1.14,1,1,0,597,527,88.3,33,17,52,15,4,27,14,5,36,49,72,35,49,18,9,50,11,11,64,12,4,4,7,13,8,20,19,11,46,10,0,,3,3,1,,0.27,,2,158,116,73,56,18,2,,,,,,,1.14
mls_2026,2026-08-16,,Nashville SC,Inter Miami CF,4,1,Inter Miami CF,away,55,16,4,6,11,5,6,1.83,5,1,4,499,430,86.2,38,26,68,10,2,20,15,7,47,53,60,29,48,15,11,73,8,8,75,10,3,3,4,16,7,14,22,7,42,11,3,,4,4,1,,-1.52,1,1,142,109,77,50,26,4,72,28,64,43,31,29,1.83
mls_2026,2026-08-16,,Nashville SC,Inter Miami CF,4,1,Nashville SC,home,45,18,8,4,13,5,6,2.41,3,3,0,394,322,81.7,43,24,56,19,4,21,8,4,50,47,60,31,52,15,4,27,19,19,47,15,1,1,10,15,4,10,21,8,46,4,0,,3,3,0,,-0.04,0,0,148,109,74,54,41,3,61,21,53,36,30,43,2.43
mls_2026,2026-08-16,,New York City FC,Philadelphia Union,2,3,New York City FC,home,51,17,4,6,11,6,7,2.53,2,2,0,349,249,71.3,59,16,27,15,4,27,21,12,57,50,74,40,54,40,17,43,8,8,63,15,3,1,8,24,10,19,27,4,47,9,0,1,2,2,1,,-0.16,2,,80,36,45,55,28,5,86,29,91,43,29,28,2.25
mls_2026,2026-08-16,,New York City FC,Philadelphia Union,2,3,Philadelphia Union,away,49,18,5,8,9,9,5,2.85,5,3,2,328,246,75.0,58,25,43,22,4,18,8,3,38,50,74,34,46,40,23,57,18,18,61,21,4,3,4,22,7,15,28,8,44,3,0,1,2,2,1,,0.87,0,,97,58,60,64,24,2,96,31,78,45,44,24,2.39
mls_2026,2026-08-16,,Real Salt Lake,Minnesota United,1,1,Minnesota United,away,43,15,3,9,11,4,3,2.05,5,1,4,422,329,78.0,65,32,49,17,6,35,14,6,43,50,49,22,45,27,16,59,10,10,50,12,1,1,10,15,8,7,21,13,50,4,0,1,7,7,3,,0.9,,1,139,91,65,71,28,1,88,19,73,48,55,33,1.73
mls_2026,2026-08-16,,Real Salt Lake,Minnesota United,1,1,Real Salt Lake,home,57,13,7,5,8,5,1,2.39,4,0,4,575,495,86.1,53,23,43,15,1,7,9,3,33,50,49,27,55,27,11,41,12,12,50,7,3,1,7,13,13,12,26,21,46,4,1,4,1,1,0,,-0.18,,1,118,88,75,54,14,1,75,20,90,47,51,33,2.24
mls_2026,2026-08-16,,San Jose Earthquakes,St.Louis City,1,3,San Jose Earthquakes,home,53,6,1,4,4,2,1,0.19,0,0,0,450,382,84.9,48,22,46,18,5,28,23,8,35,41,86,37,43,17,5,29,13,13,62,16,1,1,4,28,5,17,16,9,57,14,0,0,4,4,3,0,0.88,,,89,57,64,45,12,4,74,35,78,46,32,19,0.19
mls_2026,2026-08-16,,San Jose Earthquakes,St.Louis City,1,3,St.Louis City,away,47,14,7,6,12,2,1,2.63,6,3,3,411,329,80.0,61,28,46,13,5,38,14,6,43,59,86,49,57,17,12,71,29,29,59,17,2,4,5,14,10,16,32,11,63,5,1,1,0,0,0,2,-0.79,,,136,89,65,68,34,1,91,29,65,40,46,31,2.72
mls_2026,2026-08-17,,Austin FC,FC Dallas,1,2,Austin FC,home,65,9,4,4,6,3,1,0.62,1,,1,576,491,85.2,70,31,44,25,3,12,7,5,71,53,60,35,58,19,7,37,15,15,53,12,3,2,7,18,9,17,9,5,42,5,0,,4,4,1,1,-0.13,,3,139,88,63,82,18,4,,,,,,,0.51
mls_2026,2026-08-17,,Austin FC,FC Dallas,1,2,FC Dallas,away,35,15,6,7,11,4,2,1.49,2,,2,316,252,79.7,41,11,27,9,3,33,10,6,60,47,60,25,42,19,12,63,7,7,86,17,4,2,4,12,8,12,33,9,50,11,0,,3,3,0,1,0.04,,1,92,68,74,42,18,3,,,,,,,0.96
mls_2026,2026-08-17,,Seattle Sounders FC,Vancouver Whitecaps,0,2,Seattle Sounders FC,home,43,5,0,3,5,0,2,0.68,1,0,1,413,334,80.9,44,17,39,5,1,20,5,2,40,48,74,30,41,27,18,67,18,18,67,16,3,2,1,23,10,11,29,11,46,18,0,0,4,4,1,,0.24,,2,71,37,52,45,11,0,,,,,,,0.67
mls_2026,2026-08-17,,Seattle Sounders FC,Vancouver Whitecaps,0,2,Vancouver Whitecaps,away,57,19,6,5,13,6,8,2.06,1,1,0,539,462,85.7,54,28,52,22,6,27,21,8,38,52,74,44,59,27,9,33,21,21,67,11,0,2,8,18,5,16,17,12,56,5,0,1,0,0,0,,0.0,,0,187,146,78,74,42,3,,,,,,,1.61
mls_2026,2026-08-19,,Columbus Crew,CF Montréal,1,2,CF Montréal,away,38,13,7,4,7,6,2,1.52,2,1,1,407,346,85.0,54,24,44,15,6,40,10,8,80,62,50,31,62,13,8,62,16,16,56,7,4,0,3,12,7,7,31,10,50,6,0,1,1,1,0,1,-0.8,0,,92,67,73,47,19,2,,,,,,,1.16
mls_2026,2026-08-19,,Columbus Crew,CF Montréal,1,2,Columbus Crew,home,62,6,2,4,4,2,2,0.31,1,0,1,669,602,90.0,37,21,57,16,2,13,12,4,33,38,50,19,38,13,5,38,8,8,88,7,2,4,5,19,7,7,16,6,50,8,0,0,5,5,2,0,0.49,1,,220,178,81,75,20,1,,,,,,,0.31
mls_2026,2026-08-19,,DC United,New England Revolution,0,3,DC United,home,40,15,3,6,12,3,6,1.83,4,0,4,354,293,82.8,45,15,33,18,5,28,9,7,78,57,69,41,59,30,15,50,24,24,46,15,1,0,4,17,7,10,17,6,37,5,1,1,4,4,0,1,-0.83,,,112,76,68,53,27,1,,,,,,,1.56
mls_2026,2026-08-19,,DC United,New England Revolution,0,3,New England Revolution,away,60,18,7,8,13,5,3,3.03,4,3,1,544,492,90.4,35,25,71,18,7,39,23,7,30,43,69,28,41,30,15,50,7,7,71,10,2,3,5,13,8,15,26,4,44,8,0,1,3,3,1,0,1.16,,,180,162,90,49,42,4,,,,,,,2.97
mls_2026,2026-08-19,,FC Cincinnati,New York City FC,2,1,FC Cincinnati,home,56,14,6,7,9,5,1,1.18,3,1,2,545,479,87.9,29,12,41,10,2,20,12,6,50,53,56,31,55,21,10,48,16,16,81,10,3,1,2,14,5,9,28,7,47,6,0,2,7,7,2,1,1.27,,,131,103,79,55,18,3,,,,,,,1.19
mls_2026,2026-08-19,,FC Cincinnati,New York City FC,2,1,New York City FC,away,44,16,8,4,11,5,4,1.86,3,1,2,419,350,83.5,52,21,40,18,5,28,9,4,44,47,56,25,45,21,11,52,12,12,58,9,3,0,5,19,7,10,18,8,46,11,1,2,4,4,2,0,-0.46,,,104,76,73,46,21,1,,,,,,,1.7
mls_2026,2026-08-19,,New York Red Bulls,Nashville SC,0,1,Nashville SC,away,45,11,3,5,7,4,3,1.28,2,1,1,395,323,81.8,59,23,39,23,6,26,16,5,31,35,69,24,35,22,8,36,15,15,53,12,2,5,10,17,15,4,26,14,38,9,0,1,1,1,0,,0.85,,,109,75,69,35,33,2,,,,,,,1.32
mls_2026,2026-08-19,,New York Red Bulls,Nashville SC,0,1,New York Red Bulls,home,55,13,1,7,11,2,5,2.27,3,0,3,486,405,83.3,37,15,41,15,2,13,22,14,64,65,69,45,65,22,14,64,20,20,55,4,1,0,7,11,7,12,32,6,45,7,0,2,2,2,1,,0.14,,,167,120,72,48,51,3,,,,,,,1.63
mls_2026,2026-08-19,,Orlando City SC,Chicago Fire,1,2,Chicago Fire,away,43,7,3,1,5,2,3,1.36,2,1,1,424,367,86.6,64,38,59,9,1,11,15,7,47,55,61,33,54,16,9,56,13,13,38,11,2,1,3,9,11,14,29,5,40,5,0,0,4,4,0,0,0.22,,,85,60,71,41,13,2,,,,,,,1.3
mls_2026,2026-08-19,,Orlando City SC,Chicago Fire,1,2,Orlando City SC,home,57,16,5,6,8,8,5,1.91,4,1,3,563,498,88.5,40,24,60,13,3,23,13,6,46,45,61,28,46,16,7,44,13,13,62,15,2,0,3,15,2,11,7,4,41,6,0,3,1,1,1,1,-0.07,,,226,180,80,59,37,5,,,,,,,1.77
mls_2026,2026-08-19,,Philadelphia Union,Inter Miami CF,2,2,Inter Miami CF,away,57,5,3,0,3,2,2,1.73,2,1,1,455,366,80.4,49,25,51,8,1,13,12,7,58,48,61,31,51,31,13,42,9,9,44,13,2,2,1,20,6,18,27,5,50,6,0,1,4,4,,1,0.83,,1,90,58,64,42,14,2,,,,,,,1.48
mls_2026,2026-08-19,,Philadelphia Union,Inter Miami CF,2,2,Philadelphia Union,home,43,17,6,6,14,3,5,2.99,7,2,5,331,263,79.5,48,22,46,22,6,27,9,6,67,52,61,30,49,31,18,58,11,11,91,18,4,3,4,23,5,13,17,19,53,6,0,1,1,1,,1,-0.35,,0,136,99,73,55,34,6,,,,,,,2.66
mls_2026,2026-08-19,,Toronto FC,Charlotte FC,3,3,Charlotte FC,away,54,16,10,6,11,5,0,1.41,4,2,2,516,465,90.1,35,16,46,21,9,43,14,6,43,45,50,22,44,21,10,48,7,7,57,10,0,2,5,15,10,10,16,6,42,7,1,1,3,3,0,1,-0.78,0,1,119,100,84,45,26,1,,,,,,,1.35
mls_2026,2026-08-19,,Toronto FC,Charlotte FC,3,3,Toronto FC,home,46,16,6,6,10,6,4,1.84,1,1,1,430,378,87.9,50,25,50,21,3,14,7,4,57,55,50,28,56,21,11,52,15,15,60,10,1,0,6,12,7,10,17,14,42,4,0,0,7,7,1,0,-1.33,1,0,126,101,80,45,19,1,,,,,,,1.9
mls_2026,2026-08-20,,Colorado Rapids,Los Angeles FC,1,0,Colorado Rapids,home,51,13,4,8,11,2,1,2.21,4,,4,469,410,87.4,40,23,57,12,2,17,17,12,71,53,60,34,57,10,3,30,12,12,67,14,3,1,4,17,12,9,25,11,40,7,0,0,2,2,0,1,0.11,,0,104,74,71,40,28,3,,,,,,,2.25
mls_2026,2026-08-20,,Colorado Rapids,Los Angeles FC,1,0,Los Angeles FC,away,49,10,2,3,5,5,5,0.41,0,,0,447,381,85.2,46,27,59,24,7,29,4,1,25,47,60,26,43,10,7,70,12,12,58,10,3,3,4,19,9,14,17,11,40,9,1,3,5,5,2,0,0.24,,2,110,75,68,58,14,2,,,,,,,0.44
mls_2026,2026-08-20,,LA Galaxy,San Jose Earthquakes,1,0,LA Galaxy,home,37,10,7,3,7,3,0,1.35,2,1,1,327,260,79.5,50,26,52,6,1,17,21,13,62,56,75,43,57,16,8,50,14,14,36,12,4,2,2,10,16,17,21,15,47,4,0,1,4,4,,1,0.76,,3,76,51,67,40,21,4,51,23,65,58,28,19,1.41
mls_2026,2026-08-20,,LA Galaxy,San Jose Earthquakes,1,0,San Jose Earthquakes,away,63,22,5,10,15,7,7,2.36,7,0,7,556,488,87.8,38,22,58,30,10,33,15,8,53,44,75,32,43,16,8,50,12,12,75,17,3,1,5,14,6,12,11,8,49,7,0,1,6,6,,0,0.88,,0,198,155,78,71,34,1,65,24,61,40,65,36,2.4
mls_2026,2026-08-20,,Minnesota United,Atlanta United,1,2,Atlanta United,away,47,10,3,4,6,4,3,0.95,2,1,1,423,329,77.8,59,27,46,10,2,20,11,8,73,55,62,35,56,36,19,53,14,14,57,13,3,2,4,11,11,13,27,18,50,9,0,1,3,3,,2,0.61,,,95,61,64,50,14,,55,17,69,59,38,24,0.93
mls_2026,2026-08-20,,Minnesota United,Atlanta United,1,2,Minnesota United,home,53,13,4,9,11,2,0,2.11,6,1,5,475,375,78.9,68,30,44,22,6,27,15,4,27,45,62,27,44,36,17,47,12,12,50,13,4,4,6,21,4,13,6,4,49,3,2,1,1,1,,0,-0.17,,,163,104,64,87,24,,57,24,60,41,51,35,2.0
mls_2026,2026-08-20,,Portland Timbers,San Diego FC,3,1,Portland Timbers,home,30,11,5,5,6,5,1,1.59,3,1,2,322,268,83.2,43,21,49,6,1,17,14,9,64,51,73,35,48,16,10,63,16,16,56,15,2,3,0,13,9,11,34,12,53,14,1,1,5,5,2,1,0.28,,0,71,49,69,35,17,3,66,22,74,50,37,28,1.6
mls_2026,2026-08-20,,Portland Timbers,San Diego FC,3,1,San Diego FC,away,70,21,6,6,13,8,9,1.41,1,0,1,740,678,91.6,42,26,62,28,4,14,13,6,46,49,73,38,52,16,6,38,19,19,84,11,1,1,7,14,6,15,6,3,47,9,0,0,2,2,0,0,-1.21,,2,244,203,83,83,45,2,105,33,76,40,64,27,1.41
mls_2026,2026-08-20,,Real Salt Lake,FC Dallas,3,4,FC Dallas,away,41,13,5,7,7,6,1,1.54,2,1,1,408,320,78.4,48,18,38,6,2,33,12,5,42,47,54,27,50,20,8,40,12,12,58,13,3,1,3,16,13,11,31,18,50,2,0,,4,4,1,3,-0.32,,0,123,78,63,52,24,2,80,22,75,55,31,23,1.92
mls_2026,2026-08-20,,Real Salt Lake,FC Dallas,3,4,Real Salt Lake,home,59,14,7,5,9,5,2,1.45,6,2,4,571,484,84.8,43,17,40,26,7,27,10,6,60,53,54,27,50,20,12,60,9,9,89,11,3,0,6,11,11,13,20,10,51,8,0,,1,1,0,0,-1.81,,1,195,146,75,63,28,3,83,25,72,40,50,35,1.67
mls_2026,2026-08-20,,Seattle Sounders FC,Austin FC,1,2,Austin FC,away,54,12,7,4,7,5,1,1.12,3,1,2,561,486,86.6,50,28,56,15,5,33,7,3,43,53,48,26,54,20,10,50,13,13,77,9,0,1,5,14,9,10,36,10,42,7,1,,6,6,2,0,0.49,,2,114,88,77,53,20,1,74,26,73,42,41,32,1.18
mls_2026,2026-08-20,,Seattle Sounders FC,Austin FC,1,2,Seattle Sounders FC,home,46,19,7,6,12,7,6,1.23,2,1,1,454,382,84.1,23,10,43,29,3,10,8,2,25,47,48,22,46,20,10,50,11,11,64,10,1,0,7,18,5,9,14,13,45,7,0,,5,5,1,1,-0.69,,0,160,112,70,56,22,5,77,23,47,30,50,47,1.28
mls_2026,2026-08-20,,Sporting Kansas City,St.Louis City,1,1,Sporting Kansas City,home,49,18,3,5,11,7,10,1.3,3,1,2,465,404,86.9,41,21,51,25,5,20,14,5,36,50,62,32,52,18,8,44,17,17,59,12,2,0,9,16,4,11,17,7,46,4,0,1,1,1,,,-0.1,,,159,128,81,53,33,1,101,28,66,34,58,38,1.3
mls_2026,2026-08-20,,Sporting Kansas City,St.Louis City,1,1,St.Louis City,away,51,7,2,3,2,5,2,0.52,1,0,1,514,453,88.1,33,17,52,4,1,25,18,5,28,50,62,30,48,18,10,56,13,13,69,11,2,1,2,13,8,12,29,9,37,4,2,1,2,2,,,0.27,,,114,86,75,48,12,2,82,29,86,54,39,17,0.52
mls_2026,2026-08-20,,Vancouver Whitecaps,Houston Dynamo,0,1,Houston Dynamo,away,36,9,5,1,6,3,3,0.66,2,,2,355,288,81.1,50,16,32,4,0,0,25,12,48,53,83,40,48,22,16,73,16,16,69,12,2,2,2,21,19,13,53,10,44,11,0,0,1,1,0,1,0.03,,1,49,32,65,25,15,0,58,16,99,71,23,13,0.55
mls_2026,2026-08-20,,Vancouver Whitecaps,Houston Dynamo,0,1,Vancouver Whitecaps,home,64,17,1,9,12,5,7,1.42,2,,2,582,507,87.1,33,21,64,46,8,17,17,8,47,47,83,43,52,22,6,27,24,24,38,13,1,0,8,22,2,12,10,10,50,7,1,2,3,3,2,1,-0.18,,1,280,224,80,92,36,5,149,38,68,18,114,44,1.32
mls_2026,2026-08-22,,CF Montréal,LA Galaxy,2,2,CF Montréal,home,58,15,6,9,10,5,0,1.92,4,1,3,549,475,86.5,49,32,65,33,11,33,8,3,38,48,48,24,50,15,6,40,14,14,64,9,2,3,6,21,1,8,10,5,52,5,0,0,3,3,2,1,-0.61,,0,194,145,75,84,29,3,96,21,61,24,69,55,1.83
mls_2026,2026-08-22,,CF Montréal,LA Galaxy,2,2,LA Galaxy,away,42,9,5,2,8,1,2,1.21,3,1,2,417,342,82.0,51,21,41,9,3,33,12,5,42,52,48,24,50,15,9,60,10,10,70,8,0,3,5,15,12,9,31,12,47,7,0,1,4,4,1,2,1.16,,1,77,46,60,40,17,0,66,17,73,59,34,24,1.31
mls_2026,2026-08-22,,Charlotte FC,DC United,3,1,Charlotte FC,home,61,11,5,3,9,2,3,1.81,5,2,3,496,413,83.3,77,46,60,6,3,50,12,7,58,49,52,24,46,25,14,56,7,7,71,15,2,4,4,20,11,11,19,7,41,7,0,,4,4,,2,0.31,,,119,76,64,70,23,3,119,26,110,46,43,28,1.9
mls_2026,2026-08-22,,Charlotte FC,DC United,3,1,DC United,away,39,17,5,7,11,6,5,1.27,2,0,2,310,236,76.1,46,14,30,17,2,12,4,1,25,51,52,28,54,25,11,44,12,12,75,11,3,1,9,16,6,15,27,7,44,4,0,,2,2,,0,-0.38,,,105,63,60,43,24,1,86,17,94,51,52,32,1.29
mls_2026,2026-08-22,,FC Cincinnati,Seattle Sounders FC,1,1,FC Cincinnati,home,70,17,9,5,11,6,3,1.38,7,1,6,692,627,90.6,43,26,60,18,2,11,25,15,60,59,64,39,61,27,15,56,12,12,50,7,1,2,9,24,6,14,8,5,33,7,0,1,2,2,,0,-0.12,,,188,150,80,74,43,2,76,40,59,33,45,27,1.51
mls_2026,2026-08-22,,FC Cincinnati,Seattle Sounders FC,1,1,Seattle Sounders FC,away,30,10,3,4,7,3,3,1.38,3,1,2,285,241,84.6,36,12,33,15,3,20,8,2,25,41,64,25,39,27,12,44,17,17,59,14,2,1,4,2,12,7,25,8,38,6,0,0,7,7,,2,1.22,,,62,46,74,34,14,3,38,32,38,46,21,22,1.43
mls_2026,2026-08-22,,Inter Miami CF,Toronto FC,1,2,Inter Miami CF,home,62,10,3,5,7,3,2,1.78,4,1,3,605,544,89.9,38,26,68,13,4,31,7,2,29,38,59,23,39,15,5,33,13,13,69,15,2,1,3,14,4,8,17,6,53,9,0,2,0,0,,0,-1.37,,1,144,105,73,54,28,1,125,29,107,46,71,25,1.83
mls_2026,2026-08-22,,Inter Miami CF,Toronto FC,1,2,Toronto FC,away,38,7,3,1,3,4,3,0.6,2,1,1,367,301,82.0,55,22,40,14,1,7,11,7,64,62,59,36,61,15,10,67,14,14,71,8,1,3,2,10,14,15,15,9,52,9,0,0,2,2,,1,-0.34,,0,105,70,67,50,12,4,88,21,85,50,53,29,0.51
mls_2026,2026-08-22,,New York Red Bulls,Chicago Fire,1,1,Chicago Fire,away,52,10,5,3,8,2,2,0.96,1,0,1,543,477,87.8,41,25,61,10,4,40,10,3,30,45,69,31,45,7,3,43,18,18,39,10,2,2,2,21,5,10,16,14,52,12,0,,5,5,,1,0.07,,2,105,81,77,34,21,1,73,19,89,61,32,20,0.89
mls_2026,2026-08-22,,New York Red Bulls,Chicago Fire,1,1,New York Red Bulls,home,48,11,6,2,2,9,3,0.63,1,1,0,507,450,88.8,17,11,65,12,3,25,18,9,50,55,69,38,55,7,4,57,19,19,63,10,1,2,3,14,6,10,12,13,51,9,0,,4,4,,0,0.03,,0,170,138,81,40,16,2,76,26,61,38,44,36,0.6
mls_2026,2026-08-22,,Orlando City SC,Real Salt Lake,2,1,Orlando City SC,home,62,11,3,4,11,0,4,1.77,4,2,2,584,523,89.6,27,12,44,23,5,22,19,11,58,50,67,34,51,13,6,46,10,10,40,12,1,1,5,15,6,14,13,2,33,10,1,1,2,2,2,0,-0.37,,,217,170,78,76,37,5,59,19,52,43,48,38,1.99
mls_2026,2026-08-22,,Orlando City SC,Real Salt Lake,2,1,Real Salt Lake,away,38,8,3,4,2,6,1,0.5,2,1,1,363,310,85.4,47,25,53,13,5,38,9,3,33,50,67,33,49,13,7,54,18,18,67,14,3,7,4,10,12,12,27,12,36,4,0,0,1,1,0,1,0.14,,,83,62,75,38,13,1,51,15,61,54,35,31,0.52
mls_2026,2026-08-23,,Atlanta United,Sporting Kansas City,2,1,Atlanta United,home,49,8,4,3,7,1,1,1.8,2,2,0,524,446,85.1,59,30,51,5,3,60,8,4,50,51,56,30,54,19,8,42,13,13,77,8,2,1,2,15,8,13,27,10,48,6,1,,0,0,0,,-0.43,,,103,76,74,40,11,1,64,10,76,65,38,25,1.89
mls_2026,2026-08-23,,Atlanta United,Sporting Kansas City,2,1,Sporting Kansas City,away,51,8,1,5,5,3,2,0.64,3,1,2,526,470,89.4,27,19,70,28,6,21,16,8,50,49,56,26,46,19,11,58,10,10,50,13,1,1,6,11,4,8,11,9,47,5,1,,2,2,1,,0.79,,,172,142,83,75,19,5,80,16,64,32,55,52,0.68
mls_2026,2026-08-23,,Austin FC,Philadelphia Union,1,1,Austin FC,home,56,12,6,3,10,2,3,1.6,3,1,2,479,403,84.1,57,35,61,26,6,23,19,9,47,51,60,31,52,24,12,50,11,11,73,8,1,2,6,15,7,13,23,6,49,4,1,,2,2,1,2,0.08,,0,122,90,74,58,26,1,82,27,72,42,45,31,1.27
mls_2026,2026-08-23,,Austin FC,Philadelphia Union,1,1,Philadelphia Union,away,44,9,3,4,6,3,2,1.05,2,1,1,384,319,83.1,50,20,40,22,5,23,14,7,50,49,60,29,48,24,12,50,14,14,64,13,2,1,6,18,3,8,28,18,47,4,1,,5,5,0,0,0.32,,2,120,80,67,54,28,0,98,35,71,34,48,31,0.99
mls_2026,2026-08-23,,Los Angeles FC,Portland Timbers,1,1,Los Angeles FC,home,61,33,12,12,21,12,9,2.3,2,0,2,630,558,88.6,42,29,69,40,12,30,9,4,44,64,54,34,63,19,13,68,15,15,53,10,2,0,12,17,6,15,7,4,51,3,1,1,1,1,0,,-0.15,,1,255,201,79,93,51,5,,,,,,,2.32
mls_2026,2026-08-23,,Los Angeles FC,Portland Timbers,1,1,Portland Timbers,away,39,8,2,5,2,6,1,0.89,1,1,0,415,362,87.2,38,17,45,5,0,0,9,3,33,36,54,20,37,19,6,32,8,8,88,15,3,3,0,10,17,10,43,14,51,9,0,1,11,11,2,,1.37,,2,60,43,72,35,6,1,,,,,,,0.89
mls_2026,2026-08-23,,Nashville SC,Columbus Crew,3,2,Columbus Crew,away,42,3,2,0,2,1,1,0.3,1,1,0,425,360,84.7,51,19,37,4,0,0,7,2,29,48,52,25,48,13,6,46,16,16,75,7,1,2,1,15,6,8,18,9,40,11,0,0,4,4,,1,-1.21,,,113,78,69,43,9,1,77,22,72,41,37,37,0.38
mls_2026,2026-08-23,,Nashville SC,Columbus Crew,3,2,Nashville SC,home,58,13,7,2,8,5,4,0.67,2,1,1,567,505,89.1,40,26,65,14,4,29,9,4,44,52,52,27,52,13,7,54,16,16,63,8,1,1,8,21,1,7,15,6,44,11,0,1,0,0,,1,-1.33,,,178,143,80,74,21,1,80,25,62,33,49,42,0.78
mls_2026,2026-08-23,,New England Revolution,New York City FC,1,1,New England Revolution,home,52,10,6,3,8,2,1,2.32,5,1,4,503,440,87.5,54,28,52,15,4,27,13,5,38,48,52,26,50,12,5,42,9,9,33,6,1,2,6,22,5,11,9,8,37,5,0,,4,4,1,1,0.4,,1,173,131,76,86,24,3,83,25,56,35,47,40,2.32
mls_2026,2026-08-23,,New England Revolution,New York City FC,1,1,New York City FC,away,48,12,5,4,8,4,3,1.38,3,1,2,466,394,84.5,50,14,28,7,2,29,17,8,47,52,52,26,50,12,7,58,13,13,69,12,1,1,4,17,8,6,15,7,41,0,1,,4,4,0,1,1.14,,0,98,64,65,42,27,0,61,24,61,53,32,23,1.38
mls_2026,2026-08-23,,San Diego FC,Colorado Rapids,3,0,Colorado Rapids,away,51,8,2,4,5,3,2,0.47,0,0,0,518,443,85.5,44,17,39,15,3,20,20,8,40,45,92,41,45,7,4,57,20,20,80,21,3,2,3,21,7,13,12,15,46,11,0,0,1,1,0,0,-1.04,1,0,114,75,66,52,21,2,89,18,85,53,51,29,0.43
mls_2026,2026-08-23,,San Diego FC,Colorado Rapids,3,0,San Diego FC,home,49,6,4,1,6,0,1,1.33,4,2,2,507,419,82.6,61,25,41,5,1,20,16,7,44,55,92,51,55,7,3,43,23,23,26,13,0,6,2,25,6,21,22,6,50,11,0,1,2,2,1,2,0.42,0,1,82,53,65,43,15,0,79,18,87,57,37,25,1.19
mls_2026,2026-08-23,,San Jose Earthquakes,Minnesota United,1,5,Minnesota United,away,42,11,7,4,10,1,1,2.0,6,2,4,355,262,73.8,57,19,33,8,2,25,16,7,44,50,81,44,54,32,12,38,23,23,57,15,0,3,3,25,8,14,18,8,56,8,0,2,5,5,3,3,1.18,0,0,109,57,52,59,27,3,72,22,73,46,37,32,1.97
mls_2026,2026-08-23,,San Jose Earthquakes,Minnesota United,1,5,San Jose Earthquakes,home,58,11,6,3,7,4,2,1.84,4,1,3,496,394,79.4,69,33,48,16,3,19,16,7,44,50,81,37,46,32,20,63,17,17,82,14,1,0,3,25,6,14,26,7,51,14,0,0,1,1,0,0,-2.37,1,1,123,81,66,56,21,4,71,20,65,52,35,28,1.72
mls_2026,2026-08-23,,St.Louis City,Houston Dynamo,2,1,Houston Dynamo,away,53,18,4,8,10,8,6,1.66,2,1,1,480,417,86.9,39,19,49,20,5,25,12,7,58,55,69,37,54,18,11,61,14,14,64,10,3,4,5,13,7,18,11,8,42,12,1,0,2,2,1,0,-0.99,,0,162,134,83,72,24,1,70,28,61,40,42,32,1.23
mls_2026,2026-08-23,,St.Louis City,Houston Dynamo,2,1,St.Louis City,home,47,9,4,3,7,2,2,1.65,2,1,1,434,382,88.0,41,20,49,6,2,33,11,5,45,45,69,32,46,18,7,39,17,17,41,18,4,1,1,14,7,10,22,9,43,8,0,1,3,3,1,1,0.63,,1,129,104,81,54,27,1,61,28,64,49,27,23,1.2
mls_2026,2026-08-23,,Vancouver Whitecaps,FC Dallas,5,0,FC Dallas,away,36,6,1,3,4,2,2,0.59,1,0,1,369,281,76.2,46,18,39,10,2,20,23,11,48,47,85,38,45,10,7,70,16,16,44,9,4,2,3,10,7,12,26,15,63,17,2,1,5,5,0,,-1.82,,,82,46,56,43,15,2,80,19,76,48,46,33,0.62
mls_2026,2026-08-23,,Vancouver Whitecaps,FC Dallas,5,0,Vancouver Whitecaps,home,64,17,10,5,15,2,2,1.37,4,3,1,670,575,85.8,75,41,55,21,4,19,17,9,53,53,85,47,55,10,3,30,29,29,55,12,1,1,9,14,4,9,14,11,75,8,0,0,1,1,1,,0.05,,,186,131,70,73,45,0,99,15,90,47,66,38,1.11
mls_2026,2026-08-29,,Atlanta United,Charlotte FC,0,2,Atlanta United,home,59,18,3,4,6,12,11,0.86,0,0,0,608,561,92.3,32,16,50,29,2,7,11,8,73,53,53,29,55,13,6,46,18,18,78,8,1,1,11,7,5,5,25,7,46,6,0,,3,3,,1,-0.27,,2,165,143,87,58,23,1,62,25,60,46,43,29,0.82
mls_2026,2026-08-29,,Atlanta United,Charlotte FC,0,2,Charlotte FC,away,41,12,5,3,9,3,4,1.59,4,1,3,430,377,87.7,49,28,57,17,1,6,18,8,44,47,53,24,45,13,7,54,9,9,56,5,1,2,7,18,5,8,24,3,42,8,0,,3,3,,1,0.11,,0,113,89,79,52,35,1,53,22,57,48,46,30,1.61
mls_2026,2026-08-29,,DC United,Los Angeles FC,0,0,DC United,home,39,14,4,7,8,6,3,1.23,3,,3,401,322,80.3,40,11,28,19,4,21,17,11,65,51,66,35,53,22,10,45,18,18,61,11,,1,5,12,9,6,20,7,52,7,0,0,1,1,0,1,0.16,,0,130,94,72,44,17,0,,,,,,,1.14
mls_2026,2026-08-29,,DC United,Los Angeles FC,0,0,Los Angeles FC,away,61,19,1,9,12,7,9,1.8,3,,3,640,564,88.1,35,20,57,20,4,20,16,9,56,49,66,31,47,22,12,55,13,13,62,6,,2,8,12,10,11,20,6,54,11,0,1,4,4,2,2,1.05,,3,211,170,81,91,35,4,,,,,,,1.26
mls_2026,2026-08-29,,Inter Miami CF,CF Montréal,7,1,CF Montréal,away,43,10,5,3,8,2,2,0.92,1,0,1,435,385,88.5,27,18,67,18,5,28,19,9,47,39,68,26,38,9,4,44,7,7,71,11,2,,6,11,5,10,15,14,41,12,0,0,5,5,1,0,-3.0,1,,137,104,76,61,27,2,76,27,63,41,47,32,0.87
mls_2026,2026-08-29,,Inter Miami CF,CF Montréal,7,1,Inter Miami CF,home,57,20,11,4,13,7,5,3.04,7,4,3,572,520,90.9,40,26,65,10,4,40,12,9,75,61,68,42,62,9,5,56,22,22,45,10,1,,6,7,5,11,21,5,47,4,2,3,3,3,0,1,-0.15,0,,131,110,84,69,25,2,69,19,76,48,34,33,3.04
mls_2026,2026-08-29,,New York Red Bulls,Philadelphia Union,1,3,New York Red Bulls,home,60,11,4,4,10,1,3,2.05,3,1,2,464,385,83.0,51,27,53,10,0,0,18,12,67,46,82,38,46,32,15,47,14,14,57,12,1,3,4,25,5,13,22,12,55,15,1,3,1,1,,3,-0.38,,,111,75,68,67,23,4,58,22,88,61,29,17,1.85
mls_2026,2026-08-29,,New York Red Bulls,Philadelphia Union,1,3,Philadelphia Union,away,40,18,7,5,13,5,6,2.53,3,1,2,308,214,69.5,65,30,46,16,3,19,17,11,65,54,82,44,54,32,17,53,21,21,67,13,2,4,7,17,7,12,16,18,52,8,0,1,3,3,,0,0.17,,,122,68,56,65,35,3,80,26,60,45,40,29,2.89
mls_2026,2026-08-29,,Seattle Sounders FC,Chicago Fire,2,2,Chicago Fire,away,56,20,11,3,13,7,6,1.85,1,1,0,585,514,87.9,42,24,57,22,6,27,17,9,53,50,60,30,50,10,5,50,12,12,75,9,0,0,7,25,6,9,21,15,49,9,1,,1,1,0,0,-1.48,,,154,117,76,61,44,2,72,20,74,46,50,34,1.84
mls_2026,2026-08-29,,Seattle Sounders FC,Chicago Fire,2,2,Seattle Sounders FC,home,44,11,3,5,7,4,3,0.81,2,1,1,454,375,82.6,46,17,37,16,4,25,9,5,56,50,60,30,50,10,5,50,17,17,65,9,1,1,4,8,5,9,34,13,61,8,0,,9,9,1,1,1.7,,,133,101,76,43,35,1,66,25,62,43,41,32,0.81
mls_2026,2026-08-29,,Toronto FC,New York City FC,1,1,New York City FC,away,59,6,2,3,5,1,1,0.39,1,0,1,555,494,89.0,42,21,50,6,1,17,12,6,50,44,59,30,51,20,5,25,15,15,67,13,3,3,2,13,8,10,18,6,44,4,0,,5,5,1,1,-0.2,,,85,51,60,53,13,1,52,28,49,60,21,12,0.37
mls_2026,2026-08-29,,Toronto FC,New York City FC,1,1,Toronto FC,home,41,14,6,5,8,6,3,0.76,1,1,0,370,317,85.7,49,35,71,20,6,30,15,6,40,56,59,29,49,20,15,75,10,10,90,10,3,2,7,17,3,13,9,10,39,6,0,,1,1,0,1,-0.46,,,101,75,74,45,22,2,55,22,41,38,32,40,0.73
mls_2026,2026-08-30,,Colorado Rapids,Real Salt Lake,1,0,Colorado Rapids,home,64,14,4,5,10,4,5,1.59,4,1,3,584,505,86.5,48,26,54,17,8,47,12,8,67,65,67,40,60,30,23,77,13,13,38,13,3,1,7,23,5,21,6,9,44,10,1,1,0,0,0,,0.0,,0,129,87,67,60,29,0,71,16,65,56,38,28,1.22
mls_2026,2026-08-30,,Colorado Rapids,Real Salt Lake,1,0,Real Salt Lake,away,36,4,0,2,1,3,2,0.14,0,0,0,333,244,73.3,58,15,26,3,1,33,4,1,25,35,67,27,40,30,7,23,14,14,71,21,5,2,1,23,10,13,18,12,41,10,0,1,3,3,1,,-0.26,,1,53,23,43,33,1,2,47,21,53,64,23,15,0.08
mls_2026,2026-08-30,,Columbus Crew,New England Revolution,1,3,Columbus Crew,home,55,7,1,3,5,2,3,0.44,0,0,,554,482,87.0,55,26,47,13,5,38,7,2,29,41,58,23,40,18,8,44,14,14,57,10,1,1,5,19,14,7,12,12,31,9,0,,8,8,1,1,-0.85,,1,140,115,82,39,20,1,84,33,80,46,38,21,0.44
mls_2026,2026-08-30,,Columbus Crew,New England Revolution,1,3,New England Revolution,away,45,21,11,10,12,9,0,1.35,1,1,,460,406,88.3,30,14,47,13,4,31,17,11,65,59,58,35,60,18,10,56,14,14,57,7,1,4,5,8,6,10,16,16,46,8,0,,0,0,0,0,-0.81,,0,197,171,87,51,29,3,92,28,60,26,55,46,1.35
mls_2026,2026-08-30,,Houston Dynamo,San Jose Earthquakes,0,0,Houston Dynamo,home,42,10,0,6,5,5,4,0.7,1,,1,381,315,82.7,27,7,26,12,3,25,13,4,31,40,54,22,41,13,5,38,9,9,56,8,0,1,7,24,5,9,20,9,48,8,0,,4,4,1,0,1.28,,3,87,58,67,43,12,1,57,16,66,52,34,32,0.72
mls_2026,2026-08-30,,Houston Dynamo,San Jose Earthquakes,0,0,San Jose Earthquakes,away,58,11,4,1,7,4,6,1.33,2,,2,525,466,88.8,39,24,62,20,3,15,13,7,54,60,54,32,59,13,8,62,17,17,71,9,1,0,4,16,7,8,25,8,42,3,0,,0,0,0,1,0.0,,1,119,91,76,50,22,1,71,18,63,55,42,27,1.2
mls_2026,2026-08-30,,Minnesota United,Orlando City SC,3,3,Minnesota United,home,43,21,9,8,20,1,4,3.64,4,2,2,411,353,85.9,38,21,55,31,10,32,12,3,25,49,61,28,46,18,11,61,15,15,53,13,2,4,8,15,5,10,11,9,61,7,0,0,2,2,0,0,-0.22,0,,165,121,73,71,36,3,63,35,43,27,43,38,3.71
mls_2026,2026-08-30,,Minnesota United,Orlando City SC,3,3,Orlando City SC,away,57,6,5,1,4,2,1,1.09,2,2,1,571,480,84.1,51,20,39,2,0,0,11,5,45,51,61,33,54,18,7,39,16,16,56,10,2,1,1,15,11,13,30,10,47,9,0,1,6,6,1,1,0.44,1,,115,82,71,47,15,1,56,28,61,48,24,24,1.09
mls_2026,2026-08-30,,Nashville SC,FC Cincinnati,4,0,FC Cincinnati,away,48,15,8,5,9,6,2,1.93,5,0,5,383,333,86.9,56,39,70,15,5,33,13,4,31,47,71,34,48,14,6,43,17,17,53,9,2,0,4,15,7,14,16,5,41,4,1,1,4,4,,0,-1.17,,0,103,78,76,58,22,2,68,20,61,59,31,21,1.89
mls_2026,2026-08-30,,Nashville SC,FC Cincinnati,4,0,Nashville SC,home,52,19,7,5,12,7,7,1.8,5,3,2,408,358,87.7,47,30,64,16,3,19,24,15,63,53,71,37,52,14,8,57,13,13,62,14,3,4,6,13,6,9,10,8,49,8,0,0,6,6,,1,0.79,,1,120,98,82,42,30,1,65,20,58,39,43,41,2.04
mls_2026,2026-08-30,,Portland Timbers,Austin FC,1,2,Austin FC,away,50,10,3,3,5,5,4,1.18,3,2,1,509,426,83.7,56,26,46,11,2,18,9,2,22,41,59,25,42,24,9,38,16,16,56,14,4,1,3,16,4,9,31,10,51,10,0,0,4,4,,3,0.15,,,94,64,68,44,14,0,71,15,87,57,40,28,1.2
mls_2026,2026-08-30,,Portland Timbers,Austin FC,1,2,Portland Timbers,home,50,13,5,4,7,6,4,2.03,4,1,3,499,428,85.8,29,17,59,25,3,12,14,6,43,59,59,34,58,24,15,63,17,17,82,9,1,3,6,10,5,13,16,12,51,8,1,1,1,1,,0,-0.49,,,164,123,75,82,20,7,66,12,54,29,52,59,1.5
mls_2026,2026-08-30,,San Diego FC,LA Galaxy,3,1,LA Galaxy,away,56,17,7,5,5,12,5,0.84,1,1,1,531,476,89.6,26,12,46,18,1,6,12,5,42,47,56,25,45,8,5,63,10,10,60,14,2,4,7,7,8,10,9,6,51,5,0,1,3,3,2,1,-0.19,,1,141,114,81,44,29,0,60,29,71,39,48,32,0.91
mls_2026,2026-08-30,,San Diego FC,LA Galaxy,3,1,San Diego FC,home,44,20,7,5,13,7,8,2.76,4,3,1,408,351,86.0,42,19,45,10,3,30,9,5,56,53,56,31,55,8,3,38,12,12,50,10,5,1,7,18,9,14,22,8,43,6,0,1,6,6,1,0,0.21,,0,97,69,71,44,32,5,59,17,63,48,40,35,2.41
mls_2026,2026-08-30,,Sporting Kansas City,Vancouver Whitecaps,0,3,Sporting Kansas City,home,44,7,0,2,4,3,5,0.38,1,0,1,366,304,83.1,39,17,44,19,3,16,21,13,62,52,73,41,56,16,5,31,8,8,75,15,2,1,1,12,7,20,22,13,39,5,0,,3,3,1,,0.1,,1,66,49,74,27,20,4,60,32,63,41,40,27,0.37
mls_2026,2026-08-30,,Sporting Kansas City,Vancouver Whitecaps,0,3,Vancouver Whitecaps,away,56,16,6,8,14,2,2,2.97,4,3,1,476,413,86.8,42,19,45,14,6,43,6,4,67,48,73,32,44,16,11,69,13,13,54,20,2,0,4,19,7,14,18,6,28,6,3,,0,0,0,,0.0,,0,112,82,73,42,34,3,70,23,74,45,51,32,2.57
mls_2026,2026-08-30,,St.Louis City,FC Dallas,3,3,FC Dallas,away,47,12,7,3,9,3,2,0.98,3,2,1,454,367,80.8,39,17,44,16,3,19,13,5,38,52,68,32,47,32,20,63,20,20,55,15,2,0,3,27,8,8,20,4,53,9,0,2,2,2,,,-0.5,,,140,97,69,64,27,2,89,35,84,38,30,27,0.79
mls_2026,2026-08-30,,St.Louis City,FC Dallas,3,3,St.Louis City,home,53,10,5,2,8,2,3,1.85,2,2,1,506,422,83.4,56,26,46,15,1,0,13,5,38,48,68,36,53,32,12,38,17,17,41,8,1,1,6,11,5,15,36,12,62,12,0,0,4,4,,,-0.8,,,142,105,74,57,28,3,87,28,78,42,34,30,1.77
